"isono","year","sexno","ageno","eduno","podr"
4,2010,0,0,0,0.043
4,2015,0,0,0,0.041
4,2020,0,0,0,0.041
4,2025,0,0,0,0.04
4,2030,0,0,0,0.041
4,2035,0,0,0,0.041
4,2040,0,0,0,0.043
4,2045,0,0,0,0.045
4,2050,0,0,0,0.049
4,2055,0,0,0,0.052
4,2060,0,0,0,0.058
4,2065,0,0,0,0.065
4,2070,0,0,0,0.072
4,2075,0,0,0,0.078
4,2080,0,0,0,0.084
4,2085,0,0,0,0.091
4,2090,0,0,0,0.099
4,2095,0,0,0,0.108
8,2010,0,0,0,0.078
8,2015,0,0,0,0.082
8,2020,0,0,0,0.084
8,2025,0,0,0,0.089
8,2030,0,0,0,0.104
8,2035,0,0,0,0.117
8,2040,0,0,0,0.126
8,2045,0,0,0,0.133
8,2050,0,0,0,0.138
8,2055,0,0,0,0.139
8,2060,0,0,0,0.152
8,2065,0,0,0,0.173
8,2070,0,0,0,0.192
8,2075,0,0,0,0.204
8,2080,0,0,0,0.212
8,2085,0,0,0,0.213
8,2090,0,0,0,0.206
8,2095,0,0,0,0.198
12,2010,0,0,0,0.045
12,2015,0,0,0,0.045
12,2020,0,0,0,0.05
12,2025,0,0,0,0.056
12,2030,0,0,0,0.065
12,2035,0,0,0,0.076
12,2040,0,0,0,0.088
12,2045,0,0,0,0.099
12,2050,0,0,0,0.111
12,2055,0,0,0,0.126
12,2060,0,0,0,0.14
12,2065,0,0,0,0.151
12,2070,0,0,0,0.155
12,2075,0,0,0,0.15
12,2080,0,0,0,0.147
12,2085,0,0,0,0.147
12,2090,0,0,0,0.151
12,2095,0,0,0,0.157
24,2010,0,0,0,0.036
24,2015,0,0,0,0.036
24,2020,0,0,0,0.037
24,2025,0,0,0,0.037
24,2030,0,0,0,0.039
24,2035,0,0,0,0.042
24,2040,0,0,0,0.045
24,2045,0,0,0,0.05
24,2050,0,0,0,0.054
24,2055,0,0,0,0.06
24,2060,0,0,0,0.068
24,2065,0,0,0,0.078
24,2070,0,0,0,0.09
24,2075,0,0,0,0.098
24,2080,0,0,0,0.106
24,2085,0,0,0,0.116
24,2090,0,0,0,0.123
24,2095,0,0,0,0.13
31,2010,0,0,0,0.068
31,2015,0,0,0,0.061
31,2020,0,0,0,0.066
31,2025,0,0,0,0.084
31,2030,0,0,0,0.108
31,2035,0,0,0,0.123
31,2040,0,0,0,0.125
31,2045,0,0,0,0.124
31,2050,0,0,0,0.125
31,2055,0,0,0,0.134
31,2060,0,0,0,0.154
31,2065,0,0,0,0.172
31,2070,0,0,0,0.169
31,2075,0,0,0,0.154
31,2080,0,0,0,0.145
31,2085,0,0,0,0.152
31,2090,0,0,0,0.172
31,2095,0,0,0,0.187
32,2010,0,0,0,0.081
32,2015,0,0,0,0.081
32,2020,0,0,0,0.082
32,2025,0,0,0,0.084
32,2030,0,0,0,0.087
32,2035,0,0,0,0.09
32,2040,0,0,0,0.093
32,2045,0,0,0,0.095
32,2050,0,0,0,0.1
32,2055,0,0,0,0.109
32,2060,0,0,0,0.115
32,2065,0,0,0,0.119
32,2070,0,0,0,0.124
32,2075,0,0,0,0.128
32,2080,0,0,0,0.131
32,2085,0,0,0,0.131
32,2090,0,0,0,0.133
32,2095,0,0,0,0.134
36,2010,0,0,0,0.076
36,2015,0,0,0,0.074
36,2020,0,0,0,0.076
36,2025,0,0,0,0.083
36,2030,0,0,0,0.088
36,2035,0,0,0,0.093
36,2040,0,0,0,0.098
36,2045,0,0,0,0.101
36,2050,0,0,0,0.1
36,2055,0,0,0,0.102
36,2060,0,0,0,0.099
36,2065,0,0,0,0.1
36,2070,0,0,0,0.104
36,2075,0,0,0,0.109
36,2080,0,0,0,0.114
36,2085,0,0,0,0.115
36,2090,0,0,0,0.113
36,2095,0,0,0,0.114
40,2010,0,0,0,0.11
40,2015,0,0,0,0.114
40,2020,0,0,0,0.117
40,2025,0,0,0,0.12
40,2030,0,0,0,0.122
40,2035,0,0,0,0.129
40,2040,0,0,0,0.14
40,2045,0,0,0,0.154
40,2050,0,0,0,0.163
40,2055,0,0,0,0.163
40,2060,0,0,0,0.158
40,2065,0,0,0,0.156
40,2070,0,0,0,0.155
40,2075,0,0,0,0.158
40,2080,0,0,0,0.16
40,2085,0,0,0,0.159
40,2090,0,0,0,0.157
40,2095,0,0,0,0.152
44,2010,0,0,0,0.054
44,2015,0,0,0,0.062
44,2020,0,0,0,0.069
44,2025,0,0,0,0.079
44,2030,0,0,0,0.085
44,2035,0,0,0,0.1
44,2040,0,0,0,0.111
44,2045,0,0,0,0.118
44,2050,0,0,0,0.121
44,2055,0,0,0,0.122
44,2060,0,0,0,0.128
44,2065,0,0,0,0.134
44,2070,0,0,0,0.143
44,2075,0,0,0,0.15
44,2080,0,0,0,0.15
44,2085,0,0,0,0.147
44,2090,0,0,0,0.147
44,2095,0,0,0,0.147
48,2010,0,0,0,0.021
48,2015,0,0,0,0.019
48,2020,0,0,0,0.023
48,2025,0,0,0,0.033
48,2030,0,0,0,0.047
48,2035,0,0,0,0.06
48,2040,0,0,0,0.075
48,2045,0,0,0,0.088
48,2050,0,0,0,0.104
48,2055,0,0,0,0.123
48,2060,0,0,0,0.141
48,2065,0,0,0,0.145
48,2070,0,0,0,0.135
48,2075,0,0,0,0.129
48,2080,0,0,0,0.127
48,2085,0,0,0,0.127
48,2090,0,0,0,0.135
48,2095,0,0,0,0.148
50,2010,0,0,0,0.049
50,2015,0,0,0,0.049
50,2020,0,0,0,0.051
50,2025,0,0,0,0.056
50,2030,0,0,0,0.065
50,2035,0,0,0,0.079
50,2040,0,0,0,0.09
50,2045,0,0,0,0.1
50,2050,0,0,0,0.113
50,2055,0,0,0,0.126
50,2060,0,0,0,0.136
50,2065,0,0,0,0.145
50,2070,0,0,0,0.154
50,2075,0,0,0,0.161
50,2080,0,0,0,0.166
50,2085,0,0,0,0.166
50,2090,0,0,0,0.166
50,2095,0,0,0,0.168
51,2010,0,0,0,0.103
51,2015,0,0,0,0.091
51,2020,0,0,0,0.091
51,2025,0,0,0,0.103
51,2030,0,0,0,0.123
51,2035,0,0,0,0.14
51,2040,0,0,0,0.142
51,2045,0,0,0,0.136
51,2050,0,0,0,0.132
51,2055,0,0,0,0.136
51,2060,0,0,0,0.151
51,2065,0,0,0,0.171
51,2070,0,0,0,0.184
51,2075,0,0,0,0.179
51,2080,0,0,0,0.169
51,2085,0,0,0,0.165
51,2090,0,0,0,0.165
51,2095,0,0,0,0.161
52,2010,0,0,0,0.091
52,2015,0,0,0,0.087
52,2020,0,0,0,0.094
52,2025,0,0,0,0.105
52,2030,0,0,0,0.123
52,2035,0,0,0,0.142
52,2040,0,0,0,0.159
52,2045,0,0,0,0.168
52,2050,0,0,0,0.174
52,2055,0,0,0,0.174
52,2060,0,0,0,0.175
52,2065,0,0,0,0.178
52,2070,0,0,0,0.184
52,2075,0,0,0,0.191
52,2080,0,0,0,0.195
52,2085,0,0,0,0.19
52,2090,0,0,0,0.185
52,2095,0,0,0,0.181
56,2010,0,0,0,0.122
56,2015,0,0,0,0.116
56,2020,0,0,0,0.114
56,2025,0,0,0,0.118
56,2030,0,0,0,0.123
56,2035,0,0,0,0.129
56,2040,0,0,0,0.135
56,2045,0,0,0,0.138
56,2050,0,0,0,0.138
56,2055,0,0,0,0.135
56,2060,0,0,0,0.13
56,2065,0,0,0,0.127
56,2070,0,0,0,0.125
56,2075,0,0,0,0.125
56,2080,0,0,0,0.125
56,2085,0,0,0,0.124
56,2090,0,0,0,0.125
56,2095,0,0,0,0.126
64,2010,0,0,0,0.05
64,2015,0,0,0,0.049
64,2020,0,0,0,0.05
64,2025,0,0,0,0.055
64,2030,0,0,0,0.057
64,2035,0,0,0,0.061
64,2040,0,0,0,0.067
64,2045,0,0,0,0.073
64,2050,0,0,0,0.083
64,2055,0,0,0,0.097
64,2060,0,0,0,0.113
64,2065,0,0,0,0.126
64,2070,0,0,0,0.137
64,2075,0,0,0,0.142
64,2080,0,0,0,0.145
64,2085,0,0,0,0.147
64,2090,0,0,0,0.151
64,2095,0,0,0,0.155
68,2010,0,0,0,0.051
68,2015,0,0,0,0.052
68,2020,0,0,0,0.055
68,2025,0,0,0,0.058
68,2030,0,0,0,0.062
68,2035,0,0,0,0.067
68,2040,0,0,0,0.074
68,2045,0,0,0,0.081
68,2050,0,0,0,0.087
68,2055,0,0,0,0.095
68,2060,0,0,0,0.104
68,2065,0,0,0,0.114
68,2070,0,0,0,0.123
68,2075,0,0,0,0.132
68,2080,0,0,0,0.138
68,2085,0,0,0,0.142
68,2090,0,0,0,0.145
68,2095,0,0,0,0.147
70,2010,0,0,0,0.124
70,2015,0,0,0,0.119
70,2020,0,0,0,0.124
70,2025,0,0,0,0.137
70,2030,0,0,0,0.151
70,2035,0,0,0,0.166
70,2040,0,0,0,0.178
70,2045,0,0,0,0.184
70,2050,0,0,0,0.188
70,2055,0,0,0,0.193
70,2060,0,0,0,0.201
70,2065,0,0,0,0.214
70,2070,0,0,0,0.217
70,2075,0,0,0,0.213
70,2080,0,0,0,0.209
70,2085,0,0,0,0.198
70,2090,0,0,0,0.187
70,2095,0,0,0,0.183
72,2010,0,0,0,0.049
72,2015,0,0,0,0.055
72,2020,0,0,0,0.064
72,2025,0,0,0,0.067
72,2030,0,0,0,0.07
72,2035,0,0,0,0.072
72,2040,0,0,0,0.07
72,2045,0,0,0,0.076
72,2050,0,0,0,0.082
72,2055,0,0,0,0.09
72,2060,0,0,0,0.1
72,2065,0,0,0,0.109
72,2070,0,0,0,0.116
72,2075,0,0,0,0.123
72,2080,0,0,0,0.13
72,2085,0,0,0,0.136
72,2090,0,0,0,0.143
72,2095,0,0,0,0.148
76,2010,0,0,0,0.048
76,2015,0,0,0,0.05
76,2020,0,0,0,0.053
76,2025,0,0,0,0.058
76,2030,0,0,0,0.066
76,2035,0,0,0,0.076
76,2040,0,0,0,0.087
76,2045,0,0,0,0.097
76,2050,0,0,0,0.106
76,2055,0,0,0,0.116
76,2060,0,0,0,0.129
76,2065,0,0,0,0.14
76,2070,0,0,0,0.148
76,2075,0,0,0,0.153
76,2080,0,0,0,0.16
76,2085,0,0,0,0.166
76,2090,0,0,0,0.167
76,2095,0,0,0,0.166
84,2010,0,0,0,0.029
84,2015,0,0,0,0.028
84,2020,0,0,0,0.029
84,2025,0,0,0,0.031
84,2030,0,0,0,0.037
84,2035,0,0,0,0.047
84,2040,0,0,0,0.056
84,2045,0,0,0,0.065
84,2050,0,0,0,0.072
84,2055,0,0,0,0.077
84,2060,0,0,0,0.086
84,2065,0,0,0,0.095
84,2070,0,0,0,0.106
84,2075,0,0,0,0.117
84,2080,0,0,0,0.125
84,2085,0,0,0,0.13
84,2090,0,0,0,0.134
84,2095,0,0,0,0.136
90,2010,0,0,0,0.041
90,2015,0,0,0,0.042
90,2020,0,0,0,0.045
90,2025,0,0,0,0.049
90,2030,0,0,0,0.053
90,2035,0,0,0,0.059
90,2040,0,0,0,0.07
90,2045,0,0,0,0.079
90,2050,0,0,0,0.087
90,2055,0,0,0,0.092
90,2060,0,0,0,0.101
90,2065,0,0,0,0.107
90,2070,0,0,0,0.115
90,2075,0,0,0,0.126
90,2080,0,0,0,0.136
90,2085,0,0,0,0.143
90,2090,0,0,0,0.147
90,2095,0,0,0,0.15
96,2010,0,0,0,0.02
96,2015,0,0,0,0.02
96,2020,0,0,0,0.021
96,2025,0,0,0,0.025
96,2030,0,0,0,0.033
96,2035,0,0,0,0.041
96,2040,0,0,0,0.051
96,2045,0,0,0,0.06
96,2050,0,0,0,0.068
96,2055,0,0,0,0.079
96,2060,0,0,0,0.089
96,2065,0,0,0,0.097
96,2070,0,0,0,0.103
96,2075,0,0,0,0.109
96,2080,0,0,0,0.113
96,2085,0,0,0,0.116
96,2090,0,0,0,0.119
96,2095,0,0,0,0.124
100,2010,0,0,0,0.172
100,2015,0,0,0,0.175
100,2020,0,0,0,0.177
100,2025,0,0,0,0.18
100,2030,0,0,0,0.182
100,2035,0,0,0,0.184
100,2040,0,0,0,0.185
100,2045,0,0,0,0.19
100,2050,0,0,0,0.199
100,2055,0,0,0,0.208
100,2060,0,0,0,0.214
100,2065,0,0,0,0.218
100,2070,0,0,0,0.209
100,2075,0,0,0,0.195
100,2080,0,0,0,0.18
100,2085,0,0,0,0.175
100,2090,0,0,0,0.178
100,2095,0,0,0,0.179
104,2010,0,0,0,0.064
104,2015,0,0,0,0.077
104,2020,0,0,0,0.088
104,2025,0,0,0,0.105
104,2030,0,0,0,0.115
104,2035,0,0,0,0.134
104,2040,0,0,0,0.146
104,2045,0,0,0,0.161
104,2050,0,0,0,0.173
104,2055,0,0,0,0.184
104,2060,0,0,0,0.19
104,2065,0,0,0,0.193
104,2070,0,0,0,0.192
104,2075,0,0,0,0.19
104,2080,0,0,0,0.188
104,2085,0,0,0,0.186
104,2090,0,0,0,0.185
104,2095,0,0,0,0.183
108,2010,0,0,0,0.04
108,2015,0,0,0,0.042
108,2020,0,0,0,0.046
108,2025,0,0,0,0.048
108,2030,0,0,0,0.05
108,2035,0,0,0,0.051
108,2040,0,0,0,0.058
108,2045,0,0,0,0.066
108,2050,0,0,0,0.078
108,2055,0,0,0,0.093
108,2060,0,0,0,0.105
108,2065,0,0,0,0.112
108,2070,0,0,0,0.117
108,2075,0,0,0,0.121
108,2080,0,0,0,0.128
108,2085,0,0,0,0.137
108,2090,0,0,0,0.144
108,2095,0,0,0,0.149
112,2010,0,0,0,0.136
112,2015,0,0,0,0.128
112,2020,0,0,0,0.127
112,2025,0,0,0,0.136
112,2030,0,0,0,0.15
112,2035,0,0,0,0.161
112,2040,0,0,0,0.161
112,2045,0,0,0,0.162
112,2050,0,0,0,0.163
112,2055,0,0,0,0.169
112,2060,0,0,0,0.182
112,2065,0,0,0,0.195
112,2070,0,0,0,0.193
112,2075,0,0,0,0.182
112,2080,0,0,0,0.169
112,2085,0,0,0,0.161
112,2090,0,0,0,0.162
112,2095,0,0,0,0.168
116,2010,0,0,0,0.05
116,2015,0,0,0,0.055
116,2020,0,0,0,0.062
116,2025,0,0,0,0.071
116,2030,0,0,0,0.079
116,2035,0,0,0,0.087
116,2040,0,0,0,0.091
116,2045,0,0,0,0.087
116,2050,0,0,0,0.106
116,2055,0,0,0,0.12
116,2060,0,0,0,0.135
116,2065,0,0,0,0.15
116,2070,0,0,0,0.155
116,2075,0,0,0,0.155
116,2080,0,0,0,0.154
116,2085,0,0,0,0.155
116,2090,0,0,0,0.159
116,2095,0,0,0,0.163
120,2010,0,0,0,0.048
120,2015,0,0,0,0.047
120,2020,0,0,0,0.047
120,2025,0,0,0,0.049
120,2030,0,0,0,0.05
120,2035,0,0,0,0.054
120,2040,0,0,0,0.058
120,2045,0,0,0,0.066
120,2050,0,0,0,0.076
120,2055,0,0,0,0.084
120,2060,0,0,0,0.092
120,2065,0,0,0,0.1
120,2070,0,0,0,0.111
120,2075,0,0,0,0.12
120,2080,0,0,0,0.128
120,2085,0,0,0,0.134
120,2090,0,0,0,0.141
120,2095,0,0,0,0.144
124,2010,0,0,0,0.086
124,2015,0,0,0,0.087
124,2020,0,0,0,0.091
124,2025,0,0,0,0.1
124,2030,0,0,0,0.11
124,2035,0,0,0,0.119
124,2040,0,0,0,0.128
124,2045,0,0,0,0.129
124,2050,0,0,0,0.124
124,2055,0,0,0,0.118
124,2060,0,0,0,0.114
124,2065,0,0,0,0.113
124,2070,0,0,0,0.114
124,2075,0,0,0,0.119
124,2080,0,0,0,0.124
124,2085,0,0,0,0.123
124,2090,0,0,0,0.12
124,2095,0,0,0,0.119
132,2010,0,0,0,0.057
132,2015,0,0,0,0.045
132,2020,0,0,0,0.041
132,2025,0,0,0,0.044
132,2030,0,0,0,0.052
132,2035,0,0,0,0.066
132,2040,0,0,0,0.077
132,2045,0,0,0,0.083
132,2050,0,0,0,0.09
132,2055,0,0,0,0.102
132,2060,0,0,0,0.117
132,2065,0,0,0,0.134
132,2070,0,0,0,0.15
132,2075,0,0,0,0.158
132,2080,0,0,0,0.162
132,2085,0,0,0,0.162
132,2090,0,0,0,0.163
132,2095,0,0,0,0.163
140,2010,0,0,0,0.056
140,2015,0,0,0,0.054
140,2020,0,0,0,0.053
140,2025,0,0,0,0.053
140,2030,0,0,0,0.053
140,2035,0,0,0,0.055
140,2040,0,0,0,0.058
140,2045,0,0,0,0.068
140,2050,0,0,0,0.079
140,2055,0,0,0,0.087
140,2060,0,0,0,0.098
140,2065,0,0,0,0.109
140,2070,0,0,0,0.119
140,2075,0,0,0,0.129
140,2080,0,0,0,0.136
140,2085,0,0,0,0.141
140,2090,0,0,0,0.145
140,2095,0,0,0,0.149
144,2010,0,0,0,0.064
144,2015,0,0,0,0.07
144,2020,0,0,0,0.079
144,2025,0,0,0,0.087
144,2030,0,0,0,0.098
144,2035,0,0,0,0.106
144,2040,0,0,0,0.113
144,2045,0,0,0,0.118
144,2050,0,0,0,0.123
144,2055,0,0,0,0.132
144,2060,0,0,0,0.141
144,2065,0,0,0,0.144
144,2070,0,0,0,0.145
144,2075,0,0,0,0.143
144,2080,0,0,0,0.143
144,2085,0,0,0,0.149
144,2090,0,0,0,0.159
144,2095,0,0,0,0.164
148,2010,0,0,0,0.045
148,2015,0,0,0,0.044
148,2020,0,0,0,0.044
148,2025,0,0,0,0.043
148,2030,0,0,0,0.044
148,2035,0,0,0,0.045
148,2040,0,0,0,0.047
148,2045,0,0,0,0.052
148,2050,0,0,0,0.057
148,2055,0,0,0,0.062
148,2060,0,0,0,0.068
148,2065,0,0,0,0.076
148,2070,0,0,0,0.085
148,2075,0,0,0,0.094
148,2080,0,0,0,0.103
148,2085,0,0,0,0.11
148,2090,0,0,0,0.118
148,2095,0,0,0,0.125
152,2010,0,0,0,0.054
152,2015,0,0,0,0.057
152,2020,0,0,0,0.061
152,2025,0,0,0,0.067
152,2030,0,0,0,0.075
152,2035,0,0,0,0.086
152,2040,0,0,0,0.099
152,2045,0,0,0,0.11
152,2050,0,0,0,0.117
152,2055,0,0,0,0.122
152,2060,0,0,0,0.122
152,2065,0,0,0,0.126
152,2070,0,0,0,0.133
152,2075,0,0,0,0.144
152,2080,0,0,0,0.152
152,2085,0,0,0,0.155
152,2090,0,0,0,0.153
152,2095,0,0,0,0.152
156,2010,0,0,0,0.078
156,2015,0,0,0,0.082
156,2020,0,0,0,0.096
156,2025,0,0,0,0.111
156,2030,0,0,0,0.123
156,2035,0,0,0,0.14
156,2040,0,0,0,0.165
156,2045,0,0,0,0.185
156,2050,0,0,0,0.19
156,2055,0,0,0,0.19
156,2060,0,0,0,0.201
156,2065,0,0,0,0.217
156,2070,0,0,0,0.226
156,2075,0,0,0,0.231
156,2080,0,0,0,0.23
156,2085,0,0,0,0.227
156,2090,0,0,0,0.225
156,2095,0,0,0,0.22
170,2010,0,0,0,0.041
170,2015,0,0,0,0.044
170,2020,0,0,0,0.049
170,2025,0,0,0,0.056
170,2030,0,0,0,0.064
170,2035,0,0,0,0.073
170,2040,0,0,0,0.082
170,2045,0,0,0,0.09
170,2050,0,0,0,0.095
170,2055,0,0,0,0.101
170,2060,0,0,0,0.107
170,2065,0,0,0,0.112
170,2070,0,0,0,0.119
170,2075,0,0,0,0.125
170,2080,0,0,0,0.131
170,2085,0,0,0,0.135
170,2090,0,0,0,0.139
170,2095,0,0,0,0.141
174,2010,0,0,0,0.037
174,2015,0,0,0,0.041
174,2020,0,0,0,0.044
174,2025,0,0,0,0.05
174,2030,0,0,0,0.054
174,2035,0,0,0,0.06
174,2040,0,0,0,0.066
174,2045,0,0,0,0.077
174,2050,0,0,0,0.087
174,2055,0,0,0,0.089
174,2060,0,0,0,0.094
174,2065,0,0,0,0.103
174,2070,0,0,0,0.115
174,2075,0,0,0,0.13
174,2080,0,0,0,0.142
174,2085,0,0,0,0.147
174,2090,0,0,0,0.149
174,2095,0,0,0,0.15
175,2010,0,0,0,0.011
175,2015,0,0,0,0.01
175,2020,0,0,0,0.01
175,2025,0,0,0,0.012
175,2030,0,0,0,0.015
175,2035,0,0,0,0.017
175,2040,0,0,0,0.021
175,2045,0,0,0,0.025
175,2050,0,0,0,0.031
175,2055,0,0,0,0.041
175,2060,0,0,0,0.048
175,2065,0,0,0,0.053
175,2070,0,0,0,0.055
175,2075,0,0,0,0.055
175,2080,0,0,0,0.058
175,2085,0,0,0,0.063
175,2090,0,0,0,0.069
175,2095,0,0,0,0.086
178,2010,0,0,0,0.045
178,2015,0,0,0,0.043
178,2020,0,0,0,0.044
178,2025,0,0,0,0.044
178,2030,0,0,0,0.048
178,2035,0,0,0,0.054
178,2040,0,0,0,0.059
178,2045,0,0,0,0.068
178,2050,0,0,0,0.075
178,2055,0,0,0,0.083
178,2060,0,0,0,0.089
178,2065,0,0,0,0.096
178,2070,0,0,0,0.103
178,2075,0,0,0,0.112
178,2080,0,0,0,0.121
178,2085,0,0,0,0.127
178,2090,0,0,0,0.132
178,2095,0,0,0,0.136
180,2010,0,0,0,0.042
180,2015,0,0,0,0.04
180,2020,0,0,0,0.039
180,2025,0,0,0,0.039
180,2030,0,0,0,0.04
180,2035,0,0,0,0.043
180,2040,0,0,0,0.045
180,2045,0,0,0,0.05
180,2050,0,0,0,0.056
180,2055,0,0,0,0.062
180,2060,0,0,0,0.069
180,2065,0,0,0,0.078
180,2070,0,0,0,0.088
180,2075,0,0,0,0.097
180,2080,0,0,0,0.107
180,2085,0,0,0,0.116
180,2090,0,0,0,0.127
180,2095,0,0,0,0.133
188,2010,0,0,0,0.039
188,2015,0,0,0,0.041
188,2020,0,0,0,0.044
188,2025,0,0,0,0.049
188,2030,0,0,0,0.059
188,2035,0,0,0,0.07
188,2040,0,0,0,0.083
188,2045,0,0,0,0.092
188,2050,0,0,0,0.094
188,2055,0,0,0,0.099
188,2060,0,0,0,0.105
188,2065,0,0,0,0.114
188,2070,0,0,0,0.126
188,2075,0,0,0,0.134
188,2080,0,0,0,0.139
188,2085,0,0,0,0.143
188,2090,0,0,0,0.144
188,2095,0,0,0,0.145
191,2010,0,0,0,0.149
191,2015,0,0,0,0.143
191,2020,0,0,0,0.145
191,2025,0,0,0,0.153
191,2030,0,0,0,0.159
191,2035,0,0,0,0.166
191,2040,0,0,0,0.17
191,2045,0,0,0,0.171
191,2050,0,0,0,0.171
191,2055,0,0,0,0.175
191,2060,0,0,0,0.18
191,2065,0,0,0,0.184
191,2070,0,0,0,0.185
191,2075,0,0,0,0.185
191,2080,0,0,0,0.183
191,2085,0,0,0,0.177
191,2090,0,0,0,0.173
191,2095,0,0,0,0.172
192,2010,0,0,0,0.081
192,2015,0,0,0,0.086
192,2020,0,0,0,0.092
192,2025,0,0,0,0.102
192,2030,0,0,0,0.112
192,2035,0,0,0,0.122
192,2040,0,0,0,0.15
192,2045,0,0,0,0.181
192,2050,0,0,0,0.209
192,2055,0,0,0,0.221
192,2060,0,0,0,0.216
192,2065,0,0,0,0.211
192,2070,0,0,0,0.216
192,2075,0,0,0,0.221
192,2080,0,0,0,0.223
192,2085,0,0,0,0.227
192,2090,0,0,0,0.228
192,2095,0,0,0,0.222
196,2010,0,0,0,0.086
196,2015,0,0,0,0.084
196,2020,0,0,0,0.086
196,2025,0,0,0,0.089
196,2030,0,0,0,0.095
196,2035,0,0,0,0.102
196,2040,0,0,0,0.105
196,2045,0,0,0,0.108
196,2050,0,0,0,0.112
196,2055,0,0,0,0.117
196,2060,0,0,0,0.127
196,2065,0,0,0,0.14
196,2070,0,0,0,0.152
196,2075,0,0,0,0.159
196,2080,0,0,0,0.161
196,2085,0,0,0,0.157
196,2090,0,0,0,0.154
196,2095,0,0,0,0.154
203,2010,0,0,0,0.112
203,2015,0,0,0,0.114
203,2020,0,0,0,0.125
203,2025,0,0,0,0.134
203,2030,0,0,0,0.141
203,2035,0,0,0,0.14
203,2040,0,0,0,0.134
203,2045,0,0,0,0.134
203,2050,0,0,0,0.135
203,2055,0,0,0,0.15
203,2060,0,0,0,0.163
203,2065,0,0,0,0.165
203,2070,0,0,0,0.167
203,2075,0,0,0,0.165
203,2080,0,0,0,0.154
203,2085,0,0,0,0.143
203,2090,0,0,0,0.139
203,2095,0,0,0,0.143
204,2010,0,0,0,0.039
204,2015,0,0,0,0.038
204,2020,0,0,0,0.039
204,2025,0,0,0,0.039
204,2030,0,0,0,0.043
204,2035,0,0,0,0.046
204,2040,0,0,0,0.051
204,2045,0,0,0,0.057
204,2050,0,0,0,0.063
204,2055,0,0,0,0.07
204,2060,0,0,0,0.078
204,2065,0,0,0,0.085
204,2070,0,0,0,0.093
204,2075,0,0,0,0.102
204,2080,0,0,0,0.112
204,2085,0,0,0,0.12
204,2090,0,0,0,0.126
204,2095,0,0,0,0.133
208,2010,0,0,0,0.112
208,2015,0,0,0,0.115
208,2020,0,0,0,0.126
208,2025,0,0,0,0.129
208,2030,0,0,0,0.129
208,2035,0,0,0,0.129
208,2040,0,0,0,0.13
208,2045,0,0,0,0.132
208,2050,0,0,0,0.13
208,2055,0,0,0,0.126
208,2060,0,0,0,0.12
208,2065,0,0,0,0.114
208,2070,0,0,0,0.112
208,2075,0,0,0,0.115
208,2080,0,0,0,0.117
208,2085,0,0,0,0.118
208,2090,0,0,0,0.118
208,2095,0,0,0,0.118
214,2010,0,0,0,0.042
214,2015,0,0,0,0.043
214,2020,0,0,0,0.044
214,2025,0,0,0,0.048
214,2030,0,0,0,0.054
214,2035,0,0,0,0.061
214,2040,0,0,0,0.068
214,2045,0,0,0,0.075
214,2050,0,0,0,0.08
214,2055,0,0,0,0.085
214,2060,0,0,0,0.091
214,2065,0,0,0,0.097
214,2070,0,0,0,0.104
214,2075,0,0,0,0.112
214,2080,0,0,0,0.117
214,2085,0,0,0,0.123
214,2090,0,0,0,0.129
214,2095,0,0,0,0.133
218,2010,0,0,0,0.041
218,2015,0,0,0,0.043
218,2020,0,0,0,0.045
218,2025,0,0,0,0.05
218,2030,0,0,0,0.056
218,2035,0,0,0,0.063
218,2040,0,0,0,0.07
218,2045,0,0,0,0.077
218,2050,0,0,0,0.084
218,2055,0,0,0,0.092
218,2060,0,0,0,0.1
218,2065,0,0,0,0.108
218,2070,0,0,0,0.116
218,2075,0,0,0,0.122
218,2080,0,0,0,0.128
218,2085,0,0,0,0.133
218,2090,0,0,0,0.137
218,2095,0,0,0,0.141
222,2010,0,0,0,0.046
222,2015,0,0,0,0.049
222,2020,0,0,0,0.049
222,2025,0,0,0,0.051
222,2030,0,0,0,0.054
222,2035,0,0,0,0.059
222,2040,0,0,0,0.065
222,2045,0,0,0,0.073
222,2050,0,0,0,0.08
222,2055,0,0,0,0.087
222,2060,0,0,0,0.096
222,2065,0,0,0,0.106
222,2070,0,0,0,0.117
222,2075,0,0,0,0.13
222,2080,0,0,0,0.141
222,2085,0,0,0,0.144
222,2090,0,0,0,0.143
222,2095,0,0,0,0.142
226,2010,0,0,0,0.04
226,2015,0,0,0,0.041
226,2020,0,0,0,0.049
226,2025,0,0,0,0.062
226,2030,0,0,0,0.07
226,2035,0,0,0,0.074
226,2040,0,0,0,0.069
226,2045,0,0,0,0.065
226,2050,0,0,0,0.067
226,2055,0,0,0,0.074
226,2060,0,0,0,0.081
226,2065,0,0,0,0.089
226,2070,0,0,0,0.098
226,2075,0,0,0,0.108
226,2080,0,0,0,0.117
226,2085,0,0,0,0.126
226,2090,0,0,0,0.132
226,2095,0,0,0,0.139
231,2010,0,0,0,0.041
231,2015,0,0,0,0.042
231,2020,0,0,0,0.043
231,2025,0,0,0,0.043
231,2030,0,0,0,0.047
231,2035,0,0,0,0.05
231,2040,0,0,0,0.054
231,2045,0,0,0,0.06
231,2050,0,0,0,0.067
231,2055,0,0,0,0.075
231,2060,0,0,0,0.085
231,2065,0,0,0,0.095
231,2070,0,0,0,0.104
231,2075,0,0,0,0.11
231,2080,0,0,0,0.114
231,2085,0,0,0,0.12
231,2090,0,0,0,0.127
231,2095,0,0,0,0.133
232,2010,0,0,0,0.041
232,2015,0,0,0,0.037
232,2020,0,0,0,0.037
232,2025,0,0,0,0.034
232,2030,0,0,0,0.035
232,2035,0,0,0,0.04
232,2040,0,0,0,0.054
232,2045,0,0,0,0.067
232,2050,0,0,0,0.074
232,2055,0,0,0,0.08
232,2060,0,0,0,0.084
232,2065,0,0,0,0.086
232,2070,0,0,0,0.092
232,2075,0,0,0,0.101
232,2080,0,0,0,0.111
232,2085,0,0,0,0.119
232,2090,0,0,0,0.124
232,2095,0,0,0,0.127
233,2010,0,0,0,0.144
233,2015,0,0,0,0.14
233,2020,0,0,0,0.14
233,2025,0,0,0,0.144
233,2030,0,0,0,0.149
233,2035,0,0,0,0.152
233,2040,0,0,0,0.153
233,2045,0,0,0,0.153
233,2050,0,0,0,0.155
233,2055,0,0,0,0.159
233,2060,0,0,0,0.166
233,2065,0,0,0,0.178
233,2070,0,0,0,0.178
233,2075,0,0,0,0.167
233,2080,0,0,0,0.153
233,2085,0,0,0,0.146
233,2090,0,0,0,0.148
233,2095,0,0,0,0.151
242,2010,0,0,0,0.056
242,2015,0,0,0,0.062
242,2020,0,0,0,0.068
242,2025,0,0,0,0.078
242,2030,0,0,0,0.089
242,2035,0,0,0,0.098
242,2040,0,0,0,0.103
242,2045,0,0,0,0.108
242,2050,0,0,0,0.115
242,2055,0,0,0,0.125
242,2060,0,0,0,0.133
242,2065,0,0,0,0.139
242,2070,0,0,0,0.144
242,2075,0,0,0,0.146
242,2080,0,0,0,0.149
242,2085,0,0,0,0.155
242,2090,0,0,0,0.163
242,2095,0,0,0,0.166
246,2010,0,0,0,0.109
246,2015,0,0,0,0.108
246,2020,0,0,0,0.116
246,2025,0,0,0,0.132
246,2030,0,0,0,0.14
246,2035,0,0,0,0.142
246,2040,0,0,0,0.141
246,2045,0,0,0,0.138
246,2050,0,0,0,0.13
246,2055,0,0,0,0.123
246,2060,0,0,0,0.12
246,2065,0,0,0,0.119
246,2070,0,0,0,0.117
246,2075,0,0,0,0.119
246,2080,0,0,0,0.12
246,2085,0,0,0,0.118
246,2090,0,0,0,0.115
246,2095,0,0,0,0.113
250,2010,0,0,0,0.106
250,2015,0,0,0,0.102
250,2020,0,0,0,0.099
250,2025,0,0,0,0.107
250,2030,0,0,0,0.115
250,2035,0,0,0,0.121
250,2040,0,0,0,0.126
250,2045,0,0,0,0.128
250,2050,0,0,0,0.128
250,2055,0,0,0,0.128
250,2060,0,0,0,0.123
250,2065,0,0,0,0.12
250,2070,0,0,0,0.119
250,2075,0,0,0,0.119
250,2080,0,0,0,0.118
250,2085,0,0,0,0.116
250,2090,0,0,0,0.115
250,2095,0,0,0,0.116
254,2010,0,0,0,0.031
254,2015,0,0,0,0.034
254,2020,0,0,0,0.037
254,2025,0,0,0,0.045
254,2030,0,0,0,0.052
254,2035,0,0,0,0.057
254,2040,0,0,0,0.063
254,2045,0,0,0,0.07
254,2050,0,0,0,0.074
254,2055,0,0,0,0.074
254,2060,0,0,0,0.075
254,2065,0,0,0,0.078
254,2070,0,0,0,0.086
254,2075,0,0,0,0.095
254,2080,0,0,0,0.103
254,2085,0,0,0,0.112
254,2090,0,0,0,0.119
254,2095,0,0,0,0.125
258,2010,0,0,0,0.061
258,2015,0,0,0,0.06
258,2020,0,0,0,0.064
258,2025,0,0,0,0.072
258,2030,0,0,0,0.08
258,2035,0,0,0,0.091
258,2040,0,0,0,0.102
258,2045,0,0,0,0.109
258,2050,0,0,0,0.112
258,2055,0,0,0,0.114
258,2060,0,0,0,0.117
258,2065,0,0,0,0.126
258,2070,0,0,0,0.131
258,2075,0,0,0,0.137
258,2080,0,0,0,0.139
258,2085,0,0,0,0.136
258,2090,0,0,0,0.133
258,2095,0,0,0,0.133
262,2010,0,0,0,0.051
262,2015,0,0,0,0.052
262,2020,0,0,0,0.057
262,2025,0,0,0,0.06
262,2030,0,0,0,0.067
262,2035,0,0,0,0.071
262,2040,0,0,0,0.082
262,2045,0,0,0,0.093
262,2050,0,0,0,0.105
262,2055,0,0,0,0.116
262,2060,0,0,0,0.126
262,2065,0,0,0,0.135
262,2070,0,0,0,0.14
262,2075,0,0,0,0.144
262,2080,0,0,0,0.148
262,2085,0,0,0,0.151
262,2090,0,0,0,0.154
262,2095,0,0,0,0.156
266,2010,0,0,0,0.047
266,2015,0,0,0,0.047
266,2020,0,0,0,0.051
266,2025,0,0,0,0.055
266,2030,0,0,0,0.062
266,2035,0,0,0,0.067
266,2040,0,0,0,0.072
266,2045,0,0,0,0.079
266,2050,0,0,0,0.086
266,2055,0,0,0,0.095
266,2060,0,0,0,0.107
266,2065,0,0,0,0.119
266,2070,0,0,0,0.127
266,2075,0,0,0,0.135
266,2080,0,0,0,0.141
266,2085,0,0,0,0.145
266,2090,0,0,0,0.149
266,2095,0,0,0,0.152
268,2010,0,0,0,0.133
268,2015,0,0,0,0.126
268,2020,0,0,0,0.129
268,2025,0,0,0,0.14
268,2030,0,0,0,0.158
268,2035,0,0,0,0.178
268,2040,0,0,0,0.183
268,2045,0,0,0,0.186
268,2050,0,0,0,0.19
268,2055,0,0,0,0.195
268,2060,0,0,0,0.206
268,2065,0,0,0,0.223
268,2070,0,0,0,0.232
268,2075,0,0,0,0.222
268,2080,0,0,0,0.205
268,2085,0,0,0,0.193
268,2090,0,0,0,0.189
268,2095,0,0,0,0.191
270,2010,0,0,0,0.043
270,2015,0,0,0,0.042
270,2020,0,0,0,0.043
270,2025,0,0,0,0.045
270,2030,0,0,0,0.05
270,2035,0,0,0,0.056
270,2040,0,0,0,0.063
270,2045,0,0,0,0.074
270,2050,0,0,0,0.081
270,2055,0,0,0,0.088
270,2060,0,0,0,0.095
270,2065,0,0,0,0.102
270,2070,0,0,0,0.109
270,2075,0,0,0,0.117
270,2080,0,0,0,0.123
270,2085,0,0,0,0.127
270,2090,0,0,0,0.131
270,2095,0,0,0,0.135
275,2010,0,0,0,0.029
275,2015,0,0,0,0.031
275,2020,0,0,0,0.031
275,2025,0,0,0,0.031
275,2030,0,0,0,0.033
275,2035,0,0,0,0.037
275,2040,0,0,0,0.042
275,2045,0,0,0,0.046
275,2050,0,0,0,0.052
275,2055,0,0,0,0.059
275,2060,0,0,0,0.065
275,2065,0,0,0,0.073
275,2070,0,0,0,0.084
275,2075,0,0,0,0.094
275,2080,0,0,0,0.102
275,2085,0,0,0,0.11
275,2090,0,0,0,0.118
275,2095,0,0,0,0.125
276,2010,0,0,0,0.14
276,2015,0,0,0,0.144
276,2020,0,0,0,0.142
276,2025,0,0,0,0.142
276,2030,0,0,0,0.148
276,2035,0,0,0,0.157
276,2040,0,0,0,0.171
276,2045,0,0,0,0.187
276,2050,0,0,0,0.187
276,2055,0,0,0,0.177
276,2060,0,0,0,0.168
276,2065,0,0,0,0.162
276,2070,0,0,0,0.163
276,2075,0,0,0,0.161
276,2080,0,0,0,0.159
276,2085,0,0,0,0.158
276,2090,0,0,0,0.153
276,2095,0,0,0,0.15
288,2010,0,0,0,0.041
288,2015,0,0,0,0.043
288,2020,0,0,0,0.044
288,2025,0,0,0,0.046
288,2030,0,0,0,0.051
288,2035,0,0,0,0.055
288,2040,0,0,0,0.061
288,2045,0,0,0,0.067
288,2050,0,0,0,0.072
288,2055,0,0,0,0.078
288,2060,0,0,0,0.083
288,2065,0,0,0,0.088
288,2070,0,0,0,0.093
288,2075,0,0,0,0.099
288,2080,0,0,0,0.105
288,2085,0,0,0,0.112
288,2090,0,0,0,0.118
288,2095,0,0,0,0.123
300,2010,0,0,0,0.133
300,2015,0,0,0,0.127
300,2020,0,0,0,0.123
300,2025,0,0,0,0.126
300,2030,0,0,0,0.129
300,2035,0,0,0,0.136
300,2040,0,0,0,0.141
300,2045,0,0,0,0.15
300,2050,0,0,0,0.16
300,2055,0,0,0,0.168
300,2060,0,0,0,0.176
300,2065,0,0,0,0.177
300,2070,0,0,0,0.172
300,2075,0,0,0,0.163
300,2080,0,0,0,0.155
300,2085,0,0,0,0.149
300,2090,0,0,0,0.146
300,2095,0,0,0,0.148
308,2010,0,0,0,0.065
308,2015,0,0,0,0.059
308,2020,0,0,0,0.058
308,2025,0,0,0,0.062
308,2030,0,0,0,0.071
308,2035,0,0,0,0.087
308,2040,0,0,0,0.092
308,2045,0,0,0,0.095
308,2050,0,0,0,0.103
308,2055,0,0,0,0.114
308,2060,0,0,0,0.134
308,2065,0,0,0,0.157
308,2070,0,0,0,0.168
308,2075,0,0,0,0.171
308,2080,0,0,0,0.168
308,2085,0,0,0,0.163
308,2090,0,0,0,0.162
308,2095,0,0,0,0.164
312,2010,0,0,0,0.072
312,2015,0,0,0,0.073
312,2020,0,0,0,0.076
312,2025,0,0,0,0.083
312,2030,0,0,0,0.09
312,2035,0,0,0,0.098
312,2040,0,0,0,0.111
312,2045,0,0,0,0.123
312,2050,0,0,0,0.132
312,2055,0,0,0,0.134
312,2060,0,0,0,0.125
312,2065,0,0,0,0.115
312,2070,0,0,0,0.108
312,2075,0,0,0,0.106
312,2080,0,0,0,0.112
312,2085,0,0,0,0.117
312,2090,0,0,0,0.119
312,2095,0,0,0,0.119
316,2010,0,0,0,0.06
316,2015,0,0,0,0.063
316,2020,0,0,0,0.071
316,2025,0,0,0,0.079
316,2030,0,0,0,0.087
316,2035,0,0,0,0.096
316,2040,0,0,0,0.105
316,2045,0,0,0,0.11
316,2050,0,0,0,0.111
316,2055,0,0,0,0.11
316,2060,0,0,0,0.11
316,2065,0,0,0,0.113
316,2070,0,0,0,0.121
316,2075,0,0,0,0.13
316,2080,0,0,0,0.139
316,2085,0,0,0,0.146
316,2090,0,0,0,0.15
316,2095,0,0,0,0.152
320,2010,0,0,0,0.036
320,2015,0,0,0,0.036
320,2020,0,0,0,0.037
320,2025,0,0,0,0.038
320,2030,0,0,0,0.039
320,2035,0,0,0,0.04
320,2040,0,0,0,0.042
320,2045,0,0,0,0.046
320,2050,0,0,0,0.051
320,2055,0,0,0,0.058
320,2060,0,0,0,0.065
320,2065,0,0,0,0.073
320,2070,0,0,0,0.082
320,2075,0,0,0,0.09
320,2080,0,0,0,0.098
320,2085,0,0,0,0.108
320,2090,0,0,0,0.115
320,2095,0,0,0,0.121
324,2010,0,0,0,0.044
324,2015,0,0,0,0.044
324,2020,0,0,0,0.047
324,2025,0,0,0,0.048
324,2030,0,0,0,0.051
324,2035,0,0,0,0.055
324,2040,0,0,0,0.059
324,2045,0,0,0,0.065
324,2050,0,0,0,0.073
324,2055,0,0,0,0.079
324,2060,0,0,0,0.085
324,2065,0,0,0,0.095
324,2070,0,0,0,0.105
324,2075,0,0,0,0.115
324,2080,0,0,0,0.125
324,2085,0,0,0,0.133
324,2090,0,0,0,0.138
324,2095,0,0,0,0.141
328,2010,0,0,0,0.042
328,2015,0,0,0,0.047
328,2020,0,0,0,0.058
328,2025,0,0,0,0.068
328,2030,0,0,0,0.084
328,2035,0,0,0,0.099
328,2040,0,0,0,0.115
328,2045,0,0,0,0.128
328,2050,0,0,0,0.138
328,2055,0,0,0,0.145
328,2060,0,0,0,0.147
328,2065,0,0,0,0.151
328,2070,0,0,0,0.168
328,2075,0,0,0,0.19
328,2080,0,0,0,0.2
328,2085,0,0,0,0.193
328,2090,0,0,0,0.187
328,2095,0,0,0,0.18
332,2010,0,0,0,0.058
332,2015,0,0,0,0.058
332,2020,0,0,0,0.061
332,2025,0,0,0,0.063
332,2030,0,0,0,0.067
332,2035,0,0,0,0.07
332,2040,0,0,0,0.074
332,2045,0,0,0,0.081
332,2050,0,0,0,0.095
332,2055,0,0,0,0.109
332,2060,0,0,0,0.124
332,2065,0,0,0,0.135
332,2070,0,0,0,0.145
332,2075,0,0,0,0.153
332,2080,0,0,0,0.162
332,2085,0,0,0,0.167
332,2090,0,0,0,0.17
332,2095,0,0,0,0.172
340,2010,0,0,0,0.033
340,2015,0,0,0,0.032
340,2020,0,0,0,0.033
340,2025,0,0,0,0.037
340,2030,0,0,0,0.04
340,2035,0,0,0,0.044
340,2040,0,0,0,0.05
340,2045,0,0,0,0.055
340,2050,0,0,0,0.061
340,2055,0,0,0,0.07
340,2060,0,0,0,0.08
340,2065,0,0,0,0.09
340,2070,0,0,0,0.1
340,2075,0,0,0,0.11
340,2080,0,0,0,0.117
340,2085,0,0,0,0.124
340,2090,0,0,0,0.13
340,2095,0,0,0,0.134
344,2010,0,0,0,0.083
344,2015,0,0,0,0.079
344,2020,0,0,0,0.077
344,2025,0,0,0,0.086
344,2030,0,0,0,0.1
344,2035,0,0,0,0.12
344,2040,0,0,0,0.141
344,2045,0,0,0,0.156
344,2050,0,0,0,0.16
344,2055,0,0,0,0.158
344,2060,0,0,0,0.154
344,2065,0,0,0,0.151
344,2070,0,0,0,0.149
344,2075,0,0,0,0.15
344,2080,0,0,0,0.155
344,2085,0,0,0,0.156
344,2090,0,0,0,0.147
344,2095,0,0,0,0.136
348,2010,0,0,0,0.143
348,2015,0,0,0,0.143
348,2020,0,0,0,0.148
348,2025,0,0,0,0.158
348,2030,0,0,0,0.161
348,2035,0,0,0,0.156
348,2040,0,0,0,0.154
348,2045,0,0,0,0.159
348,2050,0,0,0,0.171
348,2055,0,0,0,0.184
348,2060,0,0,0,0.187
348,2065,0,0,0,0.188
348,2070,0,0,0,0.188
348,2075,0,0,0,0.182
348,2080,0,0,0,0.174
348,2085,0,0,0,0.17
348,2090,0,0,0,0.17
348,2095,0,0,0,0.167
352,2010,0,0,0,0.075
352,2015,0,0,0,0.07
352,2020,0,0,0,0.071
352,2025,0,0,0,0.076
352,2030,0,0,0,0.083
352,2035,0,0,0,0.091
352,2040,0,0,0,0.097
352,2045,0,0,0,0.1
352,2050,0,0,0,0.099
352,2055,0,0,0,0.099
352,2060,0,0,0,0.098
352,2065,0,0,0,0.1
352,2070,0,0,0,0.103
352,2075,0,0,0,0.107
352,2080,0,0,0,0.111
352,2085,0,0,0,0.11
352,2090,0,0,0,0.108
352,2095,0,0,0,0.108
356,2010,0,0,0,0.057
356,2015,0,0,0,0.058
356,2020,0,0,0,0.064
356,2025,0,0,0,0.069
356,2030,0,0,0,0.073
356,2035,0,0,0,0.077
356,2040,0,0,0,0.081
356,2045,0,0,0,0.086
356,2050,0,0,0,0.095
356,2055,0,0,0,0.106
356,2060,0,0,0,0.117
356,2065,0,0,0,0.127
356,2070,0,0,0,0.136
356,2075,0,0,0,0.143
356,2080,0,0,0,0.15
356,2085,0,0,0,0.156
356,2090,0,0,0,0.163
356,2095,0,0,0,0.168
360,2010,0,0,0,0.063
360,2015,0,0,0,0.062
360,2020,0,0,0,0.066
360,2025,0,0,0,0.073
360,2030,0,0,0,0.082
360,2035,0,0,0,0.092
360,2040,0,0,0,0.103
360,2045,0,0,0,0.116
360,2050,0,0,0,0.127
360,2055,0,0,0,0.14
360,2060,0,0,0,0.15
360,2065,0,0,0,0.157
360,2070,0,0,0,0.163
360,2075,0,0,0,0.168
360,2080,0,0,0,0.175
360,2085,0,0,0,0.18
360,2090,0,0,0,0.183
360,2095,0,0,0,0.186
364,2010,0,0,0,0.048
364,2015,0,0,0,0.045
364,2020,0,0,0,0.047
364,2025,0,0,0,0.053
364,2030,0,0,0,0.062
364,2035,0,0,0,0.071
364,2040,0,0,0,0.082
364,2045,0,0,0,0.091
364,2050,0,0,0,0.102
364,2055,0,0,0,0.119
364,2060,0,0,0,0.144
364,2065,0,0,0,0.171
364,2070,0,0,0,0.184
364,2075,0,0,0,0.183
364,2080,0,0,0,0.171
364,2085,0,0,0,0.159
364,2090,0,0,0,0.153
364,2095,0,0,0,0.158
368,2010,0,0,0,0.034
368,2015,0,0,0,0.031
368,2020,0,0,0,0.033
368,2025,0,0,0,0.033
368,2030,0,0,0,0.033
368,2035,0,0,0,0.035
368,2040,0,0,0,0.041
368,2045,0,0,0,0.048
368,2050,0,0,0,0.054
368,2055,0,0,0,0.06
368,2060,0,0,0,0.065
368,2065,0,0,0,0.071
368,2070,0,0,0,0.078
368,2075,0,0,0,0.086
368,2080,0,0,0,0.095
368,2085,0,0,0,0.105
368,2090,0,0,0,0.115
368,2095,0,0,0,0.122
372,2010,0,0,0,0.078
372,2015,0,0,0,0.077
372,2020,0,0,0,0.081
372,2025,0,0,0,0.087
372,2030,0,0,0,0.092
372,2035,0,0,0,0.097
372,2040,0,0,0,0.102
372,2045,0,0,0,0.106
372,2050,0,0,0,0.11
372,2055,0,0,0,0.116
372,2060,0,0,0,0.122
372,2065,0,0,0,0.125
372,2070,0,0,0,0.124
372,2075,0,0,0,0.12
372,2080,0,0,0,0.117
372,2085,0,0,0,0.115
372,2090,0,0,0,0.117
372,2095,0,0,0,0.124
376,2010,0,0,0,0.068
376,2015,0,0,0,0.061
376,2020,0,0,0,0.059
376,2025,0,0,0,0.063
376,2030,0,0,0,0.066
376,2035,0,0,0,0.065
376,2040,0,0,0,0.064
376,2045,0,0,0,0.062
376,2050,0,0,0,0.061
376,2055,0,0,0,0.063
376,2060,0,0,0,0.065
376,2065,0,0,0,0.068
376,2070,0,0,0,0.069
376,2075,0,0,0,0.071
376,2080,0,0,0,0.073
376,2085,0,0,0,0.074
376,2090,0,0,0,0.076
376,2095,0,0,0,0.077
380,2010,0,0,0,0.131
380,2015,0,0,0,0.132
380,2020,0,0,0,0.133
380,2025,0,0,0,0.138
380,2030,0,0,0,0.139
380,2035,0,0,0,0.142
380,2040,0,0,0,0.151
380,2045,0,0,0,0.163
380,2050,0,0,0,0.176
380,2055,0,0,0,0.185
380,2060,0,0,0,0.185
380,2065,0,0,0,0.177
380,2070,0,0,0,0.166
380,2075,0,0,0,0.159
380,2080,0,0,0,0.155
380,2085,0,0,0,0.152
380,2090,0,0,0,0.15
380,2095,0,0,0,0.151
384,2010,0,0,0,0.048
384,2015,0,0,0,0.05
384,2020,0,0,0,0.053
384,2025,0,0,0,0.053
384,2030,0,0,0,0.055
384,2035,0,0,0,0.055
384,2040,0,0,0,0.06
384,2045,0,0,0,0.066
384,2050,0,0,0,0.075
384,2055,0,0,0,0.085
384,2060,0,0,0,0.095
384,2065,0,0,0,0.103
384,2070,0,0,0,0.111
384,2075,0,0,0,0.121
384,2080,0,0,0,0.128
384,2085,0,0,0,0.135
384,2090,0,0,0,0.141
384,2095,0,0,0,0.144
388,2010,0,0,0,0.062
388,2015,0,0,0,0.06
388,2020,0,0,0,0.059
388,2025,0,0,0,0.065
388,2030,0,0,0,0.072
388,2035,0,0,0,0.083
388,2040,0,0,0,0.1
388,2045,0,0,0,0.114
388,2050,0,0,0,0.123
388,2055,0,0,0,0.126
388,2060,0,0,0,0.127
388,2065,0,0,0,0.13
388,2070,0,0,0,0.135
388,2075,0,0,0,0.146
388,2080,0,0,0,0.157
388,2085,0,0,0,0.16
388,2090,0,0,0,0.16
388,2095,0,0,0,0.16
392,2010,0,0,0,0.122
392,2015,0,0,0,0.133
392,2020,0,0,0,0.143
392,2025,0,0,0,0.16
392,2030,0,0,0,0.17
392,2035,0,0,0,0.17
392,2040,0,0,0,0.168
392,2045,0,0,0,0.168
392,2050,0,0,0,0.172
392,2055,0,0,0,0.185
392,2060,0,0,0,0.195
392,2065,0,0,0,0.198
392,2070,0,0,0,0.197
392,2075,0,0,0,0.191
392,2080,0,0,0,0.183
392,2085,0,0,0,0.177
392,2090,0,0,0,0.174
392,2095,0,0,0,0.172
398,2010,0,0,0,0.076
398,2015,0,0,0,0.073
398,2020,0,0,0,0.078
398,2025,0,0,0,0.087
398,2030,0,0,0,0.097
398,2035,0,0,0,0.102
398,2040,0,0,0,0.104
398,2045,0,0,0,0.106
398,2050,0,0,0,0.109
398,2055,0,0,0,0.114
398,2060,0,0,0,0.125
398,2065,0,0,0,0.134
398,2070,0,0,0,0.134
398,2075,0,0,0,0.13
398,2080,0,0,0,0.13
398,2085,0,0,0,0.141
398,2090,0,0,0,0.151
398,2095,0,0,0,0.158
400,2010,0,0,0,0.037
400,2015,0,0,0,0.036
400,2020,0,0,0,0.036
400,2025,0,0,0,0.035
400,2030,0,0,0,0.035
400,2035,0,0,0,0.037
400,2040,0,0,0,0.041
400,2045,0,0,0,0.05
400,2050,0,0,0,0.058
400,2055,0,0,0,0.067
400,2060,0,0,0,0.079
400,2065,0,0,0,0.091
400,2070,0,0,0,0.101
400,2075,0,0,0,0.109
400,2080,0,0,0,0.115
400,2085,0,0,0,0.122
400,2090,0,0,0,0.127
400,2095,0,0,0,0.13
404,2010,0,0,0,0.032
404,2015,0,0,0,0.033
404,2020,0,0,0,0.036
404,2025,0,0,0,0.037
404,2030,0,0,0,0.04
404,2035,0,0,0,0.042
404,2040,0,0,0,0.047
404,2045,0,0,0,0.054
404,2050,0,0,0,0.063
404,2055,0,0,0,0.071
404,2060,0,0,0,0.076
404,2065,0,0,0,0.081
404,2070,0,0,0,0.086
404,2075,0,0,0,0.094
404,2080,0,0,0,0.102
404,2085,0,0,0,0.11
404,2090,0,0,0,0.117
404,2095,0,0,0,0.121
408,2010,0,0,0,0.114
408,2015,0,0,0,0.11
408,2020,0,0,0,0.101
408,2025,0,0,0,0.111
408,2030,0,0,0,0.116
408,2035,0,0,0,0.135
408,2040,0,0,0,0.157
408,2045,0,0,0,0.162
408,2050,0,0,0,0.157
408,2055,0,0,0,0.161
408,2060,0,0,0,0.163
408,2065,0,0,0,0.171
408,2070,0,0,0,0.185
408,2075,0,0,0,0.195
408,2080,0,0,0,0.2
408,2085,0,0,0,0.201
408,2090,0,0,0,0.201
408,2095,0,0,0,0.203
410,2010,0,0,0,0.07
410,2015,0,0,0,0.079
410,2020,0,0,0,0.088
410,2025,0,0,0,0.098
410,2030,0,0,0,0.114
410,2035,0,0,0,0.14
410,2040,0,0,0,0.161
410,2045,0,0,0,0.179
410,2050,0,0,0,0.194
410,2055,0,0,0,0.202
410,2060,0,0,0,0.206
410,2065,0,0,0,0.209
410,2070,0,0,0,0.204
410,2075,0,0,0,0.206
410,2080,0,0,0,0.213
410,2085,0,0,0,0.21
410,2090,0,0,0,0.2
410,2095,0,0,0,0.193
414,2010,0,0,0,0.026
414,2015,0,0,0,0.026
414,2020,0,0,0,0.025
414,2025,0,0,0,0.03
414,2030,0,0,0,0.039
414,2035,0,0,0,0.049
414,2040,0,0,0,0.065
414,2045,0,0,0,0.081
414,2050,0,0,0,0.096
414,2055,0,0,0,0.111
414,2060,0,0,0,0.121
414,2065,0,0,0,0.123
414,2070,0,0,0,0.122
414,2075,0,0,0,0.121
414,2080,0,0,0,0.124
414,2085,0,0,0,0.133
414,2090,0,0,0,0.143
414,2095,0,0,0,0.149
417,2010,0,0,0,0.05
417,2015,0,0,0,0.046
417,2020,0,0,0,0.049
417,2025,0,0,0,0.057
417,2030,0,0,0,0.07
417,2035,0,0,0,0.079
417,2040,0,0,0,0.086
417,2045,0,0,0,0.09
417,2050,0,0,0,0.093
417,2055,0,0,0,0.1
417,2060,0,0,0,0.115
417,2065,0,0,0,0.131
417,2070,0,0,0,0.139
417,2075,0,0,0,0.14
417,2080,0,0,0,0.139
417,2085,0,0,0,0.144
417,2090,0,0,0,0.151
417,2095,0,0,0,0.157
418,2010,0,0,0,0.047
418,2015,0,0,0,0.051
418,2020,0,0,0,0.054
418,2025,0,0,0,0.06
418,2030,0,0,0,0.066
418,2035,0,0,0,0.073
418,2040,0,0,0,0.081
418,2045,0,0,0,0.092
418,2050,0,0,0,0.104
418,2055,0,0,0,0.118
418,2060,0,0,0,0.135
418,2065,0,0,0,0.148
418,2070,0,0,0,0.155
418,2075,0,0,0,0.157
418,2080,0,0,0,0.156
418,2085,0,0,0,0.157
418,2090,0,0,0,0.159
418,2095,0,0,0,0.162
422,2010,0,0,0,0.074
422,2015,0,0,0,0.073
422,2020,0,0,0,0.077
422,2025,0,0,0,0.083
422,2030,0,0,0,0.091
422,2035,0,0,0,0.101
422,2040,0,0,0,0.111
422,2045,0,0,0,0.121
422,2050,0,0,0,0.13
422,2055,0,0,0,0.141
422,2060,0,0,0,0.15
422,2065,0,0,0,0.157
422,2070,0,0,0,0.166
422,2075,0,0,0,0.173
422,2080,0,0,0,0.173
422,2085,0,0,0,0.172
422,2090,0,0,0,0.171
422,2095,0,0,0,0.171
426,2010,0,0,0,0.055
426,2015,0,0,0,0.055
426,2020,0,0,0,0.055
426,2025,0,0,0,0.056
426,2030,0,0,0,0.053
426,2035,0,0,0,0.051
426,2040,0,0,0,0.054
426,2045,0,0,0,0.061
426,2050,0,0,0,0.071
426,2055,0,0,0,0.083
426,2060,0,0,0,0.094
426,2065,0,0,0,0.104
426,2070,0,0,0,0.111
426,2075,0,0,0,0.116
426,2080,0,0,0,0.12
426,2085,0,0,0,0.125
426,2090,0,0,0,0.133
426,2095,0,0,0,0.142
428,2010,0,0,0,0.155
428,2015,0,0,0,0.151
428,2020,0,0,0,0.147
428,2025,0,0,0,0.15
428,2030,0,0,0,0.157
428,2035,0,0,0,0.165
428,2040,0,0,0,0.17
428,2045,0,0,0,0.174
428,2050,0,0,0,0.18
428,2055,0,0,0,0.187
428,2060,0,0,0,0.2
428,2065,0,0,0,0.22
428,2070,0,0,0,0.224
428,2075,0,0,0,0.209
428,2080,0,0,0,0.19
428,2085,0,0,0,0.179
428,2090,0,0,0,0.179
428,2095,0,0,0,0.179
430,2010,0,0,0,0.041
430,2015,0,0,0,0.039
430,2020,0,0,0,0.04
430,2025,0,0,0,0.039
430,2030,0,0,0,0.043
430,2035,0,0,0,0.044
430,2040,0,0,0,0.051
430,2045,0,0,0,0.058
430,2050,0,0,0,0.066
430,2055,0,0,0,0.075
430,2060,0,0,0,0.083
430,2065,0,0,0,0.091
430,2070,0,0,0,0.099
430,2075,0,0,0,0.108
430,2080,0,0,0,0.114
430,2085,0,0,0,0.123
430,2090,0,0,0,0.13
430,2095,0,0,0,0.135
434,2010,0,0,0,0.037
434,2015,0,0,0,0.038
434,2020,0,0,0,0.039
434,2025,0,0,0,0.043
434,2030,0,0,0,0.048
434,2035,0,0,0,0.054
434,2040,0,0,0,0.062
434,2045,0,0,0,0.072
434,2050,0,0,0,0.085
434,2055,0,0,0,0.099
434,2060,0,0,0,0.116
434,2065,0,0,0,0.123
434,2070,0,0,0,0.123
434,2075,0,0,0,0.121
434,2080,0,0,0,0.12
434,2085,0,0,0,0.124
434,2090,0,0,0,0.132
434,2095,0,0,0,0.14
440,2010,0,0,0,0.141
440,2015,0,0,0,0.137
440,2020,0,0,0,0.133
440,2025,0,0,0,0.133
440,2030,0,0,0,0.143
440,2035,0,0,0,0.156
440,2040,0,0,0,0.165
440,2045,0,0,0,0.169
440,2050,0,0,0,0.17
440,2055,0,0,0,0.169
440,2060,0,0,0,0.176
440,2065,0,0,0,0.189
440,2070,0,0,0,0.197
440,2075,0,0,0,0.193
440,2080,0,0,0,0.179
440,2085,0,0,0,0.163
440,2090,0,0,0,0.155
440,2095,0,0,0,0.156
442,2010,0,0,0,0.095
442,2015,0,0,0,0.088
442,2020,0,0,0,0.084
442,2025,0,0,0,0.085
442,2030,0,0,0,0.088
442,2035,0,0,0,0.094
442,2040,0,0,0,0.1
442,2045,0,0,0,0.106
442,2050,0,0,0,0.109
442,2055,0,0,0,0.108
442,2060,0,0,0,0.107
442,2065,0,0,0,0.106
442,2070,0,0,0,0.105
442,2075,0,0,0,0.107
442,2080,0,0,0,0.112
442,2085,0,0,0,0.116
442,2090,0,0,0,0.118
442,2095,0,0,0,0.12
446,2010,0,0,0,0.047
446,2015,0,0,0,0.044
446,2020,0,0,0,0.052
446,2025,0,0,0,0.063
446,2030,0,0,0,0.079
446,2035,0,0,0,0.103
446,2040,0,0,0,0.121
446,2045,0,0,0,0.132
446,2050,0,0,0,0.139
446,2055,0,0,0,0.141
446,2060,0,0,0,0.138
446,2065,0,0,0,0.139
446,2070,0,0,0,0.146
446,2075,0,0,0,0.156
446,2080,0,0,0,0.16
446,2085,0,0,0,0.155
446,2090,0,0,0,0.148
446,2095,0,0,0,0.146
450,2010,0,0,0,0.032
450,2015,0,0,0,0.03
450,2020,0,0,0,0.033
450,2025,0,0,0,0.036
450,2030,0,0,0,0.039
450,2035,0,0,0,0.043
450,2040,0,0,0,0.047
450,2045,0,0,0,0.052
450,2050,0,0,0,0.055
450,2055,0,0,0,0.058
450,2060,0,0,0,0.063
450,2065,0,0,0,0.07
450,2070,0,0,0,0.078
450,2075,0,0,0,0.087
450,2080,0,0,0,0.096
450,2085,0,0,0,0.105
450,2090,0,0,0,0.113
450,2095,0,0,0,0.12
454,2010,0,0,0,0.039
454,2015,0,0,0,0.039
454,2020,0,0,0,0.037
454,2025,0,0,0,0.035
454,2030,0,0,0,0.033
454,2035,0,0,0,0.032
454,2040,0,0,0,0.032
454,2045,0,0,0,0.035
454,2050,0,0,0,0.037
454,2055,0,0,0,0.041
454,2060,0,0,0,0.046
454,2065,0,0,0,0.051
454,2070,0,0,0,0.057
454,2075,0,0,0,0.063
454,2080,0,0,0,0.07
454,2085,0,0,0,0.078
454,2090,0,0,0,0.086
454,2095,0,0,0,0.097
458,2010,0,0,0,0.048
458,2015,0,0,0,0.051
458,2020,0,0,0,0.057
458,2025,0,0,0,0.065
458,2030,0,0,0,0.075
458,2035,0,0,0,0.084
458,2040,0,0,0,0.09
458,2045,0,0,0,0.094
458,2050,0,0,0,0.099
458,2055,0,0,0,0.103
458,2060,0,0,0,0.11
458,2065,0,0,0,0.117
458,2070,0,0,0,0.123
458,2075,0,0,0,0.13
458,2080,0,0,0,0.137
458,2085,0,0,0,0.143
458,2090,0,0,0,0.146
458,2095,0,0,0,0.15
462,2010,0,0,0,0.044
462,2015,0,0,0,0.041
462,2020,0,0,0,0.037
462,2025,0,0,0,0.035
462,2030,0,0,0,0.038
462,2035,0,0,0,0.045
462,2040,0,0,0,0.054
462,2045,0,0,0,0.064
462,2050,0,0,0,0.074
462,2055,0,0,0,0.083
462,2060,0,0,0,0.094
462,2065,0,0,0,0.11
462,2070,0,0,0,0.134
462,2075,0,0,0,0.157
462,2080,0,0,0,0.171
462,2085,0,0,0,0.172
462,2090,0,0,0,0.165
462,2095,0,0,0,0.156
466,2010,0,0,0,0.041
466,2015,0,0,0,0.038
466,2020,0,0,0,0.037
466,2025,0,0,0,0.037
466,2030,0,0,0,0.039
466,2035,0,0,0,0.043
466,2040,0,0,0,0.048
466,2045,0,0,0,0.053
466,2050,0,0,0,0.059
466,2055,0,0,0,0.065
466,2060,0,0,0,0.07
466,2065,0,0,0,0.079
466,2070,0,0,0,0.088
466,2075,0,0,0,0.098
466,2080,0,0,0,0.108
466,2085,0,0,0,0.115
466,2090,0,0,0,0.121
466,2095,0,0,0,0.126
470,2010,0,0,0,0.105
470,2015,0,0,0,0.101
470,2020,0,0,0,0.117
470,2025,0,0,0,0.133
470,2030,0,0,0,0.143
470,2035,0,0,0,0.152
470,2040,0,0,0,0.156
470,2045,0,0,0,0.149
470,2050,0,0,0,0.143
470,2055,0,0,0,0.145
470,2060,0,0,0,0.152
470,2065,0,0,0,0.161
470,2070,0,0,0,0.171
470,2075,0,0,0,0.176
470,2080,0,0,0,0.175
470,2085,0,0,0,0.167
470,2090,0,0,0,0.157
470,2095,0,0,0,0.15
474,2010,0,0,0,0.092
474,2015,0,0,0,0.095
474,2020,0,0,0,0.098
474,2025,0,0,0,0.105
474,2030,0,0,0,0.113
474,2035,0,0,0,0.125
474,2040,0,0,0,0.14
474,2045,0,0,0,0.15
474,2050,0,0,0,0.153
474,2055,0,0,0,0.145
474,2060,0,0,0,0.13
474,2065,0,0,0,0.122
474,2070,0,0,0,0.123
474,2075,0,0,0,0.127
474,2080,0,0,0,0.131
474,2085,0,0,0,0.133
474,2090,0,0,0,0.131
474,2095,0,0,0,0.127
478,2010,0,0,0,0.049
478,2015,0,0,0,0.051
478,2020,0,0,0,0.054
478,2025,0,0,0,0.058
478,2030,0,0,0,0.065
478,2035,0,0,0,0.071
478,2040,0,0,0,0.08
478,2045,0,0,0,0.089
478,2050,0,0,0,0.095
478,2055,0,0,0,0.1
478,2060,0,0,0,0.106
478,2065,0,0,0,0.112
478,2070,0,0,0,0.117
478,2075,0,0,0,0.121
478,2080,0,0,0,0.124
478,2085,0,0,0,0.128
478,2090,0,0,0,0.13
478,2095,0,0,0,0.131
480,2010,0,0,0,0.056
480,2015,0,0,0,0.06
480,2020,0,0,0,0.069
480,2025,0,0,0,0.079
480,2030,0,0,0,0.087
480,2035,0,0,0,0.103
480,2040,0,0,0,0.118
480,2045,0,0,0,0.123
480,2050,0,0,0,0.127
480,2055,0,0,0,0.137
480,2060,0,0,0,0.138
480,2065,0,0,0,0.139
480,2070,0,0,0,0.145
480,2075,0,0,0,0.15
480,2080,0,0,0,0.153
480,2085,0,0,0,0.154
480,2090,0,0,0,0.151
480,2095,0,0,0,0.145
484,2010,0,0,0,0.044
484,2015,0,0,0,0.045
484,2020,0,0,0,0.047
484,2025,0,0,0,0.052
484,2030,0,0,0,0.059
484,2035,0,0,0,0.067
484,2040,0,0,0,0.076
484,2045,0,0,0,0.086
484,2050,0,0,0,0.096
484,2055,0,0,0,0.103
484,2060,0,0,0,0.107
484,2065,0,0,0,0.111
484,2070,0,0,0,0.115
484,2075,0,0,0,0.121
484,2080,0,0,0,0.124
484,2085,0,0,0,0.129
484,2090,0,0,0,0.133
484,2095,0,0,0,0.135
496,2010,0,0,0,0.044
496,2015,0,0,0,0.046
496,2020,0,0,0,0.049
496,2025,0,0,0,0.059
496,2030,0,0,0,0.072
496,2035,0,0,0,0.084
496,2040,0,0,0,0.096
496,2045,0,0,0,0.104
496,2050,0,0,0,0.111
496,2055,0,0,0,0.123
496,2060,0,0,0,0.137
496,2065,0,0,0,0.14
496,2070,0,0,0,0.138
496,2075,0,0,0,0.129
496,2080,0,0,0,0.132
496,2085,0,0,0,0.14
496,2090,0,0,0,0.149
496,2095,0,0,0,0.157
498,2010,0,0,0,0.13
498,2015,0,0,0,0.134
498,2020,0,0,0,0.148
498,2025,0,0,0,0.165
498,2030,0,0,0,0.181
498,2035,0,0,0,0.188
498,2040,0,0,0,0.186
498,2045,0,0,0,0.188
498,2050,0,0,0,0.193
498,2055,0,0,0,0.206
498,2060,0,0,0,0.234
498,2065,0,0,0,0.259
498,2070,0,0,0,0.264
498,2075,0,0,0,0.252
498,2080,0,0,0,0.234
498,2085,0,0,0,0.229
498,2090,0,0,0,0.226
498,2095,0,0,0,0.222
499,2010,0,0,0,0.112
499,2015,0,0,0,0.106
499,2020,0,0,0,0.109
499,2025,0,0,0,0.116
499,2030,0,0,0,0.126
499,2035,0,0,0,0.132
499,2040,0,0,0,0.134
499,2045,0,0,0,0.134
499,2050,0,0,0,0.134
499,2055,0,0,0,0.137
499,2060,0,0,0,0.142
499,2065,0,0,0,0.151
499,2070,0,0,0,0.157
499,2075,0,0,0,0.157
499,2080,0,0,0,0.158
499,2085,0,0,0,0.157
499,2090,0,0,0,0.157
499,2095,0,0,0,0.158
504,2010,0,0,0,0.057
504,2015,0,0,0,0.06
504,2020,0,0,0,0.065
504,2025,0,0,0,0.077
504,2030,0,0,0,0.087
504,2035,0,0,0,0.094
504,2040,0,0,0,0.102
504,2045,0,0,0,0.11
504,2050,0,0,0,0.117
504,2055,0,0,0,0.129
504,2060,0,0,0,0.141
504,2065,0,0,0,0.15
504,2070,0,0,0,0.157
504,2075,0,0,0,0.159
504,2080,0,0,0,0.159
504,2085,0,0,0,0.159
504,2090,0,0,0,0.16
504,2095,0,0,0,0.163
508,2010,0,0,0,0.042
508,2015,0,0,0,0.042
508,2020,0,0,0,0.042
508,2025,0,0,0,0.044
508,2030,0,0,0,0.044
508,2035,0,0,0,0.046
508,2040,0,0,0,0.047
508,2045,0,0,0,0.051
508,2050,0,0,0,0.055
508,2055,0,0,0,0.06
508,2060,0,0,0,0.066
508,2065,0,0,0,0.074
508,2070,0,0,0,0.084
508,2075,0,0,0,0.095
508,2080,0,0,0,0.104
508,2085,0,0,0,0.111
508,2090,0,0,0,0.118
508,2095,0,0,0,0.126
512,2010,0,0,0,0.03
512,2015,0,0,0,0.028
512,2020,0,0,0,0.027
512,2025,0,0,0,0.033
512,2030,0,0,0,0.04
512,2035,0,0,0,0.047
512,2040,0,0,0,0.06
512,2045,0,0,0,0.072
512,2050,0,0,0,0.09
512,2055,0,0,0,0.117
512,2060,0,0,0,0.146
512,2065,0,0,0,0.164
512,2070,0,0,0,0.171
512,2075,0,0,0,0.172
512,2080,0,0,0,0.173
512,2085,0,0,0,0.182
512,2090,0,0,0,0.196
512,2095,0,0,0,0.207
516,2010,0,0,0,0.041
516,2015,0,0,0,0.046
516,2020,0,0,0,0.046
516,2025,0,0,0,0.052
516,2030,0,0,0,0.059
516,2035,0,0,0,0.063
516,2040,0,0,0,0.07
516,2045,0,0,0,0.076
516,2050,0,0,0,0.081
516,2055,0,0,0,0.087
516,2060,0,0,0,0.096
516,2065,0,0,0,0.106
516,2070,0,0,0,0.117
516,2075,0,0,0,0.125
516,2080,0,0,0,0.133
516,2085,0,0,0,0.137
516,2090,0,0,0,0.141
516,2095,0,0,0,0.146
524,2010,0,0,0,0.048
524,2015,0,0,0,0.046
524,2020,0,0,0,0.046
524,2025,0,0,0,0.046
524,2030,0,0,0,0.048
524,2035,0,0,0,0.051
524,2040,0,0,0,0.055
524,2045,0,0,0,0.06
524,2050,0,0,0,0.068
524,2055,0,0,0,0.078
524,2060,0,0,0,0.089
524,2065,0,0,0,0.101
524,2070,0,0,0,0.113
524,2075,0,0,0,0.125
524,2080,0,0,0,0.134
524,2085,0,0,0,0.139
524,2090,0,0,0,0.143
524,2095,0,0,0,0.147
528,2010,0,0,0,0.101
528,2015,0,0,0,0.104
528,2020,0,0,0,0.115
528,2025,0,0,0,0.126
528,2030,0,0,0,0.134
528,2035,0,0,0,0.143
528,2040,0,0,0,0.151
528,2045,0,0,0,0.156
528,2050,0,0,0,0.159
528,2055,0,0,0,0.153
528,2060,0,0,0,0.144
528,2065,0,0,0,0.137
528,2070,0,0,0,0.132
528,2075,0,0,0,0.131
528,2080,0,0,0,0.133
528,2085,0,0,0,0.135
528,2090,0,0,0,0.137
528,2095,0,0,0,0.136
530,2010,0,0,0,0.068
530,2015,0,0,0,0.068
530,2020,0,0,0,0.072
530,2025,0,0,0,0.08
530,2030,0,0,0,0.088
530,2035,0,0,0,0.099
530,2040,0,0,0,0.109
530,2045,0,0,0,0.115
530,2050,0,0,0,0.118
530,2055,0,0,0,0.115
530,2060,0,0,0,0.11
530,2065,0,0,0,0.106
530,2070,0,0,0,0.104
530,2075,0,0,0,0.102
530,2080,0,0,0,0.106
530,2085,0,0,0,0.113
530,2090,0,0,0,0.119
530,2095,0,0,0,0.125
533,2010,0,0,0,0.08
533,2015,0,0,0,0.083
533,2020,0,0,0,0.09
533,2025,0,0,0,0.102
533,2030,0,0,0,0.117
533,2035,0,0,0,0.136
533,2040,0,0,0,0.146
533,2045,0,0,0,0.147
533,2050,0,0,0,0.141
533,2055,0,0,0,0.13
533,2060,0,0,0,0.121
533,2065,0,0,0,0.121
533,2070,0,0,0,0.13
533,2075,0,0,0,0.144
533,2080,0,0,0,0.155
533,2085,0,0,0,0.159
533,2090,0,0,0,0.16
533,2095,0,0,0,0.159
540,2010,0,0,0,0.062
540,2015,0,0,0,0.063
540,2020,0,0,0,0.065
540,2025,0,0,0,0.066
540,2030,0,0,0,0.068
540,2035,0,0,0,0.072
540,2040,0,0,0,0.075
540,2045,0,0,0,0.078
540,2050,0,0,0,0.082
540,2055,0,0,0,0.084
540,2060,0,0,0,0.086
540,2065,0,0,0,0.088
540,2070,0,0,0,0.091
540,2075,0,0,0,0.097
540,2080,0,0,0,0.102
540,2085,0,0,0,0.104
540,2090,0,0,0,0.106
540,2095,0,0,0,0.108
548,2010,0,0,0,0.04
548,2015,0,0,0,0.04
548,2020,0,0,0,0.043
548,2025,0,0,0,0.048
548,2030,0,0,0,0.053
548,2035,0,0,0,0.058
548,2040,0,0,0,0.062
548,2045,0,0,0,0.066
548,2050,0,0,0,0.072
548,2055,0,0,0,0.081
548,2060,0,0,0,0.089
548,2065,0,0,0,0.097
548,2070,0,0,0,0.106
548,2075,0,0,0,0.114
548,2080,0,0,0,0.124
548,2085,0,0,0,0.134
548,2090,0,0,0,0.141
548,2095,0,0,0,0.145
554,2010,0,0,0,0.079
554,2015,0,0,0,0.078
554,2020,0,0,0,0.081
554,2025,0,0,0,0.088
554,2030,0,0,0,0.094
554,2035,0,0,0,0.099
554,2040,0,0,0,0.107
554,2045,0,0,0,0.111
554,2050,0,0,0,0.112
554,2055,0,0,0,0.11
554,2060,0,0,0,0.106
554,2065,0,0,0,0.104
554,2070,0,0,0,0.106
554,2075,0,0,0,0.112
554,2080,0,0,0,0.117
554,2085,0,0,0,0.12
554,2090,0,0,0,0.121
554,2095,0,0,0,0.123
558,2010,0,0,0,0.033
558,2015,0,0,0,0.035
558,2020,0,0,0,0.034
558,2025,0,0,0,0.038
558,2030,0,0,0,0.044
558,2035,0,0,0,0.05
558,2040,0,0,0,0.057
558,2045,0,0,0,0.063
558,2050,0,0,0,0.071
558,2055,0,0,0,0.08
558,2060,0,0,0,0.091
558,2065,0,0,0,0.101
558,2070,0,0,0,0.111
558,2075,0,0,0,0.12
558,2080,0,0,0,0.126
558,2085,0,0,0,0.131
558,2090,0,0,0,0.135
558,2095,0,0,0,0.138
562,2010,0,0,0,0.042
562,2015,0,0,0,0.04
562,2020,0,0,0,0.041
562,2025,0,0,0,0.041
562,2030,0,0,0,0.04
562,2035,0,0,0,0.04
562,2040,0,0,0,0.04
562,2045,0,0,0,0.039
562,2050,0,0,0,0.039
562,2055,0,0,0,0.042
562,2060,0,0,0,0.046
562,2065,0,0,0,0.052
562,2070,0,0,0,0.058
562,2075,0,0,0,0.064
562,2080,0,0,0,0.07
562,2085,0,0,0,0.075
562,2090,0,0,0,0.08
562,2095,0,0,0,0.085
566,2010,0,0,0,0.048
566,2015,0,0,0,0.046
566,2020,0,0,0,0.046
566,2025,0,0,0,0.044
566,2030,0,0,0,0.044
566,2035,0,0,0,0.044
566,2040,0,0,0,0.047
566,2045,0,0,0,0.05
566,2050,0,0,0,0.054
566,2055,0,0,0,0.058
566,2060,0,0,0,0.061
566,2065,0,0,0,0.065
566,2070,0,0,0,0.07
566,2075,0,0,0,0.074
566,2080,0,0,0,0.079
566,2085,0,0,0,0.085
566,2090,0,0,0,0.09
566,2095,0,0,0,0.095
578,2010,0,0,0,0.097
578,2015,0,0,0,0.089
578,2020,0,0,0,0.094
578,2025,0,0,0,0.105
578,2030,0,0,0,0.107
578,2035,0,0,0,0.11
578,2040,0,0,0,0.111
578,2045,0,0,0,0.113
578,2050,0,0,0,0.116
578,2055,0,0,0,0.115
578,2060,0,0,0,0.11
578,2065,0,0,0,0.107
578,2070,0,0,0,0.105
578,2075,0,0,0,0.108
578,2080,0,0,0,0.112
578,2085,0,0,0,0.114
578,2090,0,0,0,0.113
578,2095,0,0,0,0.113
583,2010,0,0,0,0.043
583,2015,0,0,0,0.05
583,2020,0,0,0,0.062
583,2025,0,0,0,0.072
583,2030,0,0,0,0.082
583,2035,0,0,0,0.086
583,2040,0,0,0,0.085
583,2045,0,0,0,0.087
583,2050,0,0,0,0.099
583,2055,0,0,0,0.116
583,2060,0,0,0,0.131
583,2065,0,0,0,0.145
583,2070,0,0,0,0.157
583,2075,0,0,0,0.165
583,2080,0,0,0,0.171
583,2085,0,0,0,0.174
583,2090,0,0,0,0.174
583,2095,0,0,0,0.173
586,2010,0,0,0,0.049
586,2015,0,0,0,0.049
586,2020,0,0,0,0.051
586,2025,0,0,0,0.054
586,2030,0,0,0,0.059
586,2035,0,0,0,0.064
586,2040,0,0,0,0.069
586,2045,0,0,0,0.075
586,2050,0,0,0,0.083
586,2055,0,0,0,0.093
586,2060,0,0,0,0.103
586,2065,0,0,0,0.112
586,2070,0,0,0,0.118
586,2075,0,0,0,0.119
586,2080,0,0,0,0.121
586,2085,0,0,0,0.125
586,2090,0,0,0,0.131
586,2095,0,0,0,0.136
591,2010,0,0,0,0.047
591,2015,0,0,0,0.049
591,2020,0,0,0,0.052
591,2025,0,0,0,0.057
591,2030,0,0,0,0.063
591,2035,0,0,0,0.071
591,2040,0,0,0,0.08
591,2045,0,0,0,0.09
591,2050,0,0,0,0.098
591,2055,0,0,0,0.103
591,2060,0,0,0,0.107
591,2065,0,0,0,0.112
591,2070,0,0,0,0.117
591,2075,0,0,0,0.123
591,2080,0,0,0,0.13
591,2085,0,0,0,0.136
591,2090,0,0,0,0.142
591,2095,0,0,0,0.146
598,2010,0,0,0,0.047
598,2015,0,0,0,0.048
598,2020,0,0,0,0.051
598,2025,0,0,0,0.055
598,2030,0,0,0,0.057
598,2035,0,0,0,0.064
598,2040,0,0,0,0.073
598,2045,0,0,0,0.08
598,2050,0,0,0,0.086
598,2055,0,0,0,0.092
598,2060,0,0,0,0.098
598,2065,0,0,0,0.107
598,2070,0,0,0,0.118
598,2075,0,0,0,0.128
598,2080,0,0,0,0.138
598,2085,0,0,0,0.143
598,2090,0,0,0,0.147
598,2095,0,0,0,0.149
600,2010,0,0,0,0.04
600,2015,0,0,0,0.042
600,2020,0,0,0,0.045
600,2025,0,0,0,0.05
600,2030,0,0,0,0.055
600,2035,0,0,0,0.06
600,2040,0,0,0,0.064
600,2045,0,0,0,0.067
600,2050,0,0,0,0.071
600,2055,0,0,0,0.079
600,2060,0,0,0,0.09
600,2065,0,0,0,0.1
600,2070,0,0,0,0.109
600,2075,0,0,0,0.116
600,2080,0,0,0,0.122
600,2085,0,0,0,0.127
600,2090,0,0,0,0.132
600,2095,0,0,0,0.136
604,2010,0,0,0,0.047
604,2015,0,0,0,0.049
604,2020,0,0,0,0.053
604,2025,0,0,0,0.058
604,2030,0,0,0,0.064
604,2035,0,0,0,0.072
604,2040,0,0,0,0.082
604,2045,0,0,0,0.091
604,2050,0,0,0,0.102
604,2055,0,0,0,0.112
604,2060,0,0,0,0.122
604,2065,0,0,0,0.129
604,2070,0,0,0,0.136
604,2075,0,0,0,0.142
604,2080,0,0,0,0.147
604,2085,0,0,0,0.151
604,2090,0,0,0,0.155
604,2095,0,0,0,0.156
608,2010,0,0,0,0.043
608,2015,0,0,0,0.045
608,2020,0,0,0,0.05
608,2025,0,0,0,0.055
608,2030,0,0,0,0.06
608,2035,0,0,0,0.065
608,2040,0,0,0,0.069
608,2045,0,0,0,0.074
608,2050,0,0,0,0.081
608,2055,0,0,0,0.087
608,2060,0,0,0,0.096
608,2065,0,0,0,0.103
608,2070,0,0,0,0.11
608,2075,0,0,0,0.118
608,2080,0,0,0,0.127
608,2085,0,0,0,0.133
608,2090,0,0,0,0.137
608,2095,0,0,0,0.14
616,2010,0,0,0,0.112
616,2015,0,0,0,0.108
616,2020,0,0,0,0.116
616,2025,0,0,0,0.132
616,2030,0,0,0,0.15
616,2035,0,0,0,0.157
616,2040,0,0,0,0.154
616,2045,0,0,0,0.149
616,2050,0,0,0,0.151
616,2055,0,0,0,0.161
616,2060,0,0,0,0.176
616,2065,0,0,0,0.188
616,2070,0,0,0,0.193
616,2075,0,0,0,0.188
616,2080,0,0,0,0.175
616,2085,0,0,0,0.158
616,2090,0,0,0,0.15
616,2095,0,0,0,0.146
620,2010,0,0,0,0.127
620,2015,0,0,0,0.126
620,2020,0,0,0,0.127
620,2025,0,0,0,0.13
620,2030,0,0,0,0.133
620,2035,0,0,0,0.139
620,2040,0,0,0,0.146
620,2045,0,0,0,0.15
620,2050,0,0,0,0.155
620,2055,0,0,0,0.162
620,2060,0,0,0,0.166
620,2065,0,0,0,0.165
620,2070,0,0,0,0.159
620,2075,0,0,0,0.153
620,2080,0,0,0,0.149
620,2085,0,0,0,0.148
620,2090,0,0,0,0.149
620,2095,0,0,0,0.15
624,2010,0,0,0,0.052
624,2015,0,0,0,0.056
624,2020,0,0,0,0.056
624,2025,0,0,0,0.056
624,2030,0,0,0,0.052
624,2035,0,0,0,0.058
624,2040,0,0,0,0.064
624,2045,0,0,0,0.071
624,2050,0,0,0,0.079
624,2055,0,0,0,0.085
624,2060,0,0,0,0.095
624,2065,0,0,0,0.104
624,2070,0,0,0,0.115
624,2075,0,0,0,0.126
624,2080,0,0,0,0.136
624,2085,0,0,0,0.144
624,2090,0,0,0,0.151
624,2095,0,0,0,0.152
626,2010,0,0,0,0.043
626,2015,0,0,0,0.046
626,2020,0,0,0,0.048
626,2025,0,0,0,0.048
626,2030,0,0,0,0.046
626,2035,0,0,0,0.048
626,2040,0,0,0,0.047
626,2045,0,0,0,0.048
626,2050,0,0,0,0.054
626,2055,0,0,0,0.058
626,2060,0,0,0,0.065
626,2065,0,0,0,0.076
626,2070,0,0,0,0.082
626,2075,0,0,0,0.089
626,2080,0,0,0,0.095
626,2085,0,0,0,0.101
626,2090,0,0,0,0.108
626,2095,0,0,0,0.114
630,2010,0,0,0,0.078
630,2015,0,0,0,0.081
630,2020,0,0,0,0.089
630,2025,0,0,0,0.101
630,2030,0,0,0,0.111
630,2035,0,0,0,0.123
630,2040,0,0,0,0.135
630,2045,0,0,0,0.146
630,2050,0,0,0,0.158
630,2055,0,0,0,0.169
630,2060,0,0,0,0.18
630,2065,0,0,0,0.189
630,2070,0,0,0,0.196
630,2075,0,0,0,0.202
630,2080,0,0,0,0.207
630,2085,0,0,0,0.209
630,2090,0,0,0,0.207
630,2095,0,0,0,0.205
634,2010,0,0,0,0.007
634,2015,0,0,0,0.007
634,2020,0,0,0,0.009
634,2025,0,0,0,0.014
634,2030,0,0,0,0.024
634,2035,0,0,0,0.038
634,2040,0,0,0,0.056
634,2045,0,0,0,0.08
634,2050,0,0,0,0.109
634,2055,0,0,0,0.135
634,2060,0,0,0,0.163
634,2065,0,0,0,0.186
634,2070,0,0,0,0.186
634,2075,0,0,0,0.164
634,2080,0,0,0,0.149
634,2085,0,0,0,0.141
634,2090,0,0,0,0.144
634,2095,0,0,0,0.157
638,2010,0,0,0,0.049
638,2015,0,0,0,0.05
638,2020,0,0,0,0.051
638,2025,0,0,0,0.055
638,2030,0,0,0,0.062
638,2035,0,0,0,0.07
638,2040,0,0,0,0.081
638,2045,0,0,0,0.091
638,2050,0,0,0,0.096
638,2055,0,0,0,0.094
638,2060,0,0,0,0.092
638,2065,0,0,0,0.093
638,2070,0,0,0,0.098
638,2075,0,0,0,0.103
638,2080,0,0,0,0.105
638,2085,0,0,0,0.106
638,2090,0,0,0,0.109
638,2095,0,0,0,0.11
642,2010,0,0,0,0.138
642,2015,0,0,0,0.134
642,2020,0,0,0,0.137
642,2025,0,0,0,0.147
642,2030,0,0,0,0.155
642,2035,0,0,0,0.151
642,2040,0,0,0,0.161
642,2045,0,0,0,0.176
642,2050,0,0,0,0.193
642,2055,0,0,0,0.212
642,2060,0,0,0,0.222
642,2065,0,0,0,0.234
642,2070,0,0,0,0.228
642,2075,0,0,0,0.217
642,2080,0,0,0,0.207
642,2085,0,0,0,0.2
642,2090,0,0,0,0.199
642,2095,0,0,0,0.196
643,2010,0,0,0,0.128
643,2015,0,0,0,0.124
643,2020,0,0,0,0.131
643,2025,0,0,0,0.143
643,2030,0,0,0,0.156
643,2035,0,0,0,0.16
643,2040,0,0,0,0.155
643,2045,0,0,0,0.154
643,2050,0,0,0,0.153
643,2055,0,0,0,0.16
643,2060,0,0,0,0.172
643,2065,0,0,0,0.177
643,2070,0,0,0,0.167
643,2075,0,0,0,0.153
643,2080,0,0,0,0.142
643,2085,0,0,0,0.14
643,2090,0,0,0,0.145
643,2095,0,0,0,0.153
646,2010,0,0,0,0.035
646,2015,0,0,0,0.035
646,2020,0,0,0,0.037
646,2025,0,0,0,0.038
646,2030,0,0,0,0.039
646,2035,0,0,0,0.041
646,2040,0,0,0,0.045
646,2045,0,0,0,0.051
646,2050,0,0,0,0.06
646,2055,0,0,0,0.07
646,2060,0,0,0,0.074
646,2065,0,0,0,0.078
646,2070,0,0,0,0.081
646,2075,0,0,0,0.089
646,2080,0,0,0,0.096
646,2085,0,0,0,0.104
646,2090,0,0,0,0.11
646,2095,0,0,0,0.115
662,2010,0,0,0,0.054
662,2015,0,0,0,0.05
662,2020,0,0,0,0.051
662,2025,0,0,0,0.053
662,2030,0,0,0,0.059
662,2035,0,0,0,0.07
662,2040,0,0,0,0.081
662,2045,0,0,0,0.09
662,2050,0,0,0,0.099
662,2055,0,0,0,0.106
662,2060,0,0,0,0.116
662,2065,0,0,0,0.128
662,2070,0,0,0,0.14
662,2075,0,0,0,0.149
662,2080,0,0,0,0.152
662,2085,0,0,0,0.15
662,2090,0,0,0,0.151
662,2095,0,0,0,0.152
670,2010,0,0,0,0.067
670,2015,0,0,0,0.066
670,2020,0,0,0,0.069
670,2025,0,0,0,0.077
670,2030,0,0,0,0.094
670,2035,0,0,0,0.115
670,2040,0,0,0,0.126
670,2045,0,0,0,0.135
670,2050,0,0,0,0.144
670,2055,0,0,0,0.154
670,2060,0,0,0,0.165
670,2065,0,0,0,0.174
670,2070,0,0,0,0.182
670,2075,0,0,0,0.187
670,2080,0,0,0,0.187
670,2085,0,0,0,0.186
670,2090,0,0,0,0.186
670,2095,0,0,0,0.184
678,2010,0,0,0,0.042
678,2015,0,0,0,0.038
678,2020,0,0,0,0.04
678,2025,0,0,0,0.044
678,2030,0,0,0,0.049
678,2035,0,0,0,0.054
678,2040,0,0,0,0.061
678,2045,0,0,0,0.072
678,2050,0,0,0,0.089
678,2055,0,0,0,0.102
678,2060,0,0,0,0.11
678,2065,0,0,0,0.118
678,2070,0,0,0,0.126
678,2075,0,0,0,0.134
678,2080,0,0,0,0.14
678,2085,0,0,0,0.144
678,2090,0,0,0,0.147
678,2095,0,0,0,0.147
682,2010,0,0,0,0.029
682,2015,0,0,0,0.027
682,2020,0,0,0,0.031
682,2025,0,0,0,0.039
682,2030,0,0,0,0.047
682,2035,0,0,0,0.056
682,2040,0,0,0,0.066
682,2045,0,0,0,0.079
682,2050,0,0,0,0.093
682,2055,0,0,0,0.101
682,2060,0,0,0,0.104
682,2065,0,0,0,0.107
682,2070,0,0,0,0.111
682,2075,0,0,0,0.113
682,2080,0,0,0,0.116
682,2085,0,0,0,0.123
682,2090,0,0,0,0.131
682,2095,0,0,0,0.136
686,2010,0,0,0,0.048
686,2015,0,0,0,0.044
686,2020,0,0,0,0.043
686,2025,0,0,0,0.046
686,2030,0,0,0,0.051
686,2035,0,0,0,0.056
686,2040,0,0,0,0.064
686,2045,0,0,0,0.07
686,2050,0,0,0,0.077
686,2055,0,0,0,0.081
686,2060,0,0,0,0.085
686,2065,0,0,0,0.089
686,2070,0,0,0,0.092
686,2075,0,0,0,0.097
686,2080,0,0,0,0.101
686,2085,0,0,0,0.107
686,2090,0,0,0,0.111
686,2095,0,0,0,0.114
688,2010,0,0,0,0.138
688,2015,0,0,0,0.132
688,2020,0,0,0,0.138
688,2025,0,0,0,0.145
688,2030,0,0,0,0.148
688,2035,0,0,0,0.15
688,2040,0,0,0,0.15
688,2045,0,0,0,0.153
688,2050,0,0,0,0.158
688,2055,0,0,0,0.164
688,2060,0,0,0,0.172
688,2065,0,0,0,0.179
688,2070,0,0,0,0.18
688,2075,0,0,0,0.179
688,2080,0,0,0,0.176
688,2085,0,0,0,0.176
688,2090,0,0,0,0.178
688,2095,0,0,0,0.172
694,2010,0,0,0,0.07
694,2015,0,0,0,0.066
694,2020,0,0,0,0.066
694,2025,0,0,0,0.066
694,2030,0,0,0,0.067
694,2035,0,0,0,0.07
694,2040,0,0,0,0.075
694,2045,0,0,0,0.08
694,2050,0,0,0,0.085
694,2055,0,0,0,0.094
694,2060,0,0,0,0.102
694,2065,0,0,0,0.113
694,2070,0,0,0,0.123
694,2075,0,0,0,0.132
694,2080,0,0,0,0.138
694,2085,0,0,0,0.143
694,2090,0,0,0,0.147
694,2095,0,0,0,0.148
702,2010,0,0,0,0.056
702,2015,0,0,0,0.057
702,2020,0,0,0,0.064
702,2025,0,0,0,0.075
702,2030,0,0,0,0.088
702,2035,0,0,0,0.102
702,2040,0,0,0,0.112
702,2045,0,0,0,0.121
702,2050,0,0,0,0.124
702,2055,0,0,0,0.123
702,2060,0,0,0,0.122
702,2065,0,0,0,0.123
702,2070,0,0,0,0.123
702,2075,0,0,0,0.129
702,2080,0,0,0,0.14
702,2085,0,0,0,0.149
702,2090,0,0,0,0.149
702,2095,0,0,0,0.145
703,2010,0,0,0,0.103
703,2015,0,0,0,0.102
703,2020,0,0,0,0.11
703,2025,0,0,0,0.123
703,2030,0,0,0,0.135
703,2035,0,0,0,0.142
703,2040,0,0,0,0.142
703,2045,0,0,0,0.144
703,2050,0,0,0,0.151
703,2055,0,0,0,0.164
703,2060,0,0,0,0.174
703,2065,0,0,0,0.181
703,2070,0,0,0,0.184
703,2075,0,0,0,0.178
703,2080,0,0,0,0.166
703,2085,0,0,0,0.153
703,2090,0,0,0,0.145
703,2095,0,0,0,0.145
704,2010,0,0,0,0.048
704,2015,0,0,0,0.046
704,2020,0,0,0,0.046
704,2025,0,0,0,0.055
704,2030,0,0,0,0.067
704,2035,0,0,0,0.083
704,2040,0,0,0,0.099
704,2045,0,0,0,0.112
704,2050,0,0,0,0.124
704,2055,0,0,0,0.134
704,2060,0,0,0,0.147
704,2065,0,0,0,0.164
704,2070,0,0,0,0.181
704,2075,0,0,0,0.19
704,2080,0,0,0,0.186
704,2085,0,0,0,0.181
704,2090,0,0,0,0.182
704,2095,0,0,0,0.184
705,2010,0,0,0,0.121
705,2015,0,0,0,0.12
705,2020,0,0,0,0.123
705,2025,0,0,0,0.133
705,2030,0,0,0,0.145
705,2035,0,0,0,0.155
705,2040,0,0,0,0.162
705,2045,0,0,0,0.163
705,2050,0,0,0,0.163
705,2055,0,0,0,0.165
705,2060,0,0,0,0.168
705,2065,0,0,0,0.169
705,2070,0,0,0,0.168
705,2075,0,0,0,0.16
705,2080,0,0,0,0.151
705,2085,0,0,0,0.142
705,2090,0,0,0,0.138
705,2095,0,0,0,0.14
706,2010,0,0,0,0.041
706,2015,0,0,0,0.043
706,2020,0,0,0,0.045
706,2025,0,0,0,0.048
706,2030,0,0,0,0.05
706,2035,0,0,0,0.055
706,2040,0,0,0,0.06
706,2045,0,0,0,0.064
706,2050,0,0,0,0.065
706,2055,0,0,0,0.067
706,2060,0,0,0,0.071
706,2065,0,0,0,0.078
706,2070,0,0,0,0.089
706,2075,0,0,0,0.1
706,2080,0,0,0,0.113
706,2085,0,0,0,0.118
706,2090,0,0,0,0.123
706,2095,0,0,0,0.127
710,2010,0,0,0,0.065
710,2015,0,0,0,0.069
710,2020,0,0,0,0.072
710,2025,0,0,0,0.078
710,2030,0,0,0,0.082
710,2035,0,0,0,0.083
710,2040,0,0,0,0.085
710,2045,0,0,0,0.089
710,2050,0,0,0,0.094
710,2055,0,0,0,0.102
710,2060,0,0,0,0.11
710,2065,0,0,0,0.118
710,2070,0,0,0,0.124
710,2075,0,0,0,0.128
710,2080,0,0,0,0.132
710,2085,0,0,0,0.136
710,2090,0,0,0,0.141
710,2095,0,0,0,0.15
716,2010,0,0,0,0.045
716,2015,0,0,0,0.046
716,2020,0,0,0,0.051
716,2025,0,0,0,0.051
716,2030,0,0,0,0.049
716,2035,0,0,0,0.045
716,2040,0,0,0,0.045
716,2045,0,0,0,0.051
716,2050,0,0,0,0.061
716,2055,0,0,0,0.076
716,2060,0,0,0,0.091
716,2065,0,0,0,0.104
716,2070,0,0,0,0.113
716,2075,0,0,0,0.118
716,2080,0,0,0,0.122
716,2085,0,0,0,0.125
716,2090,0,0,0,0.128
716,2095,0,0,0,0.13
724,2010,0,0,0,0.114
724,2015,0,0,0,0.109
724,2020,0,0,0,0.108
724,2025,0,0,0,0.111
724,2030,0,0,0,0.114
724,2035,0,0,0,0.122
724,2040,0,0,0,0.133
724,2045,0,0,0,0.144
724,2050,0,0,0,0.155
724,2055,0,0,0,0.166
724,2060,0,0,0,0.176
724,2065,0,0,0,0.178
724,2070,0,0,0,0.171
724,2075,0,0,0,0.161
724,2080,0,0,0,0.151
724,2085,0,0,0,0.142
724,2090,0,0,0,0.138
724,2095,0,0,0,0.142
736,2010,0,0,0,0.045
736,2015,0,0,0,0.046
736,2020,0,0,0,0.047
736,2025,0,0,0,0.051
736,2030,0,0,0,0.054
736,2035,0,0,0,0.059
736,2040,0,0,0,0.066
736,2045,0,0,0,0.073
736,2050,0,0,0,0.082
736,2055,0,0,0,0.091
736,2060,0,0,0,0.098
736,2065,0,0,0,0.109
736,2070,0,0,0,0.119
736,2075,0,0,0,0.128
736,2080,0,0,0,0.136
736,2085,0,0,0,0.143
736,2090,0,0,0,0.149
736,2095,0,0,0,0.153
740,2010,0,0,0,0.062
740,2015,0,0,0,0.061
740,2020,0,0,0,0.061
740,2025,0,0,0,0.065
740,2030,0,0,0,0.074
740,2035,0,0,0,0.086
740,2040,0,0,0,0.095
740,2045,0,0,0,0.103
740,2050,0,0,0,0.106
740,2055,0,0,0,0.109
740,2060,0,0,0,0.115
740,2065,0,0,0,0.12
740,2070,0,0,0,0.121
740,2075,0,0,0,0.127
740,2080,0,0,0,0.135
740,2085,0,0,0,0.139
740,2090,0,0,0,0.14
740,2095,0,0,0,0.142
748,2010,0,0,0,0.046
748,2015,0,0,0,0.049
748,2020,0,0,0,0.052
748,2025,0,0,0,0.058
748,2030,0,0,0,0.054
748,2035,0,0,0,0.055
748,2040,0,0,0,0.054
748,2045,0,0,0,0.059
748,2050,0,0,0,0.068
748,2055,0,0,0,0.078
748,2060,0,0,0,0.089
748,2065,0,0,0,0.096
748,2070,0,0,0,0.104
748,2075,0,0,0,0.111
748,2080,0,0,0,0.118
748,2085,0,0,0,0.125
748,2090,0,0,0,0.132
748,2095,0,0,0,0.138
752,2010,0,0,0,0.115
752,2015,0,0,0,0.115
752,2020,0,0,0,0.121
752,2025,0,0,0,0.125
752,2030,0,0,0,0.124
752,2035,0,0,0,0.122
752,2040,0,0,0,0.12
752,2045,0,0,0,0.119
752,2050,0,0,0,0.118
752,2055,0,0,0,0.116
752,2060,0,0,0,0.112
752,2065,0,0,0,0.108
752,2070,0,0,0,0.107
752,2075,0,0,0,0.112
752,2080,0,0,0,0.114
752,2085,0,0,0,0.111
752,2090,0,0,0,0.107
752,2095,0,0,0,0.106
756,2010,0,0,0,0.098
756,2015,0,0,0,0.098
756,2020,0,0,0,0.101
756,2025,0,0,0,0.109
756,2030,0,0,0,0.115
756,2035,0,0,0,0.121
756,2040,0,0,0,0.129
756,2045,0,0,0,0.139
756,2050,0,0,0,0.148
756,2055,0,0,0,0.149
756,2060,0,0,0,0.144
756,2065,0,0,0,0.138
756,2070,0,0,0,0.135
756,2075,0,0,0,0.134
756,2080,0,0,0,0.137
756,2085,0,0,0,0.136
756,2090,0,0,0,0.133
756,2095,0,0,0,0.131
760,2010,0,0,0,0.033
760,2015,0,0,0,0.033
760,2020,0,0,0,0.036
760,2025,0,0,0,0.042
760,2030,0,0,0,0.047
760,2035,0,0,0,0.051
760,2040,0,0,0,0.057
760,2045,0,0,0,0.063
760,2050,0,0,0,0.068
760,2055,0,0,0,0.074
760,2060,0,0,0,0.083
760,2065,0,0,0,0.092
760,2070,0,0,0,0.102
760,2075,0,0,0,0.114
760,2080,0,0,0,0.124
760,2085,0,0,0,0.133
760,2090,0,0,0,0.138
760,2095,0,0,0,0.138
762,2010,0,0,0,0.036
762,2015,0,0,0,0.033
762,2020,0,0,0,0.035
762,2025,0,0,0,0.041
762,2030,0,0,0,0.052
762,2035,0,0,0,0.061
762,2040,0,0,0,0.066
762,2045,0,0,0,0.07
762,2050,0,0,0,0.075
762,2055,0,0,0,0.083
762,2060,0,0,0,0.097
762,2065,0,0,0,0.11
762,2070,0,0,0,0.12
762,2075,0,0,0,0.127
762,2080,0,0,0,0.132
762,2085,0,0,0,0.136
762,2090,0,0,0,0.139
762,2095,0,0,0,0.142
764,2010,0,0,0,0.072
764,2015,0,0,0,0.078
764,2020,0,0,0,0.089
764,2025,0,0,0,0.103
764,2030,0,0,0,0.122
764,2035,0,0,0,0.139
764,2040,0,0,0,0.155
764,2045,0,0,0,0.166
764,2050,0,0,0,0.172
764,2055,0,0,0,0.176
764,2060,0,0,0,0.18
764,2065,0,0,0,0.185
764,2070,0,0,0,0.189
764,2075,0,0,0,0.194
764,2080,0,0,0,0.196
764,2085,0,0,0,0.196
764,2090,0,0,0,0.194
764,2095,0,0,0,0.194
768,2010,0,0,0,0.042
768,2015,0,0,0,0.042
768,2020,0,0,0,0.044
768,2025,0,0,0,0.046
768,2030,0,0,0,0.05
768,2035,0,0,0,0.055
768,2040,0,0,0,0.061
768,2045,0,0,0,0.071
768,2050,0,0,0,0.079
768,2055,0,0,0,0.089
768,2060,0,0,0,0.099
768,2065,0,0,0,0.107
768,2070,0,0,0,0.115
768,2075,0,0,0,0.122
768,2080,0,0,0,0.13
768,2085,0,0,0,0.135
768,2090,0,0,0,0.14
768,2095,0,0,0,0.143
776,2010,0,0,0,0.057
776,2015,0,0,0,0.053
776,2020,0,0,0,0.05
776,2025,0,0,0,0.053
776,2030,0,0,0,0.061
776,2035,0,0,0,0.066
776,2040,0,0,0,0.073
776,2045,0,0,0,0.084
776,2050,0,0,0,0.094
776,2055,0,0,0,0.103
776,2060,0,0,0,0.111
776,2065,0,0,0,0.113
776,2070,0,0,0,0.117
776,2075,0,0,0,0.124
776,2080,0,0,0,0.135
776,2085,0,0,0,0.147
776,2090,0,0,0,0.158
776,2095,0,0,0,0.162
780,2010,0,0,0,0.064
780,2015,0,0,0,0.067
780,2020,0,0,0,0.073
780,2025,0,0,0,0.084
780,2030,0,0,0,0.099
780,2035,0,0,0,0.118
780,2040,0,0,0,0.128
780,2045,0,0,0,0.137
780,2050,0,0,0,0.146
780,2055,0,0,0,0.161
780,2060,0,0,0,0.186
780,2065,0,0,0,0.204
780,2070,0,0,0,0.208
780,2075,0,0,0,0.202
780,2080,0,0,0,0.194
780,2085,0,0,0,0.191
780,2090,0,0,0,0.193
780,2095,0,0,0,0.196
784,2010,0,0,0,0.003
784,2015,0,0,0,0.004
784,2020,0,0,0,0.007
784,2025,0,0,0,0.014
784,2030,0,0,0,0.025
784,2035,0,0,0,0.039
784,2040,0,0,0,0.057
784,2045,0,0,0,0.079
784,2050,0,0,0,0.106
784,2055,0,0,0,0.136
784,2060,0,0,0,0.161
784,2065,0,0,0,0.172
784,2070,0,0,0,0.166
784,2075,0,0,0,0.157
784,2080,0,0,0,0.153
784,2085,0,0,0,0.15
784,2090,0,0,0,0.152
784,2095,0,0,0,0.16
788,2010,0,0,0,0.068
788,2015,0,0,0,0.067
788,2020,0,0,0,0.072
788,2025,0,0,0,0.081
788,2030,0,0,0,0.092
788,2035,0,0,0,0.103
788,2040,0,0,0,0.113
788,2045,0,0,0,0.123
788,2050,0,0,0,0.136
788,2055,0,0,0,0.15
788,2060,0,0,0,0.166
788,2065,0,0,0,0.179
788,2070,0,0,0,0.184
788,2075,0,0,0,0.18
788,2080,0,0,0,0.172
788,2085,0,0,0,0.17
788,2090,0,0,0,0.172
788,2095,0,0,0,0.176
792,2010,0,0,0,0.061
792,2015,0,0,0,0.063
792,2020,0,0,0,0.071
792,2025,0,0,0,0.078
792,2030,0,0,0,0.089
792,2035,0,0,0,0.099
792,2040,0,0,0,0.108
792,2045,0,0,0,0.118
792,2050,0,0,0,0.128
792,2055,0,0,0,0.141
792,2060,0,0,0,0.148
792,2065,0,0,0,0.153
792,2070,0,0,0,0.159
792,2075,0,0,0,0.163
792,2080,0,0,0,0.164
792,2085,0,0,0,0.167
792,2090,0,0,0,0.169
792,2095,0,0,0,0.171
795,2010,0,0,0,0.046
795,2015,0,0,0,0.046
795,2020,0,0,0,0.051
795,2025,0,0,0,0.061
795,2030,0,0,0,0.074
795,2035,0,0,0,0.083
795,2040,0,0,0,0.09
795,2045,0,0,0,0.097
795,2050,0,0,0,0.105
795,2055,0,0,0,0.115
795,2060,0,0,0,0.13
795,2065,0,0,0,0.143
795,2070,0,0,0,0.146
795,2075,0,0,0,0.147
795,2080,0,0,0,0.149
795,2085,0,0,0,0.152
795,2090,0,0,0,0.157
795,2095,0,0,0,0.162
800,2010,0,0,0,0.032
800,2015,0,0,0,0.031
800,2020,0,0,0,0.03
800,2025,0,0,0,0.029
800,2030,0,0,0,0.028
800,2035,0,0,0,0.029
800,2040,0,0,0,0.031
800,2045,0,0,0,0.034
800,2050,0,0,0,0.037
800,2055,0,0,0,0.041
800,2060,0,0,0,0.045
800,2065,0,0,0,0.049
800,2070,0,0,0,0.054
800,2075,0,0,0,0.06
800,2080,0,0,0,0.066
800,2085,0,0,0,0.073
800,2090,0,0,0,0.08
800,2095,0,0,0,0.088
804,2010,0,0,0,0.167
804,2015,0,0,0,0.161
804,2020,0,0,0,0.16
804,2025,0,0,0,0.164
804,2030,0,0,0,0.17
804,2035,0,0,0,0.173
804,2040,0,0,0,0.17
804,2045,0,0,0,0.17
804,2050,0,0,0,0.173
804,2055,0,0,0,0.18
804,2060,0,0,0,0.19
804,2065,0,0,0,0.192
804,2070,0,0,0,0.185
804,2075,0,0,0,0.17
804,2080,0,0,0,0.158
804,2085,0,0,0,0.155
804,2090,0,0,0,0.158
804,2095,0,0,0,0.164
807,2010,0,0,0,0.114
807,2015,0,0,0,0.114
807,2020,0,0,0,0.119
807,2025,0,0,0,0.127
807,2030,0,0,0,0.135
807,2035,0,0,0,0.142
807,2040,0,0,0,0.147
807,2045,0,0,0,0.152
807,2050,0,0,0,0.159
807,2055,0,0,0,0.168
807,2060,0,0,0,0.178
807,2065,0,0,0,0.187
807,2070,0,0,0,0.192
807,2075,0,0,0,0.192
807,2080,0,0,0,0.188
807,2085,0,0,0,0.181
807,2090,0,0,0,0.176
807,2095,0,0,0,0.173
818,2010,0,0,0,0.053
818,2015,0,0,0,0.057
818,2020,0,0,0,0.061
818,2025,0,0,0,0.067
818,2030,0,0,0,0.072
818,2035,0,0,0,0.076
818,2040,0,0,0,0.079
818,2045,0,0,0,0.082
818,2050,0,0,0,0.088
818,2055,0,0,0,0.098
818,2060,0,0,0,0.11
818,2065,0,0,0,0.118
818,2070,0,0,0,0.123
818,2075,0,0,0,0.127
818,2080,0,0,0,0.131
818,2085,0,0,0,0.135
818,2090,0,0,0,0.14
818,2095,0,0,0,0.146
826,2010,0,0,0,0.11
826,2015,0,0,0,0.108
826,2020,0,0,0,0.111
826,2025,0,0,0,0.115
826,2030,0,0,0,0.115
826,2035,0,0,0,0.119
826,2040,0,0,0,0.124
826,2045,0,0,0,0.128
826,2050,0,0,0,0.129
826,2055,0,0,0,0.126
826,2060,0,0,0,0.122
826,2065,0,0,0,0.121
826,2070,0,0,0,0.122
826,2075,0,0,0,0.123
826,2080,0,0,0,0.122
826,2085,0,0,0,0.12
826,2090,0,0,0,0.117
826,2095,0,0,0,0.117
830,2010,0,0,0,0.113
830,2015,0,0,0,0.11
830,2020,0,0,0,0.117
830,2025,0,0,0,0.125
830,2030,0,0,0,0.13
830,2035,0,0,0,0.135
830,2040,0,0,0,0.145
830,2045,0,0,0,0.151
830,2050,0,0,0,0.15
830,2055,0,0,0,0.145
830,2060,0,0,0,0.138
830,2065,0,0,0,0.135
830,2070,0,0,0,0.135
830,2075,0,0,0,0.138
830,2080,0,0,0,0.141
830,2085,0,0,0,0.143
830,2090,0,0,0,0.144
830,2095,0,0,0,0.144
834,2010,0,0,0,0.036
834,2015,0,0,0,0.036
834,2020,0,0,0,0.036
834,2025,0,0,0,0.035
834,2030,0,0,0,0.036
834,2035,0,0,0,0.037
834,2040,0,0,0,0.039
834,2045,0,0,0,0.043
834,2050,0,0,0,0.048
834,2055,0,0,0,0.052
834,2060,0,0,0,0.057
834,2065,0,0,0,0.062
834,2070,0,0,0,0.067
834,2075,0,0,0,0.074
834,2080,0,0,0,0.084
834,2085,0,0,0,0.093
834,2090,0,0,0,0.1
834,2095,0,0,0,0.106
840,2010,0,0,0,0.086
840,2015,0,0,0,0.086
840,2020,0,0,0,0.091
840,2025,0,0,0,0.1
840,2030,0,0,0,0.109
840,2035,0,0,0,0.119
840,2040,0,0,0,0.124
840,2045,0,0,0,0.122
840,2050,0,0,0,0.117
840,2055,0,0,0,0.112
840,2060,0,0,0,0.109
840,2065,0,0,0,0.111
840,2070,0,0,0,0.113
840,2075,0,0,0,0.117
840,2080,0,0,0,0.116
840,2085,0,0,0,0.116
840,2090,0,0,0,0.117
840,2095,0,0,0,0.119
850,2010,0,0,0,0.076
850,2015,0,0,0,0.09
850,2020,0,0,0,0.109
850,2025,0,0,0,0.128
850,2030,0,0,0,0.14
850,2035,0,0,0,0.152
850,2040,0,0,0,0.163
850,2045,0,0,0,0.172
850,2050,0,0,0,0.174
850,2055,0,0,0,0.169
850,2060,0,0,0,0.154
850,2065,0,0,0,0.15
850,2070,0,0,0,0.153
850,2075,0,0,0,0.163
850,2080,0,0,0,0.177
850,2085,0,0,0,0.182
850,2090,0,0,0,0.182
850,2095,0,0,0,0.179
854,2010,0,0,0,0.038
854,2015,0,0,0,0.036
854,2020,0,0,0,0.036
854,2025,0,0,0,0.037
854,2030,0,0,0,0.04
854,2035,0,0,0,0.044
854,2040,0,0,0,0.049
854,2045,0,0,0,0.054
854,2050,0,0,0,0.06
854,2055,0,0,0,0.066
854,2060,0,0,0,0.072
854,2065,0,0,0,0.077
854,2070,0,0,0,0.083
854,2075,0,0,0,0.089
854,2080,0,0,0,0.095
854,2085,0,0,0,0.101
854,2090,0,0,0,0.106
854,2095,0,0,0,0.111
858,2010,0,0,0,0.104
858,2015,0,0,0,0.102
858,2020,0,0,0,0.1
858,2025,0,0,0,0.101
858,2030,0,0,0,0.104
858,2035,0,0,0,0.111
858,2040,0,0,0,0.117
858,2045,0,0,0,0.12
858,2050,0,0,0,0.125
858,2055,0,0,0,0.133
858,2060,0,0,0,0.138
858,2065,0,0,0,0.142
858,2070,0,0,0,0.147
858,2075,0,0,0,0.153
858,2080,0,0,0,0.157
858,2085,0,0,0,0.16
858,2090,0,0,0,0.162
858,2095,0,0,0,0.164
860,2010,0,0,0,0.043
860,2015,0,0,0,0.04
860,2020,0,0,0,0.043
860,2025,0,0,0,0.052
860,2030,0,0,0,0.063
860,2035,0,0,0,0.075
860,2040,0,0,0,0.082
860,2045,0,0,0,0.09
860,2050,0,0,0,0.096
860,2055,0,0,0,0.106
860,2060,0,0,0,0.12
860,2065,0,0,0,0.136
860,2070,0,0,0,0.147
860,2075,0,0,0,0.151
860,2080,0,0,0,0.149
860,2085,0,0,0,0.15
860,2090,0,0,0,0.152
860,2095,0,0,0,0.156
862,2010,0,0,0,0.042
862,2015,0,0,0,0.045
862,2020,0,0,0,0.05
862,2025,0,0,0,0.055
862,2030,0,0,0,0.061
862,2035,0,0,0,0.069
862,2040,0,0,0,0.077
862,2045,0,0,0,0.083
862,2050,0,0,0,0.089
862,2055,0,0,0,0.096
862,2060,0,0,0,0.103
862,2065,0,0,0,0.111
862,2070,0,0,0,0.12
862,2075,0,0,0,0.126
862,2080,0,0,0,0.132
862,2085,0,0,0,0.138
862,2090,0,0,0,0.143
862,2095,0,0,0,0.148
882,2010,0,0,0,0.049
882,2015,0,0,0,0.05
882,2020,0,0,0,0.053
882,2025,0,0,0,0.06
882,2030,0,0,0,0.069
882,2035,0,0,0,0.079
882,2040,0,0,0,0.09
882,2045,0,0,0,0.101
882,2050,0,0,0,0.11
882,2055,0,0,0,0.116
882,2060,0,0,0,0.117
882,2065,0,0,0,0.118
882,2070,0,0,0,0.123
882,2075,0,0,0,0.134
882,2080,0,0,0,0.149
882,2085,0,0,0,0.161
882,2090,0,0,0,0.168
882,2095,0,0,0,0.168
887,2010,0,0,0,0.034
887,2015,0,0,0,0.035
887,2020,0,0,0,0.034
887,2025,0,0,0,0.035
887,2030,0,0,0,0.037
887,2035,0,0,0,0.039
887,2040,0,0,0,0.04
887,2045,0,0,0,0.048
887,2050,0,0,0,0.058
887,2055,0,0,0,0.066
887,2060,0,0,0,0.074
887,2065,0,0,0,0.081
887,2070,0,0,0,0.086
887,2075,0,0,0,0.092
887,2080,0,0,0,0.099
887,2085,0,0,0,0.108
887,2090,0,0,0,0.116
887,2095,0,0,0,0.122
894,2010,0,0,0,0.041
894,2015,0,0,0,0.038
894,2020,0,0,0,0.037
894,2025,0,0,0,0.033
894,2030,0,0,0,0.032
894,2035,0,0,0,0.032
894,2040,0,0,0,0.035
894,2045,0,0,0,0.038
894,2050,0,0,0,0.041
894,2055,0,0,0,0.045
894,2060,0,0,0,0.048
894,2065,0,0,0,0.054
894,2070,0,0,0,0.059
894,2075,0,0,0,0.066
894,2080,0,0,0,0.074
894,2085,0,0,0,0.081
894,2090,0,0,0,0.088
894,2095,0,0,0,0.096
900,2010,0,0,0,0.065
900,2015,0,0,0,0.065
900,2020,0,0,0,0.068
900,2025,0,0,0,0.074
900,2030,0,0,0,0.08
900,2035,0,0,0,0.086
900,2040,0,0,0,0.092
900,2045,0,0,0,0.098
900,2050,0,0,0,0.103
900,2055,0,0,0,0.107
900,2060,0,0,0,0.113
900,2065,0,0,0,0.12
900,2070,0,0,0,0.124
900,2075,0,0,0,0.127
900,2080,0,0,0,0.128
900,2085,0,0,0,0.13
900,2090,0,0,0,0.132
900,2095,0,0,0,0.134
903,2010,0,0,0,0.044
903,2015,0,0,0,0.044
903,2020,0,0,0,0.045
903,2025,0,0,0,0.046
903,2030,0,0,0,0.048
903,2035,0,0,0,0.05
903,2040,0,0,0,0.053
903,2045,0,0,0,0.057
903,2050,0,0,0,0.062
903,2055,0,0,0,0.068
903,2060,0,0,0,0.073
903,2065,0,0,0,0.078
903,2070,0,0,0,0.084
903,2075,0,0,0,0.089
903,2080,0,0,0,0.096
903,2085,0,0,0,0.102
903,2090,0,0,0,0.108
903,2095,0,0,0,0.112
935,2010,0,0,0,0.063
935,2015,0,0,0,0.064
935,2020,0,0,0,0.07
935,2025,0,0,0,0.078
935,2030,0,0,0,0.085
935,2035,0,0,0,0.094
935,2040,0,0,0,0.104
935,2045,0,0,0,0.113
935,2050,0,0,0,0.119
935,2055,0,0,0,0.126
935,2060,0,0,0,0.135
935,2065,0,0,0,0.145
935,2070,0,0,0,0.151
935,2075,0,0,0,0.156
935,2080,0,0,0,0.158
935,2085,0,0,0,0.16
935,2090,0,0,0,0.162
935,2095,0,0,0,0.164
908,2010,0,0,0,0.126
908,2015,0,0,0,0.12
908,2020,0,0,0,0.12
908,2025,0,0,0,0.125
908,2030,0,0,0,0.132
908,2035,0,0,0,0.139
908,2040,0,0,0,0.145
908,2045,0,0,0,0.148
908,2050,0,0,0,0.148
908,2055,0,0,0,0.149
908,2060,0,0,0,0.151
908,2065,0,0,0,0.153
908,2070,0,0,0,0.154
908,2075,0,0,0,0.149
908,2080,0,0,0,0.142
908,2085,0,0,0,0.136
908,2090,0,0,0,0.134
908,2095,0,0,0,0.135
904,2010,0,0,0,0.049
904,2015,0,0,0,0.051
904,2020,0,0,0,0.053
904,2025,0,0,0,0.058
904,2030,0,0,0,0.064
904,2035,0,0,0,0.072
904,2040,0,0,0,0.081
904,2045,0,0,0,0.089
904,2050,0,0,0,0.097
904,2055,0,0,0,0.104
904,2060,0,0,0,0.112
904,2065,0,0,0,0.119
904,2070,0,0,0,0.126
904,2075,0,0,0,0.132
904,2080,0,0,0,0.137
904,2085,0,0,0,0.142
904,2090,0,0,0,0.145
904,2095,0,0,0,0.146
905,2010,0,0,0,0.086
905,2015,0,0,0,0.086
905,2020,0,0,0,0.091
905,2025,0,0,0,0.1
905,2030,0,0,0,0.109
905,2035,0,0,0,0.119
905,2040,0,0,0,0.125
905,2045,0,0,0,0.122
905,2050,0,0,0,0.118
905,2055,0,0,0,0.112
905,2060,0,0,0,0.109
905,2065,0,0,0,0.111
905,2070,0,0,0,0.113
905,2075,0,0,0,0.117
905,2080,0,0,0,0.117
905,2085,0,0,0,0.116
905,2090,0,0,0,0.117
905,2095,0,0,0,0.119
909,2010,0,0,0,0.064
909,2015,0,0,0,0.062
909,2020,0,0,0,0.064
909,2025,0,0,0,0.07
909,2030,0,0,0,0.074
909,2035,0,0,0,0.078
909,2040,0,0,0,0.083
909,2045,0,0,0,0.085
909,2050,0,0,0,0.087
909,2055,0,0,0,0.088
909,2060,0,0,0,0.088
909,2065,0,0,0,0.089
909,2070,0,0,0,0.093
909,2075,0,0,0,0.097
909,2080,0,0,0,0.102
909,2085,0,0,0,0.104
909,2090,0,0,0,0.105
909,2095,0,0,0,0.107
