"isono","year","sexno","ageno","eduno","ryl15"
4,2010,0,0,0,58.5
4,2015,0,0,0,58.9
4,2020,0,0,0,59.3
4,2025,0,0,0,59.8
4,2030,0,0,0,60.3
4,2035,0,0,0,60.8
4,2040,0,0,0,61.4
4,2045,0,0,0,61.9
4,2050,0,0,0,62.5
4,2055,0,0,0,63
4,2060,0,0,0,63.5
4,2065,0,0,0,64
4,2070,0,0,0,64.6
4,2075,0,0,0,65.1
4,2080,0,0,0,65.8
4,2085,0,0,0,66.5
4,2090,0,0,0,67.2
4,2095,0,0,0,67.8
8,2010,0,0,0,67.6
8,2015,0,0,0,68.5
8,2020,0,0,0,69.4
8,2025,0,0,0,70.3
8,2030,0,0,0,71.2
8,2035,0,0,0,72.1
8,2040,0,0,0,73
8,2045,0,0,0,73.8
8,2050,0,0,0,74.7
8,2055,0,0,0,75.6
8,2060,0,0,0,76.5
8,2065,0,0,0,77.3
8,2070,0,0,0,78.1
8,2075,0,0,0,78.9
8,2080,0,0,0,79.7
8,2085,0,0,0,80.5
8,2090,0,0,0,81.5
8,2095,0,0,0,82.5
12,2010,0,0,0,65.3
12,2015,0,0,0,66
12,2020,0,0,0,66.6
12,2025,0,0,0,67.4
12,2030,0,0,0,68.1
12,2035,0,0,0,68.8
12,2040,0,0,0,69.5
12,2045,0,0,0,70.4
12,2050,0,0,0,71.2
12,2055,0,0,0,72.1
12,2060,0,0,0,72.9
12,2065,0,0,0,73.7
12,2070,0,0,0,74.5
12,2075,0,0,0,75.4
12,2080,0,0,0,76.3
12,2085,0,0,0,77.2
12,2090,0,0,0,78.1
12,2095,0,0,0,78.9
24,2010,0,0,0,60.8
24,2015,0,0,0,61.4
24,2020,0,0,0,61.7
24,2025,0,0,0,62.2
24,2030,0,0,0,62.4
24,2035,0,0,0,62.6
24,2040,0,0,0,62.9
24,2045,0,0,0,63.1
24,2050,0,0,0,63.5
24,2055,0,0,0,64
24,2060,0,0,0,64.3
24,2065,0,0,0,64.6
24,2070,0,0,0,65
24,2075,0,0,0,65.5
24,2080,0,0,0,66.1
24,2085,0,0,0,66.6
24,2090,0,0,0,67.3
24,2095,0,0,0,68
31,2010,0,0,0,64.3
31,2015,0,0,0,64.9
31,2020,0,0,0,65.5
31,2025,0,0,0,66.1
31,2030,0,0,0,66.7
31,2035,0,0,0,67.2
31,2040,0,0,0,67.9
31,2045,0,0,0,68.6
31,2050,0,0,0,69.4
31,2055,0,0,0,70.2
31,2060,0,0,0,70.9
31,2065,0,0,0,71.5
31,2070,0,0,0,72.2
31,2075,0,0,0,73.1
31,2080,0,0,0,73.9
31,2085,0,0,0,74.8
31,2090,0,0,0,75.7
31,2095,0,0,0,76.4
32,2010,0,0,0,68.6
32,2015,0,0,0,69.3
32,2020,0,0,0,70.1
32,2025,0,0,0,70.8
32,2030,0,0,0,71.6
32,2035,0,0,0,72.3
32,2040,0,0,0,73
32,2045,0,0,0,73.8
32,2050,0,0,0,74.7
32,2055,0,0,0,75.6
32,2060,0,0,0,76.6
32,2065,0,0,0,77.6
32,2070,0,0,0,78.5
32,2075,0,0,0,79.4
32,2080,0,0,0,80.4
32,2085,0,0,0,81.4
32,2090,0,0,0,82.4
32,2095,0,0,0,83.5
36,2010,0,0,0,72.6
36,2015,0,0,0,73.6
36,2020,0,0,0,74.6
36,2025,0,0,0,75.5
36,2030,0,0,0,76.3
36,2035,0,0,0,77.2
36,2040,0,0,0,78
36,2045,0,0,0,78.8
36,2050,0,0,0,79.7
36,2055,0,0,0,80.5
36,2060,0,0,0,81.4
36,2065,0,0,0,82.3
36,2070,0,0,0,83.2
36,2075,0,0,0,84
36,2080,0,0,0,84.9
36,2085,0,0,0,85.8
36,2090,0,0,0,86.8
36,2095,0,0,0,87.8
40,2010,0,0,0,71.3
40,2015,0,0,0,72.2
40,2020,0,0,0,73.2
40,2025,0,0,0,74.1
40,2030,0,0,0,75
40,2035,0,0,0,76
40,2040,0,0,0,77.1
40,2045,0,0,0,78
40,2050,0,0,0,78.8
40,2055,0,0,0,79.5
40,2060,0,0,0,80.3
40,2065,0,0,0,81.2
40,2070,0,0,0,82
40,2075,0,0,0,82.8
40,2080,0,0,0,83.6
40,2085,0,0,0,84.4
40,2090,0,0,0,85.2
40,2095,0,0,0,86.3
44,2010,0,0,0,67.7
44,2015,0,0,0,67.7
44,2020,0,0,0,68.4
44,2025,0,0,0,69.1
44,2030,0,0,0,70.4
44,2035,0,0,0,71.1
44,2040,0,0,0,71.7
44,2045,0,0,0,72.4
44,2050,0,0,0,73.2
44,2055,0,0,0,74
44,2060,0,0,0,74.7
44,2065,0,0,0,75.6
44,2070,0,0,0,76.5
44,2075,0,0,0,77.3
44,2080,0,0,0,78.1
44,2085,0,0,0,79
44,2090,0,0,0,79.9
44,2095,0,0,0,80.8
48,2010,0,0,0,64.9
48,2015,0,0,0,66.4
48,2020,0,0,0,67.6
48,2025,0,0,0,68.5
48,2030,0,0,0,69.4
48,2035,0,0,0,70.1
48,2040,0,0,0,70.9
48,2045,0,0,0,71.8
48,2050,0,0,0,72.6
48,2055,0,0,0,73.5
48,2060,0,0,0,74.2
48,2065,0,0,0,75
48,2070,0,0,0,76
48,2075,0,0,0,77
48,2080,0,0,0,78
48,2085,0,0,0,78.9
48,2090,0,0,0,79.8
48,2095,0,0,0,80.7
50,2010,0,0,0,64.2
50,2015,0,0,0,64.6
50,2020,0,0,0,65.2
50,2025,0,0,0,65.8
50,2030,0,0,0,66.4
50,2035,0,0,0,67
50,2040,0,0,0,67.6
50,2045,0,0,0,68.4
50,2050,0,0,0,69.2
50,2055,0,0,0,70
50,2060,0,0,0,70.9
50,2065,0,0,0,71.9
50,2070,0,0,0,72.7
50,2075,0,0,0,73.5
50,2080,0,0,0,74.4
50,2085,0,0,0,75.3
50,2090,0,0,0,76.3
50,2095,0,0,0,77.2
51,2010,0,0,0,67.1
51,2015,0,0,0,67.8
51,2020,0,0,0,68.6
51,2025,0,0,0,69.5
51,2030,0,0,0,70.2
51,2035,0,0,0,70.9
51,2040,0,0,0,71.6
51,2045,0,0,0,72.4
51,2050,0,0,0,73.3
51,2055,0,0,0,74.2
51,2060,0,0,0,74.9
51,2065,0,0,0,75.7
51,2070,0,0,0,76.4
51,2075,0,0,0,77.2
51,2080,0,0,0,78
51,2085,0,0,0,78.9
51,2090,0,0,0,79.7
51,2095,0,0,0,80.7
52,2010,0,0,0,68.3
52,2015,0,0,0,69.4
52,2020,0,0,0,70.4
52,2025,0,0,0,71.4
52,2030,0,0,0,72.3
52,2035,0,0,0,73.1
52,2040,0,0,0,73.9
52,2045,0,0,0,74.7
52,2050,0,0,0,75.6
52,2055,0,0,0,76.5
52,2060,0,0,0,77.3
52,2065,0,0,0,78.2
52,2070,0,0,0,79.1
52,2075,0,0,0,79.9
52,2080,0,0,0,80.8
52,2085,0,0,0,81.8
52,2090,0,0,0,82.7
52,2095,0,0,0,83.7
56,2010,0,0,0,70.9
56,2015,0,0,0,71.8
56,2020,0,0,0,72.8
56,2025,0,0,0,73.6
56,2030,0,0,0,74.4
56,2035,0,0,0,75.3
56,2040,0,0,0,76.1
56,2045,0,0,0,76.9
56,2050,0,0,0,77.8
56,2055,0,0,0,78.6
56,2060,0,0,0,79.4
56,2065,0,0,0,80.3
56,2070,0,0,0,81.3
56,2075,0,0,0,82.2
56,2080,0,0,0,83.1
56,2085,0,0,0,84
56,2090,0,0,0,84.9
56,2095,0,0,0,85.9
64,2010,0,0,0,64.5
64,2015,0,0,0,65.1
64,2020,0,0,0,65.9
64,2025,0,0,0,66.5
64,2030,0,0,0,67.4
64,2035,0,0,0,68.2
64,2040,0,0,0,69.2
64,2045,0,0,0,70
64,2050,0,0,0,71
64,2055,0,0,0,71.9
64,2060,0,0,0,72.7
64,2065,0,0,0,73.6
64,2070,0,0,0,74.4
64,2075,0,0,0,75.2
64,2080,0,0,0,76
64,2085,0,0,0,76.9
64,2090,0,0,0,77.7
64,2095,0,0,0,78.6
68,2010,0,0,0,63.9
68,2015,0,0,0,64.6
68,2020,0,0,0,65
68,2025,0,0,0,65.5
68,2030,0,0,0,66
68,2035,0,0,0,66.5
68,2040,0,0,0,67
68,2045,0,0,0,67.5
68,2050,0,0,0,68
68,2055,0,0,0,68.5
68,2060,0,0,0,69.1
68,2065,0,0,0,69.7
68,2070,0,0,0,70.3
68,2075,0,0,0,71
68,2080,0,0,0,71.7
68,2085,0,0,0,72.3
68,2090,0,0,0,73.1
68,2095,0,0,0,73.8
70,2010,0,0,0,67.1
70,2015,0,0,0,68.2
70,2020,0,0,0,69.1
70,2025,0,0,0,69.9
70,2030,0,0,0,70.8
70,2035,0,0,0,71.7
70,2040,0,0,0,72.5
70,2045,0,0,0,73.3
70,2050,0,0,0,74.1
70,2055,0,0,0,74.8
70,2060,0,0,0,75.7
70,2065,0,0,0,76.5
70,2070,0,0,0,77.2
70,2075,0,0,0,78
70,2080,0,0,0,78.9
70,2085,0,0,0,79.7
70,2090,0,0,0,80.7
70,2095,0,0,0,81.6
72,2010,0,0,0,62.7
72,2015,0,0,0,62.8
72,2020,0,0,0,62.9
72,2025,0,0,0,63.4
72,2030,0,0,0,63.3
72,2035,0,0,0,62.8
72,2040,0,0,0,63.3
72,2045,0,0,0,63.4
72,2050,0,0,0,64.1
72,2055,0,0,0,64.8
72,2060,0,0,0,65.5
72,2065,0,0,0,66.1
72,2070,0,0,0,66.5
72,2075,0,0,0,66.9
72,2080,0,0,0,67.4
72,2085,0,0,0,67.9
72,2090,0,0,0,68.3
72,2095,0,0,0,68.7
76,2010,0,0,0,69.6
76,2015,0,0,0,70.5
76,2020,0,0,0,71.5
76,2025,0,0,0,72.4
76,2030,0,0,0,73.3
76,2035,0,0,0,74.1
76,2040,0,0,0,74.9
76,2045,0,0,0,75.5
76,2050,0,0,0,76.2
76,2055,0,0,0,76.9
76,2060,0,0,0,77.5
76,2065,0,0,0,78.3
76,2070,0,0,0,78.9
76,2075,0,0,0,79.6
76,2080,0,0,0,80.3
76,2085,0,0,0,81.1
76,2090,0,0,0,81.8
76,2095,0,0,0,82.5
84,2010,0,0,0,69.2
84,2015,0,0,0,69.7
84,2020,0,0,0,70.3
84,2025,0,0,0,71
84,2030,0,0,0,71.6
84,2035,0,0,0,72
84,2040,0,0,0,72.5
84,2045,0,0,0,73
84,2050,0,0,0,73.7
84,2055,0,0,0,74.5
84,2060,0,0,0,75.3
84,2065,0,0,0,76.2
84,2070,0,0,0,77.1
84,2075,0,0,0,77.9
84,2080,0,0,0,78.7
84,2085,0,0,0,79.6
84,2090,0,0,0,80.5
84,2095,0,0,0,81.5
90,2010,0,0,0,62.3
90,2015,0,0,0,62.6
90,2020,0,0,0,62.5
90,2025,0,0,0,62.7
90,2030,0,0,0,63.2
90,2035,0,0,0,63.6
90,2040,0,0,0,63.8
90,2045,0,0,0,64.1
90,2050,0,0,0,64.5
90,2055,0,0,0,65.1
90,2060,0,0,0,65.6
90,2065,0,0,0,66.3
90,2070,0,0,0,67
90,2075,0,0,0,67.8
90,2080,0,0,0,68.5
90,2085,0,0,0,69.2
90,2090,0,0,0,70
90,2095,0,0,0,70.9
96,2010,0,0,0,71.6
96,2015,0,0,0,72.8
96,2020,0,0,0,73.9
96,2025,0,0,0,74.9
96,2030,0,0,0,75.8
96,2035,0,0,0,76.7
96,2040,0,0,0,77.6
96,2045,0,0,0,78.5
96,2050,0,0,0,79.3
96,2055,0,0,0,80.3
96,2060,0,0,0,81.3
96,2065,0,0,0,82.2
96,2070,0,0,0,83.1
96,2075,0,0,0,84
96,2080,0,0,0,84.8
96,2085,0,0,0,85.7
96,2090,0,0,0,86.7
96,2095,0,0,0,87.6
100,2010,0,0,0,65.3
100,2015,0,0,0,66.1
100,2020,0,0,0,67
100,2025,0,0,0,67.8
100,2030,0,0,0,68.6
100,2035,0,0,0,69.4
100,2040,0,0,0,70.4
100,2045,0,0,0,71.3
100,2050,0,0,0,72.2
100,2055,0,0,0,73
100,2060,0,0,0,73.9
100,2065,0,0,0,74.7
100,2070,0,0,0,75.6
100,2075,0,0,0,76.5
100,2080,0,0,0,77.6
100,2085,0,0,0,78.5
100,2090,0,0,0,79.5
100,2095,0,0,0,80.4
104,2010,0,0,0,62.4
104,2015,0,0,0,62.1
104,2020,0,0,0,62.6
104,2025,0,0,0,62.5
104,2030,0,0,0,63.1
104,2035,0,0,0,63.2
104,2040,0,0,0,63.8
104,2045,0,0,0,64.1
104,2050,0,0,0,64.4
104,2055,0,0,0,64.9
104,2060,0,0,0,65.5
104,2065,0,0,0,66.2
104,2070,0,0,0,66.9
104,2075,0,0,0,67.7
104,2080,0,0,0,68.4
104,2085,0,0,0,69.2
104,2090,0,0,0,69.9
104,2095,0,0,0,70.8
108,2010,0,0,0,61.3
108,2015,0,0,0,61.6
108,2020,0,0,0,61.5
108,2025,0,0,0,62
108,2030,0,0,0,62
108,2035,0,0,0,62.6
108,2040,0,0,0,62.7
108,2045,0,0,0,63.1
108,2050,0,0,0,63.6
108,2055,0,0,0,64
108,2060,0,0,0,64.3
108,2065,0,0,0,64.6
108,2070,0,0,0,65
108,2075,0,0,0,65.5
108,2080,0,0,0,66.2
108,2085,0,0,0,66.8
108,2090,0,0,0,67.5
108,2095,0,0,0,68.2
112,2010,0,0,0,64.9
112,2015,0,0,0,66
112,2020,0,0,0,67.2
112,2025,0,0,0,68.1
112,2030,0,0,0,69
112,2035,0,0,0,69.8
112,2040,0,0,0,70.7
112,2045,0,0,0,71.7
112,2050,0,0,0,72.6
112,2055,0,0,0,73.5
112,2060,0,0,0,74.3
112,2065,0,0,0,75.1
112,2070,0,0,0,75.9
112,2075,0,0,0,76.8
112,2080,0,0,0,77.7
112,2085,0,0,0,78.6
112,2090,0,0,0,79.5
112,2095,0,0,0,80.3
116,2010,0,0,0,62.4
116,2015,0,0,0,62.9
116,2020,0,0,0,63.2
116,2025,0,0,0,63.4
116,2030,0,0,0,63.8
116,2035,0,0,0,64.2
116,2040,0,0,0,64.9
116,2045,0,0,0,65.6
116,2050,0,0,0,66.2
116,2055,0,0,0,66.9
116,2060,0,0,0,67.6
116,2065,0,0,0,68.3
116,2070,0,0,0,68.9
116,2075,0,0,0,69.7
116,2080,0,0,0,70.5
116,2085,0,0,0,71.4
116,2090,0,0,0,72.3
116,2095,0,0,0,73.1
120,2010,0,0,0,61.5
120,2015,0,0,0,61.9
120,2020,0,0,0,62.2
120,2025,0,0,0,62.5
120,2030,0,0,0,62.8
120,2035,0,0,0,62.9
120,2040,0,0,0,63.4
120,2045,0,0,0,63.5
120,2050,0,0,0,63.8
120,2055,0,0,0,64.2
120,2060,0,0,0,64.7
120,2065,0,0,0,65.1
120,2070,0,0,0,65.3
120,2075,0,0,0,65.9
120,2080,0,0,0,66.5
120,2085,0,0,0,67.2
120,2090,0,0,0,67.7
120,2095,0,0,0,68.4
124,2010,0,0,0,71.7
124,2015,0,0,0,72.4
124,2020,0,0,0,73.2
124,2025,0,0,0,74
124,2030,0,0,0,74.7
124,2035,0,0,0,75.5
124,2040,0,0,0,76.3
124,2045,0,0,0,77.1
124,2050,0,0,0,78
124,2055,0,0,0,78.9
124,2060,0,0,0,79.9
124,2065,0,0,0,80.9
124,2070,0,0,0,81.9
124,2075,0,0,0,82.9
124,2080,0,0,0,83.7
124,2085,0,0,0,84.7
124,2090,0,0,0,85.8
124,2095,0,0,0,86.9
132,2010,0,0,0,66
132,2015,0,0,0,66.9
132,2020,0,0,0,67.8
132,2025,0,0,0,68.6
132,2030,0,0,0,69.4
132,2035,0,0,0,70
132,2040,0,0,0,70.6
132,2045,0,0,0,71.3
132,2050,0,0,0,72.2
132,2055,0,0,0,73
132,2060,0,0,0,73.8
132,2065,0,0,0,74.6
132,2070,0,0,0,75.4
132,2075,0,0,0,76.4
132,2080,0,0,0,77.2
132,2085,0,0,0,78.2
132,2090,0,0,0,79.1
132,2095,0,0,0,80.1
140,2010,0,0,0,60.9
140,2015,0,0,0,61.3
140,2020,0,0,0,61.4
140,2025,0,0,0,61.7
140,2030,0,0,0,61.8
140,2035,0,0,0,62
140,2040,0,0,0,62.5
140,2045,0,0,0,62.6
140,2050,0,0,0,62.9
140,2055,0,0,0,63.6
140,2060,0,0,0,63.9
140,2065,0,0,0,64.3
140,2070,0,0,0,64.7
140,2075,0,0,0,65
140,2080,0,0,0,65.5
140,2085,0,0,0,66.3
140,2090,0,0,0,67
140,2095,0,0,0,67.9
144,2010,0,0,0,67.7
144,2015,0,0,0,68.4
144,2020,0,0,0,68.9
144,2025,0,0,0,69.6
144,2030,0,0,0,70.3
144,2035,0,0,0,71.1
144,2040,0,0,0,71.9
144,2045,0,0,0,72.7
144,2050,0,0,0,73.5
144,2055,0,0,0,74.2
144,2060,0,0,0,74.9
144,2065,0,0,0,75.8
144,2070,0,0,0,76.6
144,2075,0,0,0,77.5
144,2080,0,0,0,78.4
144,2085,0,0,0,79.3
144,2090,0,0,0,80.1
144,2095,0,0,0,81
148,2010,0,0,0,60
148,2015,0,0,0,60.3
148,2020,0,0,0,60.5
148,2025,0,0,0,61.1
148,2030,0,0,0,61.2
148,2035,0,0,0,61.4
148,2040,0,0,0,61.8
148,2045,0,0,0,62
148,2050,0,0,0,62.4
148,2055,0,0,0,63
148,2060,0,0,0,63.3
148,2065,0,0,0,63.6
148,2070,0,0,0,64
148,2075,0,0,0,64.4
148,2080,0,0,0,64.9
148,2085,0,0,0,65.6
148,2090,0,0,0,66.2
148,2095,0,0,0,66.9
152,2010,0,0,0,71.3
152,2015,0,0,0,72.4
152,2020,0,0,0,73.3
152,2025,0,0,0,74.2
152,2030,0,0,0,75.1
152,2035,0,0,0,75.9
152,2040,0,0,0,76.8
152,2045,0,0,0,77.6
152,2050,0,0,0,78.4
152,2055,0,0,0,79.3
152,2060,0,0,0,80.1
152,2065,0,0,0,81.1
152,2070,0,0,0,82
152,2075,0,0,0,82.9
152,2080,0,0,0,83.7
152,2085,0,0,0,84.6
152,2090,0,0,0,85.6
152,2095,0,0,0,86.7
156,2010,0,0,0,65.6
156,2015,0,0,0,66.5
156,2020,0,0,0,67.2
156,2025,0,0,0,68
156,2030,0,0,0,68.8
156,2035,0,0,0,69.5
156,2040,0,0,0,70.2
156,2045,0,0,0,71.1
156,2050,0,0,0,71.9
156,2055,0,0,0,72.7
156,2060,0,0,0,73.5
156,2065,0,0,0,74.3
156,2070,0,0,0,75.1
156,2075,0,0,0,75.9
156,2080,0,0,0,76.7
156,2085,0,0,0,77.6
156,2090,0,0,0,78.5
156,2095,0,0,0,79.4
170,2010,0,0,0,68.4
170,2015,0,0,0,69.2
170,2020,0,0,0,70
170,2025,0,0,0,70.8
170,2030,0,0,0,71.7
170,2035,0,0,0,72.4
170,2040,0,0,0,73.1
170,2045,0,0,0,73.9
170,2050,0,0,0,74.7
170,2055,0,0,0,75.5
170,2060,0,0,0,76.3
170,2065,0,0,0,77.2
170,2070,0,0,0,78
170,2075,0,0,0,78.8
170,2080,0,0,0,79.6
170,2085,0,0,0,80.4
170,2090,0,0,0,81.3
170,2095,0,0,0,82.2
174,2010,0,0,0,61.2
174,2015,0,0,0,61
174,2020,0,0,0,61.5
174,2025,0,0,0,61.3
174,2030,0,0,0,61.8
174,2035,0,0,0,62
174,2040,0,0,0,62.2
174,2045,0,0,0,62.5
174,2050,0,0,0,62.5
174,2055,0,0,0,63
174,2060,0,0,0,63.3
174,2065,0,0,0,63.7
174,2070,0,0,0,64.3
174,2075,0,0,0,64.8
174,2080,0,0,0,65.3
174,2085,0,0,0,66
174,2090,0,0,0,66.8
174,2095,0,0,0,67.6
175,2010,0,0,0,71.9
175,2015,0,0,0,73.1
175,2020,0,0,0,74.1
175,2025,0,0,0,74.9
175,2030,0,0,0,75.8
175,2035,0,0,0,76.8
175,2040,0,0,0,77.6
175,2045,0,0,0,78.5
175,2050,0,0,0,79.4
175,2055,0,0,0,80.2
175,2060,0,0,0,81.2
175,2065,0,0,0,82.1
175,2070,0,0,0,82.9
175,2075,0,0,0,83.8
175,2080,0,0,0,84.6
175,2085,0,0,0,85.5
175,2090,0,0,0,86.5
175,2095,0,0,0,87.3
178,2010,0,0,0,62.6
178,2015,0,0,0,63
178,2020,0,0,0,63.3
178,2025,0,0,0,63.9
178,2030,0,0,0,64
178,2035,0,0,0,64
178,2040,0,0,0,64.4
178,2045,0,0,0,64.5
178,2050,0,0,0,64.7
178,2055,0,0,0,65
178,2060,0,0,0,65.5
178,2065,0,0,0,66
178,2070,0,0,0,66.7
178,2075,0,0,0,67.3
178,2080,0,0,0,67.9
178,2085,0,0,0,68.6
178,2090,0,0,0,69.4
178,2095,0,0,0,70.2
180,2010,0,0,0,60.1
180,2015,0,0,0,60.5
180,2020,0,0,0,60.8
180,2025,0,0,0,61.1
180,2030,0,0,0,61.5
180,2035,0,0,0,61.6
180,2040,0,0,0,62.1
180,2045,0,0,0,62.3
180,2050,0,0,0,62.6
180,2055,0,0,0,63.1
180,2060,0,0,0,63.6
180,2065,0,0,0,64
180,2070,0,0,0,64.3
180,2075,0,0,0,64.6
180,2080,0,0,0,65.1
180,2085,0,0,0,65.6
180,2090,0,0,0,66
180,2095,0,0,0,66.8
188,2010,0,0,0,71.1
188,2015,0,0,0,71.8
188,2020,0,0,0,72.6
188,2025,0,0,0,73.3
188,2030,0,0,0,74
188,2035,0,0,0,74.6
188,2040,0,0,0,75.1
188,2045,0,0,0,75.8
188,2050,0,0,0,76.7
188,2055,0,0,0,77.5
188,2060,0,0,0,78.4
188,2065,0,0,0,79.4
188,2070,0,0,0,80.1
188,2075,0,0,0,81.1
188,2080,0,0,0,82
188,2085,0,0,0,82.9
188,2090,0,0,0,83.8
188,2095,0,0,0,84.7
191,2010,0,0,0,67.5
191,2015,0,0,0,68.5
191,2020,0,0,0,69.5
191,2025,0,0,0,70.4
191,2030,0,0,0,71.4
191,2035,0,0,0,72.3
191,2040,0,0,0,73.2
191,2045,0,0,0,74
191,2050,0,0,0,74.9
191,2055,0,0,0,75.9
191,2060,0,0,0,76.8
191,2065,0,0,0,77.6
191,2070,0,0,0,78.5
191,2075,0,0,0,79.4
191,2080,0,0,0,80.3
191,2085,0,0,0,81.3
191,2090,0,0,0,82.2
191,2095,0,0,0,83.2
192,2010,0,0,0,70.4
192,2015,0,0,0,71.5
192,2020,0,0,0,72.4
192,2025,0,0,0,73.2
192,2030,0,0,0,74.1
192,2035,0,0,0,75.1
192,2040,0,0,0,76.1
192,2045,0,0,0,76.9
192,2050,0,0,0,77.6
192,2055,0,0,0,78.4
192,2060,0,0,0,79.1
192,2065,0,0,0,79.9
192,2070,0,0,0,80.9
192,2075,0,0,0,81.7
192,2080,0,0,0,82.5
192,2085,0,0,0,83.2
192,2090,0,0,0,84
192,2095,0,0,0,84.9
196,2010,0,0,0,68.8
196,2015,0,0,0,70
196,2020,0,0,0,71
196,2025,0,0,0,72.1
196,2030,0,0,0,73
196,2035,0,0,0,73.8
196,2040,0,0,0,74.8
196,2045,0,0,0,75.7
196,2050,0,0,0,76.6
196,2055,0,0,0,77.5
196,2060,0,0,0,78.4
196,2065,0,0,0,79.3
196,2070,0,0,0,80.1
196,2075,0,0,0,81
196,2080,0,0,0,81.9
196,2085,0,0,0,82.9
196,2090,0,0,0,83.9
196,2095,0,0,0,84.8
203,2010,0,0,0,68.6
203,2015,0,0,0,69.6
203,2020,0,0,0,70.6
203,2025,0,0,0,71.6
203,2030,0,0,0,72.5
203,2035,0,0,0,73.5
203,2040,0,0,0,74.5
203,2045,0,0,0,75.4
203,2050,0,0,0,76.3
203,2055,0,0,0,77.1
203,2060,0,0,0,77.8
203,2065,0,0,0,78.5
203,2070,0,0,0,79.2
203,2075,0,0,0,79.9
203,2080,0,0,0,80.8
203,2085,0,0,0,81.7
203,2090,0,0,0,82.6
203,2095,0,0,0,83.4
204,2010,0,0,0,62.2
204,2015,0,0,0,62.6
204,2020,0,0,0,62.8
204,2025,0,0,0,63.4
204,2030,0,0,0,63.4
204,2035,0,0,0,63.7
204,2040,0,0,0,64
204,2045,0,0,0,64.1
204,2050,0,0,0,64.3
204,2055,0,0,0,64.7
204,2060,0,0,0,65.1
204,2065,0,0,0,65.7
204,2070,0,0,0,66.2
204,2075,0,0,0,66.9
204,2080,0,0,0,67.6
204,2085,0,0,0,68.3
204,2090,0,0,0,69.1
204,2095,0,0,0,69.9
208,2010,0,0,0,69.7
208,2015,0,0,0,70.7
208,2020,0,0,0,71.6
208,2025,0,0,0,72.5
208,2030,0,0,0,73.3
208,2035,0,0,0,74.2
208,2040,0,0,0,75
208,2045,0,0,0,75.9
208,2050,0,0,0,76.8
208,2055,0,0,0,77.6
208,2060,0,0,0,78.4
208,2065,0,0,0,79.3
208,2070,0,0,0,80.1
208,2075,0,0,0,81
208,2080,0,0,0,81.9
208,2085,0,0,0,82.7
208,2090,0,0,0,83.6
208,2095,0,0,0,84.4
214,2010,0,0,0,70.4
214,2015,0,0,0,70.7
214,2020,0,0,0,71.4
214,2025,0,0,0,71.9
214,2030,0,0,0,72.7
214,2035,0,0,0,73.4
214,2040,0,0,0,74.1
214,2045,0,0,0,74.8
214,2050,0,0,0,75.6
214,2055,0,0,0,76.5
214,2060,0,0,0,77.3
214,2065,0,0,0,78.1
214,2070,0,0,0,78.9
214,2075,0,0,0,79.6
214,2080,0,0,0,80.4
214,2085,0,0,0,81.2
214,2090,0,0,0,82.1
214,2095,0,0,0,82.9
218,2010,0,0,0,69.9
218,2015,0,0,0,70.7
218,2020,0,0,0,71.4
218,2025,0,0,0,72.1
218,2030,0,0,0,72.9
218,2035,0,0,0,73.6
218,2040,0,0,0,74.2
218,2045,0,0,0,74.9
218,2050,0,0,0,75.7
218,2055,0,0,0,76.5
218,2060,0,0,0,77.4
218,2065,0,0,0,78.2
218,2070,0,0,0,79
218,2075,0,0,0,79.7
218,2080,0,0,0,80.6
218,2085,0,0,0,81.5
218,2090,0,0,0,82.3
218,2095,0,0,0,83.2
222,2010,0,0,0,70.2
222,2015,0,0,0,71
222,2020,0,0,0,71.8
222,2025,0,0,0,72.6
222,2030,0,0,0,73.5
222,2035,0,0,0,74.2
222,2040,0,0,0,74.9
222,2045,0,0,0,75.7
222,2050,0,0,0,76.5
222,2055,0,0,0,77.3
222,2060,0,0,0,78.1
222,2065,0,0,0,78.9
222,2070,0,0,0,79.6
222,2075,0,0,0,80.4
222,2080,0,0,0,81.1
222,2085,0,0,0,81.9
222,2090,0,0,0,82.7
222,2095,0,0,0,83.5
226,2010,0,0,0,61.1
226,2015,0,0,0,61.7
226,2020,0,0,0,62.2
226,2025,0,0,0,62.3
226,2030,0,0,0,62.7
226,2035,0,0,0,62.8
226,2040,0,0,0,63.3
226,2045,0,0,0,63.4
226,2050,0,0,0,63.7
226,2055,0,0,0,64
226,2060,0,0,0,64.5
226,2065,0,0,0,65
226,2070,0,0,0,65.3
226,2075,0,0,0,65.7
226,2080,0,0,0,66.2
226,2085,0,0,0,66.6
226,2090,0,0,0,67.3
226,2095,0,0,0,67.9
231,2010,0,0,0,62.9
231,2015,0,0,0,63.3
231,2020,0,0,0,63.3
231,2025,0,0,0,63.9
231,2030,0,0,0,64
231,2035,0,0,0,64.2
231,2040,0,0,0,64.5
231,2045,0,0,0,64.7
231,2050,0,0,0,65
231,2055,0,0,0,65.5
231,2060,0,0,0,66.1
231,2065,0,0,0,66.7
231,2070,0,0,0,67.3
231,2075,0,0,0,68
231,2080,0,0,0,68.7
231,2085,0,0,0,69.5
231,2090,0,0,0,70.2
231,2095,0,0,0,71.1
232,2010,0,0,0,60
232,2015,0,0,0,60.9
232,2020,0,0,0,61.2
232,2025,0,0,0,62
232,2030,0,0,0,62.2
232,2035,0,0,0,62.9
232,2040,0,0,0,63.1
232,2045,0,0,0,63.4
232,2050,0,0,0,63.9
232,2055,0,0,0,64.6
232,2060,0,0,0,65.4
232,2065,0,0,0,66.3
232,2070,0,0,0,67
232,2075,0,0,0,67.9
232,2080,0,0,0,68.7
232,2085,0,0,0,69.6
232,2090,0,0,0,70.5
232,2095,0,0,0,71.4
233,2010,0,0,0,68.1
233,2015,0,0,0,68.7
233,2020,0,0,0,69.5
233,2025,0,0,0,70.1
233,2030,0,0,0,70.8
233,2035,0,0,0,71.6
233,2040,0,0,0,72.3
233,2045,0,0,0,73.1
233,2050,0,0,0,73.8
233,2055,0,0,0,74.6
233,2060,0,0,0,75.4
233,2065,0,0,0,76.2
233,2070,0,0,0,77
233,2075,0,0,0,77.8
233,2080,0,0,0,78.7
233,2085,0,0,0,79.7
233,2090,0,0,0,80.6
233,2095,0,0,0,81.5
242,2010,0,0,0,63.6
242,2015,0,0,0,64.5
242,2020,0,0,0,65.5
242,2025,0,0,0,66.4
242,2030,0,0,0,67.4
242,2035,0,0,0,68.2
242,2040,0,0,0,69.1
242,2045,0,0,0,69.9
242,2050,0,0,0,70.8
242,2055,0,0,0,71.7
242,2060,0,0,0,72.5
242,2065,0,0,0,73.3
242,2070,0,0,0,74.1
242,2075,0,0,0,74.9
242,2080,0,0,0,75.7
242,2085,0,0,0,76.6
242,2090,0,0,0,77.4
242,2095,0,0,0,78.2
246,2010,0,0,0,71.5
246,2015,0,0,0,72.5
246,2020,0,0,0,73.4
246,2025,0,0,0,74.2
246,2030,0,0,0,75
246,2035,0,0,0,75.8
246,2040,0,0,0,76.7
246,2045,0,0,0,77.6
246,2050,0,0,0,78.4
246,2055,0,0,0,79.2
246,2060,0,0,0,80.1
246,2065,0,0,0,80.9
246,2070,0,0,0,81.8
246,2075,0,0,0,82.7
246,2080,0,0,0,83.5
246,2085,0,0,0,84.4
246,2090,0,0,0,85.3
246,2095,0,0,0,86.3
250,2010,0,0,0,72.8
250,2015,0,0,0,73.6
250,2020,0,0,0,74.5
250,2025,0,0,0,75.3
250,2030,0,0,0,76.1
250,2035,0,0,0,76.9
250,2040,0,0,0,77.7
250,2045,0,0,0,78.5
250,2050,0,0,0,79.3
250,2055,0,0,0,80.2
250,2060,0,0,0,81.1
250,2065,0,0,0,82
250,2070,0,0,0,82.9
250,2075,0,0,0,83.8
250,2080,0,0,0,84.7
250,2085,0,0,0,85.7
250,2090,0,0,0,86.7
250,2095,0,0,0,87.7
254,2010,0,0,0,67.9
254,2015,0,0,0,68.9
254,2020,0,0,0,69.9
254,2025,0,0,0,70.9
254,2030,0,0,0,71.8
254,2035,0,0,0,72.8
254,2040,0,0,0,73.7
254,2045,0,0,0,74.6
254,2050,0,0,0,75.4
254,2055,0,0,0,76.4
254,2060,0,0,0,77.2
254,2065,0,0,0,78.1
254,2070,0,0,0,79
254,2075,0,0,0,79.8
254,2080,0,0,0,80.7
254,2085,0,0,0,81.6
254,2090,0,0,0,82.5
254,2095,0,0,0,83.4
258,2010,0,0,0,65.7
258,2015,0,0,0,66.8
258,2020,0,0,0,67.8
258,2025,0,0,0,68.7
258,2030,0,0,0,69.6
258,2035,0,0,0,70.5
258,2040,0,0,0,71.4
258,2045,0,0,0,72.3
258,2050,0,0,0,73.2
258,2055,0,0,0,74.1
258,2060,0,0,0,74.9
258,2065,0,0,0,75.8
258,2070,0,0,0,76.7
258,2075,0,0,0,77.5
258,2080,0,0,0,78.3
258,2085,0,0,0,79.1
258,2090,0,0,0,79.9
258,2095,0,0,0,80.8
262,2010,0,0,0,60.8
262,2015,0,0,0,61.3
262,2020,0,0,0,61.2
262,2025,0,0,0,61.8
262,2030,0,0,0,61.8
262,2035,0,0,0,62.5
262,2040,0,0,0,62.5
262,2045,0,0,0,62.6
262,2050,0,0,0,62.8
262,2055,0,0,0,63.3
262,2060,0,0,0,63.8
262,2065,0,0,0,64.2
262,2070,0,0,0,64.8
262,2075,0,0,0,65.5
262,2080,0,0,0,66.3
262,2085,0,0,0,67.1
262,2090,0,0,0,68
262,2095,0,0,0,68.9
266,2010,0,0,0,64.1
266,2015,0,0,0,64.6
266,2020,0,0,0,64.7
266,2025,0,0,0,65.2
266,2030,0,0,0,65.2
266,2035,0,0,0,65.6
266,2040,0,0,0,65.9
266,2045,0,0,0,66.2
266,2050,0,0,0,66.7
266,2055,0,0,0,67.3
266,2060,0,0,0,67.8
266,2065,0,0,0,68.3
266,2070,0,0,0,69
266,2075,0,0,0,69.5
266,2080,0,0,0,70.1
266,2085,0,0,0,70.7
266,2090,0,0,0,71.4
266,2095,0,0,0,72.2
268,2010,0,0,0,66.5
268,2015,0,0,0,67.3
268,2020,0,0,0,68.1
268,2025,0,0,0,68.9
268,2030,0,0,0,69.6
268,2035,0,0,0,70.3
268,2040,0,0,0,71.1
268,2045,0,0,0,71.9
268,2050,0,0,0,72.8
268,2055,0,0,0,73.6
268,2060,0,0,0,74.4
268,2065,0,0,0,75.1
268,2070,0,0,0,75.9
268,2075,0,0,0,76.7
268,2080,0,0,0,77.6
268,2085,0,0,0,78.5
268,2090,0,0,0,79.4
268,2095,0,0,0,80.3
270,2010,0,0,0,57.6
270,2015,0,0,0,58.2
270,2020,0,0,0,58.6
270,2025,0,0,0,59.2
270,2030,0,0,0,59.6
270,2035,0,0,0,59.9
270,2040,0,0,0,60.5
270,2045,0,0,0,60.8
270,2050,0,0,0,61.4
270,2055,0,0,0,62
270,2060,0,0,0,62.7
270,2065,0,0,0,63.4
270,2070,0,0,0,64.3
270,2075,0,0,0,65.1
270,2080,0,0,0,66.2
270,2085,0,0,0,67.3
270,2090,0,0,0,68.3
270,2095,0,0,0,69.2
275,2010,0,0,0,64.4
275,2015,0,0,0,65
275,2020,0,0,0,65.9
275,2025,0,0,0,66.9
275,2030,0,0,0,68
275,2035,0,0,0,69
275,2040,0,0,0,70
275,2045,0,0,0,71
275,2050,0,0,0,72
275,2055,0,0,0,72.7
275,2060,0,0,0,73.5
275,2065,0,0,0,74.3
275,2070,0,0,0,75
275,2075,0,0,0,75.8
275,2080,0,0,0,76.7
275,2085,0,0,0,77.4
275,2090,0,0,0,78.2
275,2095,0,0,0,79
276,2010,0,0,0,70.8
276,2015,0,0,0,71.7
276,2020,0,0,0,72.6
276,2025,0,0,0,73.5
276,2030,0,0,0,74.3
276,2035,0,0,0,75.2
276,2040,0,0,0,76.1
276,2045,0,0,0,76.8
276,2050,0,0,0,77.6
276,2055,0,0,0,78.5
276,2060,0,0,0,79.5
276,2065,0,0,0,80.4
276,2070,0,0,0,81.3
276,2075,0,0,0,82.3
276,2080,0,0,0,83.2
276,2085,0,0,0,84.1
276,2090,0,0,0,85.1
276,2095,0,0,0,86.2
288,2010,0,0,0,64.2
288,2015,0,0,0,64.5
288,2020,0,0,0,64.6
288,2025,0,0,0,65.1
288,2030,0,0,0,65.1
288,2035,0,0,0,65.5
288,2040,0,0,0,65.6
288,2045,0,0,0,65.9
288,2050,0,0,0,66.4
288,2055,0,0,0,67
288,2060,0,0,0,67.6
288,2065,0,0,0,68.2
288,2070,0,0,0,68.9
288,2075,0,0,0,69.6
288,2080,0,0,0,70.3
288,2085,0,0,0,71.1
288,2090,0,0,0,71.8
288,2095,0,0,0,72.6
300,2010,0,0,0,70.8
300,2015,0,0,0,71.9
300,2020,0,0,0,73
300,2025,0,0,0,74
300,2030,0,0,0,75
300,2035,0,0,0,75.9
300,2040,0,0,0,76.8
300,2045,0,0,0,77.7
300,2050,0,0,0,78.5
300,2055,0,0,0,79.4
300,2060,0,0,0,80.1
300,2065,0,0,0,81
300,2070,0,0,0,81.9
300,2075,0,0,0,82.8
300,2080,0,0,0,83.8
300,2085,0,0,0,84.7
300,2090,0,0,0,85.7
300,2095,0,0,0,86.7
308,2010,0,0,0,66.8
308,2015,0,0,0,67.5
308,2020,0,0,0,68.3
308,2025,0,0,0,69
308,2030,0,0,0,69.8
308,2035,0,0,0,70.5
308,2040,0,0,0,71.3
308,2045,0,0,0,72.1
308,2050,0,0,0,73
308,2055,0,0,0,73.9
308,2060,0,0,0,74.7
308,2065,0,0,0,75.4
308,2070,0,0,0,76.2
308,2075,0,0,0,77
308,2080,0,0,0,77.9
308,2085,0,0,0,78.8
308,2090,0,0,0,79.7
308,2095,0,0,0,80.6
312,2010,0,0,0,72.5
312,2015,0,0,0,73.4
312,2020,0,0,0,74.3
312,2025,0,0,0,75.1
312,2030,0,0,0,76
312,2035,0,0,0,77
312,2040,0,0,0,77.8
312,2045,0,0,0,78.6
312,2050,0,0,0,79.4
312,2055,0,0,0,80.3
312,2060,0,0,0,81.2
312,2065,0,0,0,82.1
312,2070,0,0,0,83
312,2075,0,0,0,83.9
312,2080,0,0,0,84.8
312,2085,0,0,0,85.7
312,2090,0,0,0,86.6
312,2095,0,0,0,87.6
316,2010,0,0,0,66.8
316,2015,0,0,0,67.8
316,2020,0,0,0,68.6
316,2025,0,0,0,69.4
316,2030,0,0,0,70.3
316,2035,0,0,0,71.1
316,2040,0,0,0,72
316,2045,0,0,0,72.8
316,2050,0,0,0,73.7
316,2055,0,0,0,74.6
316,2060,0,0,0,75.5
316,2065,0,0,0,76.4
316,2070,0,0,0,77.3
316,2075,0,0,0,78.1
316,2080,0,0,0,78.9
316,2085,0,0,0,79.8
316,2090,0,0,0,80.7
316,2095,0,0,0,81.6
320,2010,0,0,0,67.3
320,2015,0,0,0,67.9
320,2020,0,0,0,68.4
320,2025,0,0,0,68.9
320,2030,0,0,0,69.4
320,2035,0,0,0,70.1
320,2040,0,0,0,70.8
320,2045,0,0,0,71.5
320,2050,0,0,0,72.2
320,2055,0,0,0,72.8
320,2060,0,0,0,73.5
320,2065,0,0,0,74.1
320,2070,0,0,0,74.8
320,2075,0,0,0,75.6
320,2080,0,0,0,76.4
320,2085,0,0,0,77.1
320,2090,0,0,0,77.9
320,2095,0,0,0,78.7
324,2010,0,0,0,61.6
324,2015,0,0,0,62.2
324,2020,0,0,0,62.4
324,2025,0,0,0,62.9
324,2030,0,0,0,63.1
324,2035,0,0,0,63.2
324,2040,0,0,0,63.7
324,2045,0,0,0,63.9
324,2050,0,0,0,64
324,2055,0,0,0,64.5
324,2060,0,0,0,65
324,2065,0,0,0,65.2
324,2070,0,0,0,65.7
324,2075,0,0,0,66.3
324,2080,0,0,0,67
324,2085,0,0,0,67.6
324,2090,0,0,0,68.4
324,2095,0,0,0,69.2
328,2010,0,0,0,65.3
328,2015,0,0,0,65.6
328,2020,0,0,0,65.9
328,2025,0,0,0,66.6
328,2030,0,0,0,67
328,2035,0,0,0,67.5
328,2040,0,0,0,68.1
328,2045,0,0,0,68.8
328,2050,0,0,0,69.5
328,2055,0,0,0,70.2
328,2060,0,0,0,70.9
328,2065,0,0,0,71.7
328,2070,0,0,0,72.5
328,2075,0,0,0,73.1
328,2080,0,0,0,73.8
328,2085,0,0,0,74.6
328,2090,0,0,0,75.4
328,2095,0,0,0,76.3
332,2010,0,0,0,61.7
332,2015,0,0,0,62.1
332,2020,0,0,0,62.6
332,2025,0,0,0,63.2
332,2030,0,0,0,63.8
332,2035,0,0,0,64.4
332,2040,0,0,0,65
332,2045,0,0,0,65.7
332,2050,0,0,0,66.3
332,2055,0,0,0,66.9
332,2060,0,0,0,67.3
332,2065,0,0,0,67.9
332,2070,0,0,0,68.3
332,2075,0,0,0,68.8
332,2080,0,0,0,69.2
332,2085,0,0,0,69.6
332,2090,0,0,0,70.2
332,2095,0,0,0,70.8
340,2010,0,0,0,68.5
340,2015,0,0,0,69.1
340,2020,0,0,0,69.8
340,2025,0,0,0,70.4
340,2030,0,0,0,71.1
340,2035,0,0,0,71.8
340,2040,0,0,0,72.4
340,2045,0,0,0,73.1
340,2050,0,0,0,73.8
340,2055,0,0,0,74.5
340,2060,0,0,0,75.2
340,2065,0,0,0,76
340,2070,0,0,0,76.8
340,2075,0,0,0,77.5
340,2080,0,0,0,78.3
340,2085,0,0,0,79.1
340,2090,0,0,0,79.9
340,2095,0,0,0,80.7
344,2010,0,0,0,71.9
344,2015,0,0,0,72.9
344,2020,0,0,0,74
344,2025,0,0,0,75
344,2030,0,0,0,76
344,2035,0,0,0,77
344,2040,0,0,0,78
344,2045,0,0,0,78.9
344,2050,0,0,0,79.8
344,2055,0,0,0,80.9
344,2060,0,0,0,81.8
344,2065,0,0,0,82.8
344,2070,0,0,0,83.7
344,2075,0,0,0,84.5
344,2080,0,0,0,85.4
344,2085,0,0,0,86.3
344,2090,0,0,0,87.3
344,2095,0,0,0,88.4
348,2010,0,0,0,67
348,2015,0,0,0,67.8
348,2020,0,0,0,68.7
348,2025,0,0,0,69.4
348,2030,0,0,0,70.1
348,2035,0,0,0,70.9
348,2040,0,0,0,71.7
348,2045,0,0,0,72.6
348,2050,0,0,0,73.3
348,2055,0,0,0,74
348,2060,0,0,0,74.8
348,2065,0,0,0,75.6
348,2070,0,0,0,76.4
348,2075,0,0,0,77.3
348,2080,0,0,0,78.1
348,2085,0,0,0,79
348,2090,0,0,0,79.8
348,2095,0,0,0,80.7
352,2010,0,0,0,71.8
352,2015,0,0,0,72.8
352,2020,0,0,0,73.8
352,2025,0,0,0,74.7
352,2030,0,0,0,75.7
352,2035,0,0,0,76.5
352,2040,0,0,0,77.4
352,2045,0,0,0,78.2
352,2050,0,0,0,79.1
352,2055,0,0,0,79.9
352,2060,0,0,0,80.9
352,2065,0,0,0,81.8
352,2070,0,0,0,82.7
352,2075,0,0,0,83.5
352,2080,0,0,0,84.4
352,2085,0,0,0,85.3
352,2090,0,0,0,86.3
352,2095,0,0,0,87.3
356,2010,0,0,0,63.4
356,2015,0,0,0,64.2
356,2020,0,0,0,64.8
356,2025,0,0,0,65.6
356,2030,0,0,0,66.5
356,2035,0,0,0,67.5
356,2040,0,0,0,68.5
356,2045,0,0,0,69.5
356,2050,0,0,0,70.2
356,2055,0,0,0,70.8
356,2060,0,0,0,71.3
356,2065,0,0,0,71.9
356,2070,0,0,0,72.4
356,2075,0,0,0,73
356,2080,0,0,0,73.5
356,2085,0,0,0,74.1
356,2090,0,0,0,74.5
356,2095,0,0,0,75.1
360,2010,0,0,0,63.4
360,2015,0,0,0,64.4
360,2020,0,0,0,65.3
360,2025,0,0,0,66.1
360,2030,0,0,0,67.1
360,2035,0,0,0,68
360,2040,0,0,0,69
360,2045,0,0,0,69.7
360,2050,0,0,0,70.5
360,2055,0,0,0,71.2
360,2060,0,0,0,71.9
360,2065,0,0,0,72.6
360,2070,0,0,0,73.2
360,2075,0,0,0,73.9
360,2080,0,0,0,74.6
360,2085,0,0,0,75.2
360,2090,0,0,0,76
360,2095,0,0,0,76.7
364,2010,0,0,0,66.1
364,2015,0,0,0,67.2
364,2020,0,0,0,68.1
364,2025,0,0,0,69.1
364,2030,0,0,0,70
364,2035,0,0,0,71
364,2040,0,0,0,72
364,2045,0,0,0,72.9
364,2050,0,0,0,73.9
364,2055,0,0,0,74.9
364,2060,0,0,0,75.9
364,2065,0,0,0,76.9
364,2070,0,0,0,77.8
364,2075,0,0,0,78.7
364,2080,0,0,0,79.7
364,2085,0,0,0,80.8
364,2090,0,0,0,82
364,2095,0,0,0,83.1
368,2010,0,0,0,64.4
368,2015,0,0,0,65.3
368,2020,0,0,0,66
368,2025,0,0,0,66.9
368,2030,0,0,0,67.8
368,2035,0,0,0,68.6
368,2040,0,0,0,69.4
368,2045,0,0,0,70.1
368,2050,0,0,0,70.9
368,2055,0,0,0,71.8
368,2060,0,0,0,72.6
368,2065,0,0,0,73.4
368,2070,0,0,0,74.2
368,2075,0,0,0,75
368,2080,0,0,0,75.9
368,2085,0,0,0,76.8
368,2090,0,0,0,77.6
368,2095,0,0,0,78.4
372,2010,0,0,0,70.3
372,2015,0,0,0,71.2
372,2020,0,0,0,72
372,2025,0,0,0,72.8
372,2030,0,0,0,73.7
372,2035,0,0,0,74.5
372,2040,0,0,0,75.3
372,2045,0,0,0,76.2
372,2050,0,0,0,77.1
372,2055,0,0,0,77.9
372,2060,0,0,0,78.7
372,2065,0,0,0,79.5
372,2070,0,0,0,80.4
372,2075,0,0,0,81.3
372,2080,0,0,0,82.3
372,2085,0,0,0,83.2
372,2090,0,0,0,84.2
372,2095,0,0,0,85
376,2010,0,0,0,71.4
376,2015,0,0,0,72.2
376,2020,0,0,0,73.1
376,2025,0,0,0,73.9
376,2030,0,0,0,74.7
376,2035,0,0,0,75.4
376,2040,0,0,0,76.3
376,2045,0,0,0,77.2
376,2050,0,0,0,78
376,2055,0,0,0,78.8
376,2060,0,0,0,79.6
376,2065,0,0,0,80.4
376,2070,0,0,0,81.3
376,2075,0,0,0,82.1
376,2080,0,0,0,83
376,2085,0,0,0,83.9
376,2090,0,0,0,84.7
376,2095,0,0,0,85.7
380,2010,0,0,0,71.9
380,2015,0,0,0,72.8
380,2020,0,0,0,73.6
380,2025,0,0,0,74.4
380,2030,0,0,0,75.3
380,2035,0,0,0,76.2
380,2040,0,0,0,77.1
380,2045,0,0,0,77.9
380,2050,0,0,0,78.7
380,2055,0,0,0,79.5
380,2060,0,0,0,80.3
380,2065,0,0,0,81.2
380,2070,0,0,0,82.2
380,2075,0,0,0,83.2
380,2080,0,0,0,84.1
380,2085,0,0,0,85
380,2090,0,0,0,86
380,2095,0,0,0,87.1
384,2010,0,0,0,62.3
384,2015,0,0,0,62.8
384,2020,0,0,0,62.8
384,2025,0,0,0,63.3
384,2030,0,0,0,63.3
384,2035,0,0,0,63.8
384,2040,0,0,0,63.9
384,2045,0,0,0,64.4
384,2050,0,0,0,64.7
384,2055,0,0,0,65.1
384,2060,0,0,0,65.5
384,2065,0,0,0,66.1
384,2070,0,0,0,66.8
384,2075,0,0,0,67.3
384,2080,0,0,0,68.1
384,2085,0,0,0,68.7
384,2090,0,0,0,69.3
384,2095,0,0,0,69.9
388,2010,0,0,0,68.4
388,2015,0,0,0,69.2
388,2020,0,0,0,70.1
388,2025,0,0,0,71.1
388,2030,0,0,0,71.9
388,2035,0,0,0,72.6
388,2040,0,0,0,73.3
388,2045,0,0,0,73.8
388,2050,0,0,0,74.4
388,2055,0,0,0,75.1
388,2060,0,0,0,75.9
388,2065,0,0,0,76.8
388,2070,0,0,0,77.6
388,2075,0,0,0,78.3
388,2080,0,0,0,79
388,2085,0,0,0,79.8
388,2090,0,0,0,80.6
388,2095,0,0,0,81.5
392,2010,0,0,0,73.7
392,2015,0,0,0,74.5
392,2020,0,0,0,75.4
392,2025,0,0,0,76.2
392,2030,0,0,0,77
392,2035,0,0,0,77.8
392,2040,0,0,0,78.6
392,2045,0,0,0,79.5
392,2050,0,0,0,80.4
392,2055,0,0,0,81.3
392,2060,0,0,0,82.1
392,2065,0,0,0,82.9
392,2070,0,0,0,83.8
392,2075,0,0,0,84.7
392,2080,0,0,0,85.7
392,2085,0,0,0,86.7
392,2090,0,0,0,87.7
392,2095,0,0,0,88.7
398,2010,0,0,0,63.4
398,2015,0,0,0,64.5
398,2020,0,0,0,65.4
398,2025,0,0,0,66.1
398,2030,0,0,0,66.9
398,2035,0,0,0,67.6
398,2040,0,0,0,68.4
398,2045,0,0,0,69.2
398,2050,0,0,0,70
398,2055,0,0,0,70.9
398,2060,0,0,0,71.7
398,2065,0,0,0,72.4
398,2070,0,0,0,73.2
398,2075,0,0,0,74
398,2080,0,0,0,74.9
398,2085,0,0,0,75.8
398,2090,0,0,0,76.7
398,2095,0,0,0,77.5
400,2010,0,0,0,65.7
400,2015,0,0,0,66.5
400,2020,0,0,0,67.2
400,2025,0,0,0,68.1
400,2030,0,0,0,68.9
400,2035,0,0,0,69.7
400,2040,0,0,0,70.5
400,2045,0,0,0,71.3
400,2050,0,0,0,72.1
400,2055,0,0,0,72.9
400,2060,0,0,0,73.7
400,2065,0,0,0,74.5
400,2070,0,0,0,75.3
400,2075,0,0,0,76.1
400,2080,0,0,0,77
400,2085,0,0,0,77.9
400,2090,0,0,0,78.7
400,2095,0,0,0,79.6
404,2010,0,0,0,63.1
404,2015,0,0,0,63.3
404,2020,0,0,0,63.2
404,2025,0,0,0,63.7
404,2030,0,0,0,63.8
404,2035,0,0,0,64
404,2040,0,0,0,64.2
404,2045,0,0,0,64.6
404,2050,0,0,0,64.9
404,2055,0,0,0,65.4
404,2060,0,0,0,66
404,2065,0,0,0,66.5
404,2070,0,0,0,67.2
404,2075,0,0,0,67.9
404,2080,0,0,0,68.6
404,2085,0,0,0,69.2
404,2090,0,0,0,69.9
404,2095,0,0,0,70.6
408,2010,0,0,0,62.9
408,2015,0,0,0,63.6
408,2020,0,0,0,64.4
408,2025,0,0,0,65.1
408,2030,0,0,0,66.1
408,2035,0,0,0,66.9
408,2040,0,0,0,67.7
408,2045,0,0,0,68.4
408,2050,0,0,0,69.3
408,2055,0,0,0,70.1
408,2060,0,0,0,71.1
408,2065,0,0,0,72
408,2070,0,0,0,72.8
408,2075,0,0,0,73.6
408,2080,0,0,0,74.4
408,2085,0,0,0,75.2
408,2090,0,0,0,76.2
408,2095,0,0,0,77.1
410,2010,0,0,0,70.6
410,2015,0,0,0,71.3
410,2020,0,0,0,72.1
410,2025,0,0,0,72.9
410,2030,0,0,0,73.8
410,2035,0,0,0,74.5
410,2040,0,0,0,75.3
410,2045,0,0,0,76.2
410,2050,0,0,0,77.1
410,2055,0,0,0,78
410,2060,0,0,0,78.8
410,2065,0,0,0,79.6
410,2070,0,0,0,80.5
410,2075,0,0,0,81.5
410,2080,0,0,0,82.4
410,2085,0,0,0,83.3
410,2090,0,0,0,84.2
410,2095,0,0,0,85.1
414,2010,0,0,0,64.6
414,2015,0,0,0,65.8
414,2020,0,0,0,67.1
414,2025,0,0,0,68.2
414,2030,0,0,0,69
414,2035,0,0,0,69.8
414,2040,0,0,0,70.6
414,2045,0,0,0,71.4
414,2050,0,0,0,72.2
414,2055,0,0,0,73
414,2060,0,0,0,73.8
414,2065,0,0,0,74.7
414,2070,0,0,0,75.6
414,2075,0,0,0,76.6
414,2080,0,0,0,77.6
414,2085,0,0,0,78.5
414,2090,0,0,0,79.4
414,2095,0,0,0,80.2
417,2010,0,0,0,63
417,2015,0,0,0,64.2
417,2020,0,0,0,65.2
417,2025,0,0,0,66
417,2030,0,0,0,66.8
417,2035,0,0,0,67.5
417,2040,0,0,0,68.3
417,2045,0,0,0,69.2
417,2050,0,0,0,70
417,2055,0,0,0,70.9
417,2060,0,0,0,71.8
417,2065,0,0,0,72.5
417,2070,0,0,0,73.3
417,2075,0,0,0,74
417,2080,0,0,0,74.9
417,2085,0,0,0,75.7
417,2090,0,0,0,76.6
417,2095,0,0,0,77.4
418,2010,0,0,0,62.7
418,2015,0,0,0,62.5
418,2020,0,0,0,62.9
418,2025,0,0,0,63.1
418,2030,0,0,0,63.4
418,2035,0,0,0,63.8
418,2040,0,0,0,64.2
418,2045,0,0,0,64.5
418,2050,0,0,0,65
418,2055,0,0,0,65.6
418,2060,0,0,0,66.2
418,2065,0,0,0,66.9
418,2070,0,0,0,67.6
418,2075,0,0,0,68.4
418,2080,0,0,0,69.1
418,2085,0,0,0,70
418,2090,0,0,0,70.8
418,2095,0,0,0,71.7
422,2010,0,0,0,64.8
422,2015,0,0,0,65.4
422,2020,0,0,0,66.3
422,2025,0,0,0,67.2
422,2030,0,0,0,67.9
422,2035,0,0,0,68.7
422,2040,0,0,0,69.4
422,2045,0,0,0,70.2
422,2050,0,0,0,71.1
422,2055,0,0,0,71.9
422,2060,0,0,0,72.7
422,2065,0,0,0,73.5
422,2070,0,0,0,74.3
422,2075,0,0,0,75.1
422,2080,0,0,0,76
422,2085,0,0,0,76.8
422,2090,0,0,0,77.7
422,2095,0,0,0,78.6
426,2010,0,0,0,61.9
426,2015,0,0,0,62
426,2020,0,0,0,62.1
426,2025,0,0,0,61.7
426,2030,0,0,0,61.5
426,2035,0,0,0,61.7
426,2040,0,0,0,61.8
426,2045,0,0,0,62.4
426,2050,0,0,0,63.1
426,2055,0,0,0,63.7
426,2060,0,0,0,64.2
426,2065,0,0,0,64.7
426,2070,0,0,0,65.2
426,2075,0,0,0,65.6
426,2080,0,0,0,66.2
426,2085,0,0,0,66.8
426,2090,0,0,0,67
426,2095,0,0,0,67.2
428,2010,0,0,0,67.2
428,2015,0,0,0,68.1
428,2020,0,0,0,68.8
428,2025,0,0,0,69.6
428,2030,0,0,0,70.3
428,2035,0,0,0,71.1
428,2040,0,0,0,71.9
428,2045,0,0,0,72.6
428,2050,0,0,0,73.4
428,2055,0,0,0,74.2
428,2060,0,0,0,75
428,2065,0,0,0,75.8
428,2070,0,0,0,76.6
428,2075,0,0,0,77.4
428,2080,0,0,0,78.3
428,2085,0,0,0,79.3
428,2090,0,0,0,80.2
428,2095,0,0,0,81.1
430,2010,0,0,0,60.8
430,2015,0,0,0,61.2
430,2020,0,0,0,61.1
430,2025,0,0,0,61.8
430,2030,0,0,0,61.7
430,2035,0,0,0,62.3
430,2040,0,0,0,62.3
430,2045,0,0,0,62.5
430,2050,0,0,0,62.8
430,2055,0,0,0,63.3
430,2060,0,0,0,63.7
430,2065,0,0,0,64.3
430,2070,0,0,0,64.8
430,2075,0,0,0,65.4
430,2080,0,0,0,66.1
430,2085,0,0,0,66.8
430,2090,0,0,0,67.5
430,2095,0,0,0,68.4
434,2010,0,0,0,66.5
434,2015,0,0,0,67.7
434,2020,0,0,0,68.7
434,2025,0,0,0,69.7
434,2030,0,0,0,70.6
434,2035,0,0,0,71.6
434,2040,0,0,0,72.5
434,2045,0,0,0,73.4
434,2050,0,0,0,74.3
434,2055,0,0,0,75.1
434,2060,0,0,0,75.9
434,2065,0,0,0,76.8
434,2070,0,0,0,77.6
434,2075,0,0,0,78.5
434,2080,0,0,0,79.4
434,2085,0,0,0,80.4
434,2090,0,0,0,81.3
434,2095,0,0,0,82.2
440,2010,0,0,0,67.1
440,2015,0,0,0,67.9
440,2020,0,0,0,68.7
440,2025,0,0,0,69.6
440,2030,0,0,0,70.4
440,2035,0,0,0,71.2
440,2040,0,0,0,72
440,2045,0,0,0,72.8
440,2050,0,0,0,73.5
440,2055,0,0,0,74.3
440,2060,0,0,0,75.2
440,2065,0,0,0,76
440,2070,0,0,0,76.8
440,2075,0,0,0,77.5
440,2080,0,0,0,78.4
440,2085,0,0,0,79.3
440,2090,0,0,0,80.3
440,2095,0,0,0,81.2
442,2010,0,0,0,70.7
442,2015,0,0,0,71.8
442,2020,0,0,0,72.9
442,2025,0,0,0,73.8
442,2030,0,0,0,74.7
442,2035,0,0,0,75.5
442,2040,0,0,0,76.3
442,2045,0,0,0,77.2
442,2050,0,0,0,78
442,2055,0,0,0,78.8
442,2060,0,0,0,79.6
442,2065,0,0,0,80.5
442,2070,0,0,0,81.4
442,2075,0,0,0,82.3
442,2080,0,0,0,83.2
442,2085,0,0,0,84
442,2090,0,0,0,84.9
442,2095,0,0,0,85.9
446,2010,0,0,0,69.9
446,2015,0,0,0,71.1
446,2020,0,0,0,72.1
446,2025,0,0,0,73.1
446,2030,0,0,0,74
446,2035,0,0,0,74.8
446,2040,0,0,0,75.7
446,2045,0,0,0,76.7
446,2050,0,0,0,77.6
446,2055,0,0,0,78.5
446,2060,0,0,0,79.4
446,2065,0,0,0,80.3
446,2070,0,0,0,81.2
446,2075,0,0,0,82.1
446,2080,0,0,0,83
446,2085,0,0,0,83.8
446,2090,0,0,0,84.8
446,2095,0,0,0,85.9
450,2010,0,0,0,64.9
450,2015,0,0,0,65.6
450,2020,0,0,0,65.8
450,2025,0,0,0,66.3
450,2030,0,0,0,66.6
450,2035,0,0,0,67
450,2040,0,0,0,67.5
450,2045,0,0,0,68
450,2050,0,0,0,68.7
450,2055,0,0,0,69.4
450,2060,0,0,0,70.2
450,2065,0,0,0,71
450,2070,0,0,0,71.8
450,2075,0,0,0,72.5
450,2080,0,0,0,73.3
450,2085,0,0,0,74
450,2090,0,0,0,74.7
450,2095,0,0,0,75.5
454,2010,0,0,0,62.6
454,2015,0,0,0,62.9
454,2020,0,0,0,63.1
454,2025,0,0,0,63.4
454,2030,0,0,0,63.7
454,2035,0,0,0,63.9
454,2040,0,0,0,64.3
454,2045,0,0,0,64.7
454,2050,0,0,0,65.1
454,2055,0,0,0,65.6
454,2060,0,0,0,66
454,2065,0,0,0,66.5
454,2070,0,0,0,66.8
454,2075,0,0,0,67.4
454,2080,0,0,0,67.9
454,2085,0,0,0,68.3
454,2090,0,0,0,68.8
454,2095,0,0,0,69
458,2010,0,0,0,64.9
458,2015,0,0,0,66
458,2020,0,0,0,67
458,2025,0,0,0,67.9
458,2030,0,0,0,68.7
458,2035,0,0,0,69.6
458,2040,0,0,0,70.4
458,2045,0,0,0,71.2
458,2050,0,0,0,72.1
458,2055,0,0,0,73
458,2060,0,0,0,73.8
458,2065,0,0,0,74.6
458,2070,0,0,0,75.5
458,2075,0,0,0,76.4
458,2080,0,0,0,77.3
458,2085,0,0,0,78.1
458,2090,0,0,0,79
458,2095,0,0,0,79.9
462,2010,0,0,0,67.3
462,2015,0,0,0,68.8
462,2020,0,0,0,70.3
462,2025,0,0,0,71.9
462,2030,0,0,0,73.4
462,2035,0,0,0,74.8
462,2040,0,0,0,76
462,2045,0,0,0,77.2
462,2050,0,0,0,78.2
462,2055,0,0,0,79.3
462,2060,0,0,0,80.5
462,2065,0,0,0,81.7
462,2070,0,0,0,82.7
462,2075,0,0,0,83.7
462,2080,0,0,0,84.6
462,2085,0,0,0,85.7
462,2090,0,0,0,86.8
462,2095,0,0,0,87.9
466,2010,0,0,0,58.2
466,2015,0,0,0,58.8
466,2020,0,0,0,59.2
466,2025,0,0,0,59.7
466,2030,0,0,0,60.2
466,2035,0,0,0,60.5
466,2040,0,0,0,60.9
466,2045,0,0,0,61.4
466,2050,0,0,0,61.8
466,2055,0,0,0,62.1
466,2060,0,0,0,62.6
466,2065,0,0,0,63
466,2070,0,0,0,63.5
466,2075,0,0,0,64.1
466,2080,0,0,0,64.7
466,2085,0,0,0,65.5
466,2090,0,0,0,66.4
466,2095,0,0,0,67.4
470,2010,0,0,0,69.4
470,2015,0,0,0,70.5
470,2020,0,0,0,71.5
470,2025,0,0,0,72.3
470,2030,0,0,0,73.2
470,2035,0,0,0,74
470,2040,0,0,0,74.9
470,2045,0,0,0,75.8
470,2050,0,0,0,76.8
470,2055,0,0,0,77.7
470,2060,0,0,0,78.6
470,2065,0,0,0,79.5
470,2070,0,0,0,80.3
470,2075,0,0,0,81.2
470,2080,0,0,0,82.1
470,2085,0,0,0,83.1
470,2090,0,0,0,84
470,2095,0,0,0,85
474,2010,0,0,0,71.6
474,2015,0,0,0,72.3
474,2020,0,0,0,73.1
474,2025,0,0,0,73.9
474,2030,0,0,0,74.7
474,2035,0,0,0,75.5
474,2040,0,0,0,76.3
474,2045,0,0,0,77.1
474,2050,0,0,0,77.9
474,2055,0,0,0,78.7
474,2060,0,0,0,79.5
474,2065,0,0,0,80.4
474,2070,0,0,0,81.3
474,2075,0,0,0,82.2
474,2080,0,0,0,83
474,2085,0,0,0,83.8
474,2090,0,0,0,84.6
474,2095,0,0,0,85.6
478,2010,0,0,0,58.8
478,2015,0,0,0,59
478,2020,0,0,0,59.4
478,2025,0,0,0,59.8
478,2030,0,0,0,60.1
478,2035,0,0,0,60.6
478,2040,0,0,0,60.8
478,2045,0,0,0,61.1
478,2050,0,0,0,61.7
478,2055,0,0,0,62.4
478,2060,0,0,0,63.3
478,2065,0,0,0,64.2
478,2070,0,0,0,65.3
478,2075,0,0,0,66.6
478,2080,0,0,0,68
478,2085,0,0,0,69.2
478,2090,0,0,0,70.5
478,2095,0,0,0,71.9
480,2010,0,0,0,67.3
480,2015,0,0,0,68.4
480,2020,0,0,0,69.4
480,2025,0,0,0,70.4
480,2030,0,0,0,71.4
480,2035,0,0,0,72.2
480,2040,0,0,0,73.1
480,2045,0,0,0,74
480,2050,0,0,0,74.9
480,2055,0,0,0,75.7
480,2060,0,0,0,76.7
480,2065,0,0,0,77.5
480,2070,0,0,0,78.4
480,2075,0,0,0,79.3
480,2080,0,0,0,80.1
480,2085,0,0,0,81
480,2090,0,0,0,81.9
480,2095,0,0,0,82.8
484,2010,0,0,0,69.5
484,2015,0,0,0,70.3
484,2020,0,0,0,71.1
484,2025,0,0,0,71.9
484,2030,0,0,0,72.7
484,2035,0,0,0,73.4
484,2040,0,0,0,74.1
484,2045,0,0,0,74.8
484,2050,0,0,0,75.6
484,2055,0,0,0,76.5
484,2060,0,0,0,77.4
484,2065,0,0,0,78.3
484,2070,0,0,0,79.2
484,2075,0,0,0,80
484,2080,0,0,0,81
484,2085,0,0,0,81.9
484,2090,0,0,0,82.8
484,2095,0,0,0,83.8
496,2010,0,0,0,64.1
496,2015,0,0,0,63.9
496,2020,0,0,0,64.6
496,2025,0,0,0,64.9
496,2030,0,0,0,65.4
496,2035,0,0,0,65.9
496,2040,0,0,0,66.3
496,2045,0,0,0,66.9
496,2050,0,0,0,67.6
496,2055,0,0,0,68.3
496,2060,0,0,0,68.8
496,2065,0,0,0,69.5
496,2070,0,0,0,70.2
496,2075,0,0,0,71
496,2080,0,0,0,71.9
496,2085,0,0,0,72.7
496,2090,0,0,0,73.5
496,2095,0,0,0,74.2
498,2010,0,0,0,62.8
498,2015,0,0,0,63.9
498,2020,0,0,0,64.9
498,2025,0,0,0,65.9
498,2030,0,0,0,66.9
498,2035,0,0,0,67.8
498,2040,0,0,0,68.7
498,2045,0,0,0,69.6
498,2050,0,0,0,70.6
498,2055,0,0,0,71.6
498,2060,0,0,0,72.4
498,2065,0,0,0,73.2
498,2070,0,0,0,73.9
498,2075,0,0,0,74.6
498,2080,0,0,0,75.5
498,2085,0,0,0,76.4
498,2090,0,0,0,77.3
498,2095,0,0,0,78.1
499,2010,0,0,0,66.7
499,2015,0,0,0,68
499,2020,0,0,0,69.2
499,2025,0,0,0,70.3
499,2030,0,0,0,71.2
499,2035,0,0,0,72.1
499,2040,0,0,0,73.1
499,2045,0,0,0,73.9
499,2050,0,0,0,74.8
499,2055,0,0,0,75.7
499,2060,0,0,0,76.6
499,2065,0,0,0,77.5
499,2070,0,0,0,78.3
499,2075,0,0,0,79.1
499,2080,0,0,0,80
499,2085,0,0,0,80.9
499,2090,0,0,0,81.9
499,2095,0,0,0,82.8
504,2010,0,0,0,64.4
504,2015,0,0,0,65.1
504,2020,0,0,0,65.8
504,2025,0,0,0,66.4
504,2030,0,0,0,67.2
504,2035,0,0,0,67.9
504,2040,0,0,0,68.7
504,2045,0,0,0,69.5
504,2050,0,0,0,70.4
504,2055,0,0,0,71.3
504,2060,0,0,0,72.1
504,2065,0,0,0,72.9
504,2070,0,0,0,73.7
504,2075,0,0,0,74.5
504,2080,0,0,0,75.3
504,2085,0,0,0,76.2
504,2090,0,0,0,77.1
504,2095,0,0,0,78
508,2010,0,0,0,62.3
508,2015,0,0,0,62.9
508,2020,0,0,0,63.2
508,2025,0,0,0,63.5
508,2030,0,0,0,63.8
508,2035,0,0,0,63.9
508,2040,0,0,0,64.3
508,2045,0,0,0,64.3
508,2050,0,0,0,64.5
508,2055,0,0,0,64.9
508,2060,0,0,0,65.4
508,2065,0,0,0,65.9
508,2070,0,0,0,66.5
508,2075,0,0,0,67
508,2080,0,0,0,67.5
508,2085,0,0,0,68.1
508,2090,0,0,0,68.6
508,2095,0,0,0,69
512,2010,0,0,0,63.5
512,2015,0,0,0,64.9
512,2020,0,0,0,66.2
512,2025,0,0,0,67.2
512,2030,0,0,0,68.3
512,2035,0,0,0,69.2
512,2040,0,0,0,70
512,2045,0,0,0,71
512,2050,0,0,0,71.9
512,2055,0,0,0,72.8
512,2060,0,0,0,73.5
512,2065,0,0,0,74.2
512,2070,0,0,0,75
512,2075,0,0,0,76
512,2080,0,0,0,77
512,2085,0,0,0,78
512,2090,0,0,0,78.8
512,2095,0,0,0,79.7
516,2010,0,0,0,63.7
516,2015,0,0,0,63.6
516,2020,0,0,0,64.6
516,2025,0,0,0,64.8
516,2030,0,0,0,64.8
516,2035,0,0,0,65.2
516,2040,0,0,0,65.1
516,2045,0,0,0,65.4
516,2050,0,0,0,65.9
516,2055,0,0,0,66.6
516,2060,0,0,0,67.4
516,2065,0,0,0,68.1
516,2070,0,0,0,68.8
516,2075,0,0,0,69.4
516,2080,0,0,0,70.1
516,2085,0,0,0,70.8
516,2090,0,0,0,71.5
516,2095,0,0,0,72.1
524,2010,0,0,0,63.4
524,2015,0,0,0,64.6
524,2020,0,0,0,65.4
524,2025,0,0,0,66.7
524,2030,0,0,0,67.9
524,2035,0,0,0,68.9
524,2040,0,0,0,70.1
524,2045,0,0,0,71.2
524,2050,0,0,0,72
524,2055,0,0,0,72.6
524,2060,0,0,0,73.2
524,2065,0,0,0,73.9
524,2070,0,0,0,74.5
524,2075,0,0,0,75.1
524,2080,0,0,0,75.8
524,2085,0,0,0,76.5
524,2090,0,0,0,77.2
524,2095,0,0,0,77.9
528,2010,0,0,0,70.6
528,2015,0,0,0,71.4
528,2020,0,0,0,72.2
528,2025,0,0,0,73
528,2030,0,0,0,73.8
528,2035,0,0,0,74.6
528,2040,0,0,0,75.4
528,2045,0,0,0,76.3
528,2050,0,0,0,77.2
528,2055,0,0,0,78.1
528,2060,0,0,0,79.1
528,2065,0,0,0,80
528,2070,0,0,0,81.1
528,2075,0,0,0,82.1
528,2080,0,0,0,83.1
528,2085,0,0,0,84.1
528,2090,0,0,0,85.1
528,2095,0,0,0,86.2
530,2010,0,0,0,70.1
530,2015,0,0,0,71.3
530,2020,0,0,0,72.3
530,2025,0,0,0,73.2
530,2030,0,0,0,74.1
530,2035,0,0,0,75
530,2040,0,0,0,75.8
530,2045,0,0,0,76.7
530,2050,0,0,0,77.5
530,2055,0,0,0,78.4
530,2060,0,0,0,79.3
530,2065,0,0,0,80.1
530,2070,0,0,0,81
530,2075,0,0,0,81.9
530,2080,0,0,0,82.8
530,2085,0,0,0,83.7
530,2090,0,0,0,84.5
530,2095,0,0,0,85.4
533,2010,0,0,0,67
533,2015,0,0,0,68
533,2020,0,0,0,69
533,2025,0,0,0,69.9
533,2030,0,0,0,70.9
533,2035,0,0,0,71.7
533,2040,0,0,0,72.5
533,2045,0,0,0,73.4
533,2050,0,0,0,74.2
533,2055,0,0,0,75
533,2060,0,0,0,76
533,2065,0,0,0,76.9
533,2070,0,0,0,77.7
533,2075,0,0,0,78.5
533,2080,0,0,0,79.3
533,2085,0,0,0,80.1
533,2090,0,0,0,81
533,2095,0,0,0,82
540,2010,0,0,0,67.8
540,2015,0,0,0,68.8
540,2020,0,0,0,69.7
540,2025,0,0,0,70.8
540,2030,0,0,0,72
540,2035,0,0,0,73
540,2040,0,0,0,74.1
540,2045,0,0,0,75.1
540,2050,0,0,0,76.2
540,2055,0,0,0,77.3
540,2060,0,0,0,78.2
540,2065,0,0,0,79.2
540,2070,0,0,0,80.1
540,2075,0,0,0,81
540,2080,0,0,0,81.9
540,2085,0,0,0,82.8
540,2090,0,0,0,83.7
540,2095,0,0,0,84.6
548,2010,0,0,0,63.6
548,2015,0,0,0,64.3
548,2020,0,0,0,64.7
548,2025,0,0,0,65.3
548,2030,0,0,0,65.9
548,2035,0,0,0,66.7
548,2040,0,0,0,67.4
548,2045,0,0,0,68.1
548,2050,0,0,0,68.9
548,2055,0,0,0,69.6
548,2060,0,0,0,70.4
548,2065,0,0,0,71.3
548,2070,0,0,0,72.1
548,2075,0,0,0,72.9
548,2080,0,0,0,73.7
548,2085,0,0,0,74.5
548,2090,0,0,0,75.4
548,2095,0,0,0,76.2
554,2010,0,0,0,71.6
554,2015,0,0,0,72.6
554,2020,0,0,0,73.5
554,2025,0,0,0,74.3
554,2030,0,0,0,75.1
554,2035,0,0,0,76.1
554,2040,0,0,0,76.9
554,2045,0,0,0,77.7
554,2050,0,0,0,78.5
554,2055,0,0,0,79.3
554,2060,0,0,0,80.1
554,2065,0,0,0,81.1
554,2070,0,0,0,81.9
554,2075,0,0,0,82.8
554,2080,0,0,0,83.6
554,2085,0,0,0,84.5
554,2090,0,0,0,85.4
554,2095,0,0,0,86.4
558,2010,0,0,0,68.9
558,2015,0,0,0,69.5
558,2020,0,0,0,70.2
558,2025,0,0,0,71
558,2030,0,0,0,71.7
558,2035,0,0,0,72.5
558,2040,0,0,0,73.1
558,2045,0,0,0,73.8
558,2050,0,0,0,74.6
558,2055,0,0,0,75.3
558,2060,0,0,0,76.1
558,2065,0,0,0,76.9
558,2070,0,0,0,77.7
558,2075,0,0,0,78.5
558,2080,0,0,0,79.2
558,2085,0,0,0,80
558,2090,0,0,0,80.9
558,2095,0,0,0,81.7
562,2010,0,0,0,59.1
562,2015,0,0,0,59.6
562,2020,0,0,0,59.8
562,2025,0,0,0,60.2
562,2030,0,0,0,60.5
562,2035,0,0,0,60.7
562,2040,0,0,0,61
562,2045,0,0,0,61.3
562,2050,0,0,0,61.8
562,2055,0,0,0,62
562,2060,0,0,0,62.6
562,2065,0,0,0,62.9
562,2070,0,0,0,63.3
562,2075,0,0,0,63.8
562,2080,0,0,0,64.4
562,2085,0,0,0,65.1
562,2090,0,0,0,66
562,2095,0,0,0,66.8
566,2010,0,0,0,61.2
566,2015,0,0,0,61.6
566,2020,0,0,0,61.8
566,2025,0,0,0,62.4
566,2030,0,0,0,62.4
566,2035,0,0,0,62.9
566,2040,0,0,0,63
566,2045,0,0,0,63.4
566,2050,0,0,0,63.6
566,2055,0,0,0,63.9
566,2060,0,0,0,64.2
566,2065,0,0,0,64.6
566,2070,0,0,0,65.1
566,2075,0,0,0,65.7
566,2080,0,0,0,66.3
566,2085,0,0,0,66.9
566,2090,0,0,0,67.6
566,2095,0,0,0,68.3
578,2010,0,0,0,71.1
578,2015,0,0,0,72.1
578,2020,0,0,0,73.1
578,2025,0,0,0,73.8
578,2030,0,0,0,74.6
578,2035,0,0,0,75.5
578,2040,0,0,0,76.4
578,2045,0,0,0,77.3
578,2050,0,0,0,78.2
578,2055,0,0,0,79.1
578,2060,0,0,0,79.9
578,2065,0,0,0,80.8
578,2070,0,0,0,81.9
578,2075,0,0,0,82.8
578,2080,0,0,0,83.7
578,2085,0,0,0,84.5
578,2090,0,0,0,85.5
578,2095,0,0,0,86.5
583,2010,0,0,0,63.3
583,2015,0,0,0,63.7
583,2020,0,0,0,64.1
583,2025,0,0,0,64.5
583,2030,0,0,0,64.8
583,2035,0,0,0,65.4
583,2040,0,0,0,66.1
583,2045,0,0,0,66.8
583,2050,0,0,0,67.5
583,2055,0,0,0,68.2
583,2060,0,0,0,68.8
583,2065,0,0,0,69.5
583,2070,0,0,0,70.3
583,2075,0,0,0,71.1
583,2080,0,0,0,72
583,2085,0,0,0,72.8
583,2090,0,0,0,73.6
583,2095,0,0,0,74.4
586,2010,0,0,0,63.4
586,2015,0,0,0,63.9
586,2020,0,0,0,64.2
586,2025,0,0,0,64.5
586,2030,0,0,0,64.9
586,2035,0,0,0,65.4
586,2040,0,0,0,65.8
586,2045,0,0,0,66.3
586,2050,0,0,0,66.9
586,2055,0,0,0,67.5
586,2060,0,0,0,68.1
586,2065,0,0,0,68.8
586,2070,0,0,0,69.5
586,2075,0,0,0,70.3
586,2080,0,0,0,71.2
586,2085,0,0,0,72
586,2090,0,0,0,72.8
586,2095,0,0,0,73.7
591,2010,0,0,0,68.9
591,2015,0,0,0,69.7
591,2020,0,0,0,70.6
591,2025,0,0,0,71.4
591,2030,0,0,0,72.2
591,2035,0,0,0,73
591,2040,0,0,0,73.7
591,2045,0,0,0,74.4
591,2050,0,0,0,75.1
591,2055,0,0,0,75.9
591,2060,0,0,0,76.8
591,2065,0,0,0,77.6
591,2070,0,0,0,78.4
591,2075,0,0,0,79.2
591,2080,0,0,0,80
591,2085,0,0,0,80.9
591,2090,0,0,0,81.8
591,2095,0,0,0,82.7
598,2010,0,0,0,59.7
598,2015,0,0,0,60.7
598,2020,0,0,0,61.1
598,2025,0,0,0,61.5
598,2030,0,0,0,62.4
598,2035,0,0,0,62.8
598,2040,0,0,0,63.3
598,2045,0,0,0,63.8
598,2050,0,0,0,64.3
598,2055,0,0,0,64.9
598,2060,0,0,0,65.7
598,2065,0,0,0,66.5
598,2070,0,0,0,67.1
598,2075,0,0,0,67.9
598,2080,0,0,0,68.6
598,2085,0,0,0,69.4
598,2090,0,0,0,70.2
598,2095,0,0,0,71.1
600,2010,0,0,0,67.7
600,2015,0,0,0,68.3
600,2020,0,0,0,68.9
600,2025,0,0,0,69.5
600,2030,0,0,0,70.1
600,2035,0,0,0,70.8
600,2040,0,0,0,71.4
600,2045,0,0,0,72.2
600,2050,0,0,0,73
600,2055,0,0,0,73.8
600,2060,0,0,0,74.5
600,2065,0,0,0,75.3
600,2070,0,0,0,76.1
600,2075,0,0,0,76.9
600,2080,0,0,0,77.7
600,2085,0,0,0,78.5
600,2090,0,0,0,79.3
600,2095,0,0,0,80.1
604,2010,0,0,0,68.1
604,2015,0,0,0,68.8
604,2020,0,0,0,69.5
604,2025,0,0,0,70.1
604,2030,0,0,0,70.9
604,2035,0,0,0,71.6
604,2040,0,0,0,72.2
604,2045,0,0,0,72.9
604,2050,0,0,0,73.6
604,2055,0,0,0,74.3
604,2060,0,0,0,75
604,2065,0,0,0,75.8
604,2070,0,0,0,76.6
604,2075,0,0,0,77.4
604,2080,0,0,0,78.2
604,2085,0,0,0,79
604,2090,0,0,0,79.7
604,2095,0,0,0,80.6
608,2010,0,0,0,63.1
608,2015,0,0,0,64
608,2020,0,0,0,64.8
608,2025,0,0,0,65.6
608,2030,0,0,0,66.4
608,2035,0,0,0,67.2
608,2040,0,0,0,68
608,2045,0,0,0,68.7
608,2050,0,0,0,69.6
608,2055,0,0,0,70.4
608,2060,0,0,0,71.1
608,2065,0,0,0,72
608,2070,0,0,0,72.8
608,2075,0,0,0,73.7
608,2080,0,0,0,74.4
608,2085,0,0,0,75.2
608,2090,0,0,0,76.1
608,2095,0,0,0,77
616,2010,0,0,0,68.3
616,2015,0,0,0,69.1
616,2020,0,0,0,70
616,2025,0,0,0,70.8
616,2030,0,0,0,71.5
616,2035,0,0,0,72.3
616,2040,0,0,0,73.1
616,2045,0,0,0,73.9
616,2050,0,0,0,74.8
616,2055,0,0,0,75.7
616,2060,0,0,0,76.5
616,2065,0,0,0,77.3
616,2070,0,0,0,78.1
616,2075,0,0,0,78.9
616,2080,0,0,0,79.8
616,2085,0,0,0,80.8
616,2090,0,0,0,81.8
616,2095,0,0,0,82.7
620,2010,0,0,0,70.3
620,2015,0,0,0,71.2
620,2020,0,0,0,72.1
620,2025,0,0,0,73
620,2030,0,0,0,73.9
620,2035,0,0,0,74.7
620,2040,0,0,0,75.4
620,2045,0,0,0,76.3
620,2050,0,0,0,77.2
620,2055,0,0,0,78
620,2060,0,0,0,78.8
620,2065,0,0,0,79.7
620,2070,0,0,0,80.6
620,2075,0,0,0,81.5
620,2080,0,0,0,82.5
620,2085,0,0,0,83.4
620,2090,0,0,0,84.3
620,2095,0,0,0,85.2
624,2010,0,0,0,60.1
624,2015,0,0,0,60.5
624,2020,0,0,0,60.8
624,2025,0,0,0,61.3
624,2030,0,0,0,61.5
624,2035,0,0,0,61.8
624,2040,0,0,0,62.2
624,2045,0,0,0,62.3
624,2050,0,0,0,62.7
624,2055,0,0,0,63.3
624,2060,0,0,0,63.7
624,2065,0,0,0,64
624,2070,0,0,0,64.3
624,2075,0,0,0,64.7
624,2080,0,0,0,65.1
624,2085,0,0,0,65.7
624,2090,0,0,0,66.1
624,2095,0,0,0,67
626,2010,0,0,0,61.2
626,2015,0,0,0,61.3
626,2020,0,0,0,61.3
626,2025,0,0,0,61.5
626,2030,0,0,0,62.1
626,2035,0,0,0,62.2
626,2040,0,0,0,62.5
626,2045,0,0,0,62.9
626,2050,0,0,0,63
626,2055,0,0,0,63.5
626,2060,0,0,0,64.1
626,2065,0,0,0,64.4
626,2070,0,0,0,65
626,2075,0,0,0,65.6
626,2080,0,0,0,66.3
626,2085,0,0,0,67
626,2090,0,0,0,67.7
626,2095,0,0,0,68.5
630,2010,0,0,0,71.5
630,2015,0,0,0,72.5
630,2020,0,0,0,73.5
630,2025,0,0,0,74.4
630,2030,0,0,0,75.3
630,2035,0,0,0,76.2
630,2040,0,0,0,77
630,2045,0,0,0,77.9
630,2050,0,0,0,78.7
630,2055,0,0,0,79.5
630,2060,0,0,0,80.3
630,2065,0,0,0,81.2
630,2070,0,0,0,82.1
630,2075,0,0,0,82.9
630,2080,0,0,0,83.7
630,2085,0,0,0,84.5
630,2090,0,0,0,85.5
630,2095,0,0,0,86.4
634,2010,0,0,0,69.2
634,2015,0,0,0,70.1
634,2020,0,0,0,71.2
634,2025,0,0,0,72.1
634,2030,0,0,0,72.9
634,2035,0,0,0,73.7
634,2040,0,0,0,74.4
634,2045,0,0,0,75
634,2050,0,0,0,75.7
634,2055,0,0,0,76.5
634,2060,0,0,0,77.2
634,2065,0,0,0,78
634,2070,0,0,0,78.7
634,2075,0,0,0,79.6
634,2080,0,0,0,80.6
634,2085,0,0,0,81.7
634,2090,0,0,0,82.7
634,2095,0,0,0,83.5
638,2010,0,0,0,71.6
638,2015,0,0,0,72.6
638,2020,0,0,0,73.5
638,2025,0,0,0,74.4
638,2030,0,0,0,75.4
638,2035,0,0,0,76.4
638,2040,0,0,0,77.2
638,2045,0,0,0,78
638,2050,0,0,0,78.8
638,2055,0,0,0,79.6
638,2060,0,0,0,80.5
638,2065,0,0,0,81.4
638,2070,0,0,0,82.3
638,2075,0,0,0,83.1
638,2080,0,0,0,84
638,2085,0,0,0,84.8
638,2090,0,0,0,85.7
638,2095,0,0,0,86.7
642,2010,0,0,0,66.3
642,2015,0,0,0,67.3
642,2020,0,0,0,68.2
642,2025,0,0,0,69.1
642,2030,0,0,0,69.9
642,2035,0,0,0,70.9
642,2040,0,0,0,71.9
642,2045,0,0,0,72.7
642,2050,0,0,0,73.4
642,2055,0,0,0,74.1
642,2060,0,0,0,74.8
642,2065,0,0,0,75.6
642,2070,0,0,0,76.4
642,2075,0,0,0,77.2
642,2080,0,0,0,78
642,2085,0,0,0,78.8
642,2090,0,0,0,79.6
642,2095,0,0,0,80.4
643,2010,0,0,0,65
643,2015,0,0,0,65.8
643,2020,0,0,0,66.6
643,2025,0,0,0,67.3
643,2030,0,0,0,68
643,2035,0,0,0,68.6
643,2040,0,0,0,69.3
643,2045,0,0,0,70
643,2050,0,0,0,70.9
643,2055,0,0,0,71.8
643,2060,0,0,0,72.7
643,2065,0,0,0,73.5
643,2070,0,0,0,74.3
643,2075,0,0,0,75.2
643,2080,0,0,0,76.2
643,2085,0,0,0,77.2
643,2090,0,0,0,78.1
643,2095,0,0,0,79
646,2010,0,0,0,62.4
646,2015,0,0,0,62.8
646,2020,0,0,0,62.8
646,2025,0,0,0,63.3
646,2030,0,0,0,63.5
646,2035,0,0,0,63.8
646,2040,0,0,0,64
646,2045,0,0,0,64.4
646,2050,0,0,0,64.6
646,2055,0,0,0,64.8
646,2060,0,0,0,65.2
646,2065,0,0,0,65.5
646,2070,0,0,0,66.2
646,2075,0,0,0,66.6
646,2080,0,0,0,67.3
646,2085,0,0,0,67.9
646,2090,0,0,0,68.7
646,2095,0,0,0,69.4
662,2010,0,0,0,68.2
662,2015,0,0,0,69.2
662,2020,0,0,0,70
662,2025,0,0,0,71
662,2030,0,0,0,71.9
662,2035,0,0,0,72.7
662,2040,0,0,0,73.5
662,2045,0,0,0,74.2
662,2050,0,0,0,75
662,2055,0,0,0,75.9
662,2060,0,0,0,76.8
662,2065,0,0,0,77.6
662,2070,0,0,0,78.4
662,2075,0,0,0,79.2
662,2080,0,0,0,80
662,2085,0,0,0,80.9
662,2090,0,0,0,81.8
662,2095,0,0,0,82.7
670,2010,0,0,0,65.1
670,2015,0,0,0,66
670,2020,0,0,0,66.9
670,2025,0,0,0,67.8
670,2030,0,0,0,68.6
670,2035,0,0,0,69.2
670,2040,0,0,0,70
670,2045,0,0,0,70.9
670,2050,0,0,0,71.8
670,2055,0,0,0,72.7
670,2060,0,0,0,73.5
670,2065,0,0,0,74.3
670,2070,0,0,0,75.1
670,2075,0,0,0,76
670,2080,0,0,0,76.9
670,2085,0,0,0,77.7
670,2090,0,0,0,78.6
670,2095,0,0,0,79.5
678,2010,0,0,0,63.7
678,2015,0,0,0,64.1
678,2020,0,0,0,64.3
678,2025,0,0,0,64.6
678,2030,0,0,0,64.8
678,2035,0,0,0,64.9
678,2040,0,0,0,65
678,2045,0,0,0,65.6
678,2050,0,0,0,65.9
678,2055,0,0,0,66.2
678,2060,0,0,0,66.8
678,2065,0,0,0,67.5
678,2070,0,0,0,68.2
678,2075,0,0,0,68.9
678,2080,0,0,0,69.7
678,2085,0,0,0,70.5
678,2090,0,0,0,71.3
678,2095,0,0,0,72.1
682,2010,0,0,0,65.4
682,2015,0,0,0,66.3
682,2020,0,0,0,67.1
682,2025,0,0,0,67.8
682,2030,0,0,0,68.6
682,2035,0,0,0,69.3
682,2040,0,0,0,70.2
682,2045,0,0,0,71
682,2050,0,0,0,71.9
682,2055,0,0,0,72.7
682,2060,0,0,0,73.6
682,2065,0,0,0,74.5
682,2070,0,0,0,75.4
682,2075,0,0,0,76.3
682,2080,0,0,0,77.2
682,2085,0,0,0,78.1
682,2090,0,0,0,78.9
682,2095,0,0,0,79.8
686,2010,0,0,0,57.7
686,2015,0,0,0,58.2
686,2020,0,0,0,58.8
686,2025,0,0,0,59.2
686,2030,0,0,0,59.5
686,2035,0,0,0,60
686,2040,0,0,0,60.2
686,2045,0,0,0,60.7
686,2050,0,0,0,61.3
686,2055,0,0,0,62.3
686,2060,0,0,0,63.3
686,2065,0,0,0,64.3
686,2070,0,0,0,65.6
686,2075,0,0,0,67
686,2080,0,0,0,68.3
686,2085,0,0,0,69.5
686,2090,0,0,0,70.6
686,2095,0,0,0,71.9
688,2010,0,0,0,65.7
688,2015,0,0,0,66.6
688,2020,0,0,0,67.4
688,2025,0,0,0,68.3
688,2030,0,0,0,69.1
688,2035,0,0,0,69.9
688,2040,0,0,0,70.8
688,2045,0,0,0,71.7
688,2050,0,0,0,72.6
688,2055,0,0,0,73.5
688,2060,0,0,0,74.3
688,2065,0,0,0,75.1
688,2070,0,0,0,76.1
688,2075,0,0,0,76.9
688,2080,0,0,0,77.9
688,2085,0,0,0,78.9
688,2090,0,0,0,79.7
688,2095,0,0,0,80.7
694,2010,0,0,0,53.1
694,2015,0,0,0,53.9
694,2020,0,0,0,54.5
694,2025,0,0,0,55.1
694,2030,0,0,0,55.9
694,2035,0,0,0,56.5
694,2040,0,0,0,57.1
694,2045,0,0,0,57.8
694,2050,0,0,0,58.5
694,2055,0,0,0,59.1
694,2060,0,0,0,59.7
694,2065,0,0,0,60.3
694,2070,0,0,0,61
694,2075,0,0,0,61.6
694,2080,0,0,0,62.3
694,2085,0,0,0,63.1
694,2090,0,0,0,64
694,2095,0,0,0,65
702,2010,0,0,0,70.5
702,2015,0,0,0,71.4
702,2020,0,0,0,72.4
702,2025,0,0,0,73.4
702,2030,0,0,0,74.3
702,2035,0,0,0,75.2
702,2040,0,0,0,76.2
702,2045,0,0,0,77.2
702,2050,0,0,0,78.1
702,2055,0,0,0,79
702,2060,0,0,0,79.9
702,2065,0,0,0,80.9
702,2070,0,0,0,81.8
702,2075,0,0,0,82.7
702,2080,0,0,0,83.6
702,2085,0,0,0,84.5
702,2090,0,0,0,85.3
702,2095,0,0,0,86.4
703,2010,0,0,0,67.1
703,2015,0,0,0,68.1
703,2020,0,0,0,69
703,2025,0,0,0,69.9
703,2030,0,0,0,70.7
703,2035,0,0,0,71.6
703,2040,0,0,0,72.5
703,2045,0,0,0,73.4
703,2050,0,0,0,74.3
703,2055,0,0,0,75.1
703,2060,0,0,0,75.9
703,2065,0,0,0,76.8
703,2070,0,0,0,77.6
703,2075,0,0,0,78.4
703,2080,0,0,0,79.3
703,2085,0,0,0,80.2
703,2090,0,0,0,81.3
703,2095,0,0,0,82.2
704,2010,0,0,0,68.3
704,2015,0,0,0,69.2
704,2020,0,0,0,70.1
704,2025,0,0,0,71
704,2030,0,0,0,71.9
704,2035,0,0,0,72.6
704,2040,0,0,0,73.1
704,2045,0,0,0,73.8
704,2050,0,0,0,74.6
704,2055,0,0,0,75.4
704,2060,0,0,0,76.3
704,2065,0,0,0,77.1
704,2070,0,0,0,77.9
704,2075,0,0,0,78.7
704,2080,0,0,0,79.5
704,2085,0,0,0,80.5
704,2090,0,0,0,81.4
704,2095,0,0,0,82.4
705,2010,0,0,0,69.8
705,2015,0,0,0,70.5
705,2020,0,0,0,71.4
705,2025,0,0,0,72.2
705,2030,0,0,0,73
705,2035,0,0,0,73.8
705,2040,0,0,0,74.6
705,2045,0,0,0,75.4
705,2050,0,0,0,76.3
705,2055,0,0,0,77.2
705,2060,0,0,0,78
705,2065,0,0,0,78.9
705,2070,0,0,0,79.7
705,2075,0,0,0,80.6
705,2080,0,0,0,81.5
705,2085,0,0,0,82.5
705,2090,0,0,0,83.4
705,2095,0,0,0,84.3
706,2010,0,0,0,60.6
706,2015,0,0,0,60.8
706,2020,0,0,0,61.3
706,2025,0,0,0,61.5
706,2030,0,0,0,62
706,2035,0,0,0,61.9
706,2040,0,0,0,62.3
706,2045,0,0,0,62.3
706,2050,0,0,0,62.8
706,2055,0,0,0,63.4
706,2060,0,0,0,63.8
706,2065,0,0,0,64.2
706,2070,0,0,0,64.6
706,2075,0,0,0,65
706,2080,0,0,0,65.2
706,2085,0,0,0,66
706,2090,0,0,0,66.7
706,2095,0,0,0,67.7
710,2010,0,0,0,61.5
710,2015,0,0,0,62.2
710,2020,0,0,0,63
710,2025,0,0,0,63.2
710,2030,0,0,0,63.3
710,2035,0,0,0,63.7
710,2040,0,0,0,63.9
710,2045,0,0,0,64.1
710,2050,0,0,0,64.7
710,2055,0,0,0,65.3
710,2060,0,0,0,65.8
710,2065,0,0,0,66.2
710,2070,0,0,0,66.8
710,2075,0,0,0,67.4
710,2080,0,0,0,68
710,2085,0,0,0,68.7
710,2090,0,0,0,69.3
710,2095,0,0,0,69.6
716,2010,0,0,0,64.2
716,2015,0,0,0,64.5
716,2020,0,0,0,64.5
716,2025,0,0,0,64.5
716,2030,0,0,0,64.6
716,2035,0,0,0,65.1
716,2040,0,0,0,65.2
716,2045,0,0,0,65.7
716,2050,0,0,0,66.6
716,2055,0,0,0,67.3
716,2060,0,0,0,68
716,2065,0,0,0,68.5
716,2070,0,0,0,69
716,2075,0,0,0,69.6
716,2080,0,0,0,70.1
716,2085,0,0,0,70.7
716,2090,0,0,0,71.2
716,2095,0,0,0,71.6
724,2010,0,0,0,71.5
724,2015,0,0,0,72.4
724,2020,0,0,0,73.4
724,2025,0,0,0,74.2
724,2030,0,0,0,75.1
724,2035,0,0,0,76
724,2040,0,0,0,76.8
724,2045,0,0,0,77.6
724,2050,0,0,0,78.6
724,2055,0,0,0,79.4
724,2060,0,0,0,80.3
724,2065,0,0,0,81.2
724,2070,0,0,0,82.2
724,2075,0,0,0,83.2
724,2080,0,0,0,84.2
724,2085,0,0,0,85.3
724,2090,0,0,0,86.5
724,2095,0,0,0,87.5
736,2010,0,0,0,62.7
736,2015,0,0,0,62.9
736,2020,0,0,0,63.2
736,2025,0,0,0,63.3
736,2030,0,0,0,63.4
736,2035,0,0,0,63.8
736,2040,0,0,0,63.8
736,2045,0,0,0,64
736,2050,0,0,0,64.2
736,2055,0,0,0,64.4
736,2060,0,0,0,64.9
736,2065,0,0,0,65.2
736,2070,0,0,0,65.7
736,2075,0,0,0,66.2
736,2080,0,0,0,66.7
736,2085,0,0,0,67.3
736,2090,0,0,0,67.9
736,2095,0,0,0,68.6
740,2010,0,0,0,65.5
740,2015,0,0,0,66.4
740,2020,0,0,0,67.5
740,2025,0,0,0,68.4
740,2030,0,0,0,69.2
740,2035,0,0,0,70
740,2040,0,0,0,70.8
740,2045,0,0,0,71.5
740,2050,0,0,0,72.4
740,2055,0,0,0,73.2
740,2060,0,0,0,74
740,2065,0,0,0,74.8
740,2070,0,0,0,75.7
740,2075,0,0,0,76.5
740,2080,0,0,0,77.3
740,2085,0,0,0,78.1
740,2090,0,0,0,78.9
740,2095,0,0,0,79.7
748,2010,0,0,0,61.7
748,2015,0,0,0,61.7
748,2020,0,0,0,61.7
748,2025,0,0,0,61
748,2030,0,0,0,61.7
748,2035,0,0,0,61.3
748,2040,0,0,0,61.2
748,2045,0,0,0,61.1
748,2050,0,0,0,61.5
748,2055,0,0,0,62.2
748,2060,0,0,0,62.8
748,2065,0,0,0,63.5
748,2070,0,0,0,64.1
748,2075,0,0,0,64.8
748,2080,0,0,0,65.4
748,2085,0,0,0,66.1
748,2090,0,0,0,66.7
748,2095,0,0,0,67.4
752,2010,0,0,0,71.1
752,2015,0,0,0,71.9
752,2020,0,0,0,72.8
752,2025,0,0,0,73.7
752,2030,0,0,0,74.5
752,2035,0,0,0,75.3
752,2040,0,0,0,76.3
752,2045,0,0,0,77.2
752,2050,0,0,0,78.1
752,2055,0,0,0,79
752,2060,0,0,0,79.9
752,2065,0,0,0,80.9
752,2070,0,0,0,81.9
752,2075,0,0,0,82.9
752,2080,0,0,0,83.8
752,2085,0,0,0,84.7
752,2090,0,0,0,85.8
752,2095,0,0,0,86.9
756,2010,0,0,0,72.6
756,2015,0,0,0,73.5
756,2020,0,0,0,74.5
756,2025,0,0,0,75.3
756,2030,0,0,0,76.2
756,2035,0,0,0,77
756,2040,0,0,0,77.9
756,2045,0,0,0,78.7
756,2050,0,0,0,79.5
756,2055,0,0,0,80.4
756,2060,0,0,0,81.3
756,2065,0,0,0,82.3
756,2070,0,0,0,83.2
756,2075,0,0,0,84.1
756,2080,0,0,0,85
756,2085,0,0,0,86
756,2090,0,0,0,87
756,2095,0,0,0,88
760,2010,0,0,0,67
760,2015,0,0,0,67.9
760,2020,0,0,0,68.7
760,2025,0,0,0,69.5
760,2030,0,0,0,70.3
760,2035,0,0,0,71.2
760,2040,0,0,0,72.1
760,2045,0,0,0,72.9
760,2050,0,0,0,73.7
760,2055,0,0,0,74.5
760,2060,0,0,0,75.4
760,2065,0,0,0,76.2
760,2070,0,0,0,77.1
760,2075,0,0,0,77.9
760,2080,0,0,0,78.7
760,2085,0,0,0,79.6
760,2090,0,0,0,80.4
760,2095,0,0,0,81.4
762,2010,0,0,0,64.2
762,2015,0,0,0,65.2
762,2020,0,0,0,65.9
762,2025,0,0,0,66.6
762,2030,0,0,0,67.2
762,2035,0,0,0,67.6
762,2040,0,0,0,68.2
762,2045,0,0,0,68.9
762,2050,0,0,0,69.5
762,2055,0,0,0,70.2
762,2060,0,0,0,71
762,2065,0,0,0,71.7
762,2070,0,0,0,72.4
762,2075,0,0,0,73.1
762,2080,0,0,0,73.8
762,2085,0,0,0,74.6
762,2090,0,0,0,75.4
762,2095,0,0,0,76.2
764,2010,0,0,0,67.7
764,2015,0,0,0,67.9
764,2020,0,0,0,68.3
764,2025,0,0,0,68.8
764,2030,0,0,0,69.1
764,2035,0,0,0,69.4
764,2040,0,0,0,69.8
764,2045,0,0,0,70.2
764,2050,0,0,0,70.7
764,2055,0,0,0,71.2
764,2060,0,0,0,71.7
764,2065,0,0,0,72.2
764,2070,0,0,0,72.7
764,2075,0,0,0,73.2
764,2080,0,0,0,73.8
764,2085,0,0,0,74.3
764,2090,0,0,0,74.9
764,2095,0,0,0,75.6
768,2010,0,0,0,62.6
768,2015,0,0,0,63.1
768,2020,0,0,0,63.3
768,2025,0,0,0,63.8
768,2030,0,0,0,63.9
768,2035,0,0,0,64.1
768,2040,0,0,0,64.4
768,2045,0,0,0,64.5
768,2050,0,0,0,64.9
768,2055,0,0,0,65.3
768,2060,0,0,0,65.7
768,2065,0,0,0,66.2
768,2070,0,0,0,66.9
768,2075,0,0,0,67.6
768,2080,0,0,0,68.2
768,2085,0,0,0,68.9
768,2090,0,0,0,69.6
768,2095,0,0,0,70.5
776,2010,0,0,0,65.5
776,2015,0,0,0,66.5
776,2020,0,0,0,67.5
776,2025,0,0,0,68.4
776,2030,0,0,0,69.1
776,2035,0,0,0,70
776,2040,0,0,0,70.9
776,2045,0,0,0,71.8
776,2050,0,0,0,72.6
776,2055,0,0,0,73.5
776,2060,0,0,0,74.2
776,2065,0,0,0,75.1
776,2070,0,0,0,75.9
776,2075,0,0,0,76.8
776,2080,0,0,0,77.6
776,2085,0,0,0,78.5
776,2090,0,0,0,79.3
776,2095,0,0,0,80.1
780,2010,0,0,0,66
780,2015,0,0,0,67.2
780,2020,0,0,0,68.2
780,2025,0,0,0,69
780,2030,0,0,0,69.8
780,2035,0,0,0,70.6
780,2040,0,0,0,71.5
780,2045,0,0,0,72.3
780,2050,0,0,0,73
780,2055,0,0,0,73.9
780,2060,0,0,0,74.6
780,2065,0,0,0,75.4
780,2070,0,0,0,76.2
780,2075,0,0,0,77
780,2080,0,0,0,77.9
780,2085,0,0,0,78.8
780,2090,0,0,0,79.6
780,2095,0,0,0,80.4
784,2010,0,0,0,67.2
784,2015,0,0,0,68.5
784,2020,0,0,0,69.5
784,2025,0,0,0,70.4
784,2030,0,0,0,71.1
784,2035,0,0,0,71.8
784,2040,0,0,0,72.5
784,2045,0,0,0,73.2
784,2050,0,0,0,73.9
784,2055,0,0,0,74.7
784,2060,0,0,0,75.5
784,2065,0,0,0,76.4
784,2070,0,0,0,77.3
784,2075,0,0,0,78.3
784,2080,0,0,0,79.3
784,2085,0,0,0,80.3
784,2090,0,0,0,81.2
784,2095,0,0,0,82.2
788,2010,0,0,0,65.3
788,2015,0,0,0,65.9
788,2020,0,0,0,66.7
788,2025,0,0,0,67.4
788,2030,0,0,0,68.1
788,2035,0,0,0,68.9
788,2040,0,0,0,69.6
788,2045,0,0,0,70.4
788,2050,0,0,0,71.3
788,2055,0,0,0,72.2
788,2060,0,0,0,73
788,2065,0,0,0,73.7
788,2070,0,0,0,74.5
788,2075,0,0,0,75.3
788,2080,0,0,0,76.3
788,2085,0,0,0,77.2
788,2090,0,0,0,78.1
788,2095,0,0,0,78.9
792,2010,0,0,0,64.8
792,2015,0,0,0,65.5
792,2020,0,0,0,66.1
792,2025,0,0,0,66.8
792,2030,0,0,0,67.5
792,2035,0,0,0,68.2
792,2040,0,0,0,68.9
792,2045,0,0,0,69.7
792,2050,0,0,0,70.6
792,2055,0,0,0,71.3
792,2060,0,0,0,72.1
792,2065,0,0,0,73
792,2070,0,0,0,73.8
792,2075,0,0,0,74.6
792,2080,0,0,0,75.4
792,2085,0,0,0,76.3
792,2090,0,0,0,77.2
792,2095,0,0,0,78.1
795,2010,0,0,0,63.4
795,2015,0,0,0,64.1
795,2020,0,0,0,64.8
795,2025,0,0,0,65.5
795,2030,0,0,0,66
795,2035,0,0,0,66.6
795,2040,0,0,0,67.2
795,2045,0,0,0,67.9
795,2050,0,0,0,68.6
795,2055,0,0,0,69.4
795,2060,0,0,0,70
795,2065,0,0,0,70.8
795,2070,0,0,0,71.5
795,2075,0,0,0,72.3
795,2080,0,0,0,73.2
795,2085,0,0,0,73.9
795,2090,0,0,0,74.7
795,2095,0,0,0,75.5
800,2010,0,0,0,62.4
800,2015,0,0,0,62.7
800,2020,0,0,0,63
800,2025,0,0,0,63.1
800,2030,0,0,0,63.5
800,2035,0,0,0,63.6
800,2040,0,0,0,63.9
800,2045,0,0,0,64.2
800,2050,0,0,0,64.5
800,2055,0,0,0,64.7
800,2060,0,0,0,65.1
800,2065,0,0,0,65.6
800,2070,0,0,0,66.2
800,2075,0,0,0,66.8
800,2080,0,0,0,67.4
800,2085,0,0,0,67.9
800,2090,0,0,0,68.6
800,2095,0,0,0,69.1
804,2010,0,0,0,63.6
804,2015,0,0,0,64.4
804,2020,0,0,0,65.2
804,2025,0,0,0,66.1
804,2030,0,0,0,66.9
804,2035,0,0,0,67.4
804,2040,0,0,0,68.2
804,2045,0,0,0,69.1
804,2050,0,0,0,69.9
804,2055,0,0,0,70.9
804,2060,0,0,0,71.8
804,2065,0,0,0,72.8
804,2070,0,0,0,73.6
804,2075,0,0,0,74.6
804,2080,0,0,0,75.6
804,2085,0,0,0,76.6
804,2090,0,0,0,77.7
804,2095,0,0,0,78.6
807,2010,0,0,0,65.5
807,2015,0,0,0,66.4
807,2020,0,0,0,67.4
807,2025,0,0,0,68.3
807,2030,0,0,0,69.3
807,2035,0,0,0,70.2
807,2040,0,0,0,71.2
807,2045,0,0,0,72.2
807,2050,0,0,0,73
807,2055,0,0,0,73.8
807,2060,0,0,0,74.6
807,2065,0,0,0,75.4
807,2070,0,0,0,76.2
807,2075,0,0,0,77.1
807,2080,0,0,0,77.9
807,2085,0,0,0,78.8
807,2090,0,0,0,79.6
807,2095,0,0,0,80.5
818,2010,0,0,0,64.5
818,2015,0,0,0,65.2
818,2020,0,0,0,65.7
818,2025,0,0,0,66.4
818,2030,0,0,0,66.9
818,2035,0,0,0,67.6
818,2040,0,0,0,68.4
818,2045,0,0,0,69.2
818,2050,0,0,0,70
818,2055,0,0,0,70.8
818,2060,0,0,0,71.7
818,2065,0,0,0,72.5
818,2070,0,0,0,73.3
818,2075,0,0,0,74.1
818,2080,0,0,0,74.9
818,2085,0,0,0,75.8
818,2090,0,0,0,76.7
818,2095,0,0,0,77.6
826,2010,0,0,0,70.9
826,2015,0,0,0,71.8
826,2020,0,0,0,72.7
826,2025,0,0,0,73.5
826,2030,0,0,0,74.3
826,2035,0,0,0,75.1
826,2040,0,0,0,76
826,2045,0,0,0,76.8
826,2050,0,0,0,77.6
826,2055,0,0,0,78.4
826,2060,0,0,0,79.3
826,2065,0,0,0,80.1
826,2070,0,0,0,81
826,2075,0,0,0,81.9
826,2080,0,0,0,82.8
826,2085,0,0,0,83.7
826,2090,0,0,0,84.6
826,2095,0,0,0,85.6
830,2010,0,0,0,70.2
830,2015,0,0,0,71.2
830,2020,0,0,0,72.2
830,2025,0,0,0,73
830,2030,0,0,0,73.8
830,2035,0,0,0,74.7
830,2040,0,0,0,75.6
830,2045,0,0,0,76.4
830,2050,0,0,0,77.3
830,2055,0,0,0,78.2
830,2060,0,0,0,79.1
830,2065,0,0,0,80
830,2070,0,0,0,80.9
830,2075,0,0,0,81.9
830,2080,0,0,0,82.8
830,2085,0,0,0,83.7
830,2090,0,0,0,84.6
830,2095,0,0,0,85.7
834,2010,0,0,0,63.5
834,2015,0,0,0,64.1
834,2020,0,0,0,64.1
834,2025,0,0,0,64.7
834,2030,0,0,0,64.8
834,2035,0,0,0,65.1
834,2040,0,0,0,65.4
834,2045,0,0,0,65.8
834,2050,0,0,0,66.3
834,2055,0,0,0,66.8
834,2060,0,0,0,67.4
834,2065,0,0,0,67.9
834,2070,0,0,0,68.5
834,2075,0,0,0,69.2
834,2080,0,0,0,69.7
834,2085,0,0,0,70.3
834,2090,0,0,0,71
834,2095,0,0,0,71.7
840,2010,0,0,0,70.7
840,2015,0,0,0,71.3
840,2020,0,0,0,72
840,2025,0,0,0,72.6
840,2030,0,0,0,73.2
840,2035,0,0,0,73.8
840,2040,0,0,0,74.4
840,2045,0,0,0,75.1
840,2050,0,0,0,76
840,2055,0,0,0,76.8
840,2060,0,0,0,77.8
840,2065,0,0,0,78.6
840,2070,0,0,0,79.5
840,2075,0,0,0,80.4
840,2080,0,0,0,81.4
840,2085,0,0,0,82.4
840,2090,0,0,0,83.4
840,2095,0,0,0,84.4
850,2010,0,0,0,71.3
850,2015,0,0,0,72.5
850,2020,0,0,0,73.5
850,2025,0,0,0,74.4
850,2030,0,0,0,75.4
850,2035,0,0,0,76.4
850,2040,0,0,0,77.2
850,2045,0,0,0,78.1
850,2050,0,0,0,79
850,2055,0,0,0,79.8
850,2060,0,0,0,80.8
850,2065,0,0,0,81.8
850,2070,0,0,0,82.7
850,2075,0,0,0,83.5
850,2080,0,0,0,84.3
850,2085,0,0,0,85.1
850,2090,0,0,0,86
850,2095,0,0,0,87
854,2010,0,0,0,59.9
854,2015,0,0,0,60.5
854,2020,0,0,0,60.8
854,2025,0,0,0,61.5
854,2030,0,0,0,61.8
854,2035,0,0,0,62
854,2040,0,0,0,62.4
854,2045,0,0,0,62.8
854,2050,0,0,0,63.1
854,2055,0,0,0,63.4
854,2060,0,0,0,63.8
854,2065,0,0,0,64.3
854,2070,0,0,0,64.9
854,2075,0,0,0,65.6
854,2080,0,0,0,66.4
854,2085,0,0,0,67.3
854,2090,0,0,0,68.1
854,2095,0,0,0,69.1
858,2010,0,0,0,69.2
858,2015,0,0,0,70.1
858,2020,0,0,0,71.1
858,2025,0,0,0,72
858,2030,0,0,0,72.9
858,2035,0,0,0,73.6
858,2040,0,0,0,74.4
858,2045,0,0,0,75.2
858,2050,0,0,0,76.2
858,2055,0,0,0,77.1
858,2060,0,0,0,77.9
858,2065,0,0,0,78.8
858,2070,0,0,0,79.6
858,2075,0,0,0,80.5
858,2080,0,0,0,81.5
858,2085,0,0,0,82.4
858,2090,0,0,0,83.3
858,2095,0,0,0,84.2
860,2010,0,0,0,65.2
860,2015,0,0,0,66
860,2020,0,0,0,66.8
860,2025,0,0,0,67.5
860,2030,0,0,0,68.2
860,2035,0,0,0,68.6
860,2040,0,0,0,69.4
860,2045,0,0,0,70.1
860,2050,0,0,0,70.9
860,2055,0,0,0,71.6
860,2060,0,0,0,72.4
860,2065,0,0,0,73.1
860,2070,0,0,0,73.8
860,2075,0,0,0,74.6
860,2080,0,0,0,75.4
860,2085,0,0,0,76.2
860,2090,0,0,0,77.1
860,2095,0,0,0,77.9
862,2010,0,0,0,68.1
862,2015,0,0,0,69
862,2020,0,0,0,69.8
862,2025,0,0,0,70.7
862,2030,0,0,0,71.5
862,2035,0,0,0,72.2
862,2040,0,0,0,73.1
862,2045,0,0,0,73.8
862,2050,0,0,0,74.6
862,2055,0,0,0,75.4
862,2060,0,0,0,76.3
862,2065,0,0,0,77.1
862,2070,0,0,0,77.9
862,2075,0,0,0,78.7
862,2080,0,0,0,79.5
862,2085,0,0,0,80.4
862,2090,0,0,0,81.3
862,2095,0,0,0,82.2
882,2010,0,0,0,65.4
882,2015,0,0,0,66.3
882,2020,0,0,0,67.3
882,2025,0,0,0,68
882,2030,0,0,0,68.9
882,2035,0,0,0,69.7
882,2040,0,0,0,70.6
882,2045,0,0,0,71.4
882,2050,0,0,0,72.2
882,2055,0,0,0,73.1
882,2060,0,0,0,73.9
882,2065,0,0,0,74.7
882,2070,0,0,0,75.6
882,2075,0,0,0,76.5
882,2080,0,0,0,77.3
882,2085,0,0,0,78.1
882,2090,0,0,0,78.9
882,2095,0,0,0,79.7
887,2010,0,0,0,62.2
887,2015,0,0,0,62
887,2020,0,0,0,62.6
887,2025,0,0,0,62.7
887,2030,0,0,0,63
887,2035,0,0,0,63.1
887,2040,0,0,0,63.8
887,2045,0,0,0,63.9
887,2050,0,0,0,64.3
887,2055,0,0,0,64.9
887,2060,0,0,0,65.4
887,2065,0,0,0,66
887,2070,0,0,0,66.7
887,2075,0,0,0,67.4
887,2080,0,0,0,68.2
887,2085,0,0,0,69
887,2090,0,0,0,69.7
887,2095,0,0,0,70.5
894,2010,0,0,0,61.9
894,2015,0,0,0,62.2
894,2020,0,0,0,62.1
894,2025,0,0,0,62.6
894,2030,0,0,0,62.7
894,2035,0,0,0,62.9
894,2040,0,0,0,63
894,2045,0,0,0,63.4
894,2050,0,0,0,63.7
894,2055,0,0,0,64.1
894,2060,0,0,0,64.5
894,2065,0,0,0,64.9
894,2070,0,0,0,65.4
894,2075,0,0,0,65.9
894,2080,0,0,0,66.4
894,2085,0,0,0,67.1
894,2090,0,0,0,67.6
894,2095,0,0,0,68.3
900,2010,0,0,0,67
900,2015,0,0,0,67.8
900,2020,0,0,0,68.5
900,2025,0,0,0,69.2
900,2030,0,0,0,69.9
900,2035,0,0,0,70.6
900,2040,0,0,0,71.3
900,2045,0,0,0,72
900,2050,0,0,0,72.6
900,2055,0,0,0,73.2
900,2060,0,0,0,73.8
900,2065,0,0,0,74.4
900,2070,0,0,0,75
900,2075,0,0,0,75.7
900,2080,0,0,0,76.4
900,2085,0,0,0,77.1
900,2090,0,0,0,77.8
900,2095,0,0,0,78.5
903,2010,0,0,0,62.6
903,2015,0,0,0,63.1
903,2020,0,0,0,63.5
903,2025,0,0,0,64
903,2030,0,0,0,64.3
903,2035,0,0,0,64.8
903,2040,0,0,0,65.2
903,2045,0,0,0,65.6
903,2050,0,0,0,66.1
903,2055,0,0,0,66.6
903,2060,0,0,0,67.1
903,2065,0,0,0,67.6
903,2070,0,0,0,68.1
903,2075,0,0,0,68.6
903,2080,0,0,0,69.1
903,2085,0,0,0,69.7
903,2090,0,0,0,70.3
903,2095,0,0,0,71
935,2010,0,0,0,65.7
935,2015,0,0,0,66.6
935,2020,0,0,0,67.3
935,2025,0,0,0,68
935,2030,0,0,0,68.7
935,2035,0,0,0,69.4
935,2040,0,0,0,70.2
935,2045,0,0,0,71
935,2050,0,0,0,71.7
935,2055,0,0,0,72.3
935,2060,0,0,0,73
935,2065,0,0,0,73.6
935,2070,0,0,0,74.2
935,2075,0,0,0,74.9
935,2080,0,0,0,75.5
935,2085,0,0,0,76.3
935,2090,0,0,0,77
935,2095,0,0,0,77.7
908,2010,0,0,0,69.2
908,2015,0,0,0,70.2
908,2020,0,0,0,71.2
908,2025,0,0,0,72.1
908,2030,0,0,0,72.9
908,2035,0,0,0,73.7
908,2040,0,0,0,74.6
908,2045,0,0,0,75.5
908,2050,0,0,0,76.4
908,2055,0,0,0,77.3
908,2060,0,0,0,78.1
908,2065,0,0,0,78.8
908,2070,0,0,0,79.7
908,2075,0,0,0,80.7
908,2080,0,0,0,81.7
908,2085,0,0,0,82.8
908,2090,0,0,0,83.8
908,2095,0,0,0,84.7
904,2010,0,0,0,69.1
904,2015,0,0,0,69.9
904,2020,0,0,0,70.9
904,2025,0,0,0,71.7
904,2030,0,0,0,72.6
904,2035,0,0,0,73.3
904,2040,0,0,0,74.1
904,2045,0,0,0,74.8
904,2050,0,0,0,75.5
904,2055,0,0,0,76.3
904,2060,0,0,0,77
904,2065,0,0,0,77.8
904,2070,0,0,0,78.6
904,2075,0,0,0,79.3
904,2080,0,0,0,80.1
904,2085,0,0,0,80.9
904,2090,0,0,0,81.7
904,2095,0,0,0,82.6
905,2010,0,0,0,70.8
905,2015,0,0,0,71.4
905,2020,0,0,0,72.2
905,2025,0,0,0,72.8
905,2030,0,0,0,73.4
905,2035,0,0,0,74
905,2040,0,0,0,74.6
905,2045,0,0,0,75.4
905,2050,0,0,0,76.2
905,2055,0,0,0,77.1
905,2060,0,0,0,78
905,2065,0,0,0,78.9
905,2070,0,0,0,79.8
905,2075,0,0,0,80.7
905,2080,0,0,0,81.7
905,2085,0,0,0,82.7
905,2090,0,0,0,83.7
905,2095,0,0,0,84.7
909,2010,0,0,0,71.7
909,2015,0,0,0,72.7
909,2020,0,0,0,73.7
909,2025,0,0,0,74.5
909,2030,0,0,0,75.3
909,2035,0,0,0,76.2
909,2040,0,0,0,77
909,2045,0,0,0,77.7
909,2050,0,0,0,78.5
909,2055,0,0,0,79.2
909,2060,0,0,0,80
909,2065,0,0,0,81
909,2070,0,0,0,81.9
909,2075,0,0,0,82.7
909,2080,0,0,0,83.5
909,2085,0,0,0,84.2
909,2090,0,0,0,85.1
909,2095,0,0,0,86.1
