"isono","year","sexno","ageno","eduno","mage"
4,2010,0,0,0,NA
4,2015,0,0,0,NA
4,2020,0,0,0,NA
4,2025,0,0,0,NA
4,2030,0,0,0,NA
4,2035,0,0,0,NA
4,2040,0,0,0,NA
4,2045,0,0,0,NA
4,2050,0,0,0,NA
4,2055,0,0,0,NA
4,2060,0,0,0,NA
4,2065,0,0,0,NA
4,2070,0,0,0,NA
4,2075,0,0,0,NA
4,2080,0,0,0,NA
4,2085,0,0,0,NA
4,2090,0,0,0,NA
4,2095,0,0,0,NA
8,2010,0,0,0,NA
8,2015,0,0,0,NA
8,2020,0,0,0,NA
8,2025,0,0,0,NA
8,2030,0,0,0,NA
8,2035,0,0,0,NA
8,2040,0,0,0,NA
8,2045,0,0,0,NA
8,2050,0,0,0,NA
8,2055,0,0,0,NA
8,2060,0,0,0,NA
8,2065,0,0,0,NA
8,2070,0,0,0,NA
8,2075,0,0,0,NA
8,2080,0,0,0,NA
8,2085,0,0,0,NA
8,2090,0,0,0,NA
8,2095,0,0,0,NA
12,2010,0,0,0,NA
12,2015,0,0,0,NA
12,2020,0,0,0,NA
12,2025,0,0,0,NA
12,2030,0,0,0,NA
12,2035,0,0,0,NA
12,2040,0,0,0,NA
12,2045,0,0,0,NA
12,2050,0,0,0,NA
12,2055,0,0,0,NA
12,2060,0,0,0,NA
12,2065,0,0,0,NA
12,2070,0,0,0,NA
12,2075,0,0,0,NA
12,2080,0,0,0,NA
12,2085,0,0,0,NA
12,2090,0,0,0,NA
12,2095,0,0,0,NA
24,2010,0,0,0,NA
24,2015,0,0,0,NA
24,2020,0,0,0,NA
24,2025,0,0,0,NA
24,2030,0,0,0,NA
24,2035,0,0,0,NA
24,2040,0,0,0,NA
24,2045,0,0,0,NA
24,2050,0,0,0,NA
24,2055,0,0,0,NA
24,2060,0,0,0,NA
24,2065,0,0,0,NA
24,2070,0,0,0,NA
24,2075,0,0,0,NA
24,2080,0,0,0,NA
24,2085,0,0,0,NA
24,2090,0,0,0,NA
24,2095,0,0,0,NA
31,2010,0,0,0,NA
31,2015,0,0,0,NA
31,2020,0,0,0,NA
31,2025,0,0,0,NA
31,2030,0,0,0,NA
31,2035,0,0,0,NA
31,2040,0,0,0,NA
31,2045,0,0,0,NA
31,2050,0,0,0,NA
31,2055,0,0,0,NA
31,2060,0,0,0,NA
31,2065,0,0,0,NA
31,2070,0,0,0,NA
31,2075,0,0,0,NA
31,2080,0,0,0,NA
31,2085,0,0,0,NA
31,2090,0,0,0,NA
31,2095,0,0,0,NA
32,2010,0,0,0,NA
32,2015,0,0,0,NA
32,2020,0,0,0,NA
32,2025,0,0,0,NA
32,2030,0,0,0,NA
32,2035,0,0,0,NA
32,2040,0,0,0,NA
32,2045,0,0,0,NA
32,2050,0,0,0,NA
32,2055,0,0,0,NA
32,2060,0,0,0,NA
32,2065,0,0,0,NA
32,2070,0,0,0,NA
32,2075,0,0,0,NA
32,2080,0,0,0,NA
32,2085,0,0,0,NA
32,2090,0,0,0,NA
32,2095,0,0,0,NA
36,2010,0,0,0,NA
36,2015,0,0,0,NA
36,2020,0,0,0,NA
36,2025,0,0,0,NA
36,2030,0,0,0,NA
36,2035,0,0,0,NA
36,2040,0,0,0,NA
36,2045,0,0,0,NA
36,2050,0,0,0,NA
36,2055,0,0,0,NA
36,2060,0,0,0,NA
36,2065,0,0,0,NA
36,2070,0,0,0,NA
36,2075,0,0,0,NA
36,2080,0,0,0,NA
36,2085,0,0,0,NA
36,2090,0,0,0,NA
36,2095,0,0,0,NA
40,2010,0,0,0,NA
40,2015,0,0,0,NA
40,2020,0,0,0,NA
40,2025,0,0,0,NA
40,2030,0,0,0,NA
40,2035,0,0,0,NA
40,2040,0,0,0,NA
40,2045,0,0,0,NA
40,2050,0,0,0,NA
40,2055,0,0,0,NA
40,2060,0,0,0,NA
40,2065,0,0,0,NA
40,2070,0,0,0,NA
40,2075,0,0,0,NA
40,2080,0,0,0,NA
40,2085,0,0,0,NA
40,2090,0,0,0,NA
40,2095,0,0,0,NA
44,2010,0,0,0,NA
44,2015,0,0,0,NA
44,2020,0,0,0,NA
44,2025,0,0,0,NA
44,2030,0,0,0,NA
44,2035,0,0,0,NA
44,2040,0,0,0,NA
44,2045,0,0,0,NA
44,2050,0,0,0,NA
44,2055,0,0,0,NA
44,2060,0,0,0,NA
44,2065,0,0,0,NA
44,2070,0,0,0,NA
44,2075,0,0,0,NA
44,2080,0,0,0,NA
44,2085,0,0,0,NA
44,2090,0,0,0,NA
44,2095,0,0,0,NA
48,2010,0,0,0,NA
48,2015,0,0,0,NA
48,2020,0,0,0,NA
48,2025,0,0,0,NA
48,2030,0,0,0,NA
48,2035,0,0,0,NA
48,2040,0,0,0,NA
48,2045,0,0,0,NA
48,2050,0,0,0,NA
48,2055,0,0,0,NA
48,2060,0,0,0,NA
48,2065,0,0,0,NA
48,2070,0,0,0,NA
48,2075,0,0,0,NA
48,2080,0,0,0,NA
48,2085,0,0,0,NA
48,2090,0,0,0,NA
48,2095,0,0,0,NA
50,2010,0,0,0,NA
50,2015,0,0,0,NA
50,2020,0,0,0,NA
50,2025,0,0,0,NA
50,2030,0,0,0,NA
50,2035,0,0,0,NA
50,2040,0,0,0,NA
50,2045,0,0,0,NA
50,2050,0,0,0,NA
50,2055,0,0,0,NA
50,2060,0,0,0,NA
50,2065,0,0,0,NA
50,2070,0,0,0,NA
50,2075,0,0,0,NA
50,2080,0,0,0,NA
50,2085,0,0,0,NA
50,2090,0,0,0,NA
50,2095,0,0,0,NA
51,2010,0,0,0,NA
51,2015,0,0,0,NA
51,2020,0,0,0,NA
51,2025,0,0,0,NA
51,2030,0,0,0,NA
51,2035,0,0,0,NA
51,2040,0,0,0,NA
51,2045,0,0,0,NA
51,2050,0,0,0,NA
51,2055,0,0,0,NA
51,2060,0,0,0,NA
51,2065,0,0,0,NA
51,2070,0,0,0,NA
51,2075,0,0,0,NA
51,2080,0,0,0,NA
51,2085,0,0,0,NA
51,2090,0,0,0,NA
51,2095,0,0,0,NA
52,2010,0,0,0,NA
52,2015,0,0,0,NA
52,2020,0,0,0,NA
52,2025,0,0,0,NA
52,2030,0,0,0,NA
52,2035,0,0,0,NA
52,2040,0,0,0,NA
52,2045,0,0,0,NA
52,2050,0,0,0,NA
52,2055,0,0,0,NA
52,2060,0,0,0,NA
52,2065,0,0,0,NA
52,2070,0,0,0,NA
52,2075,0,0,0,NA
52,2080,0,0,0,NA
52,2085,0,0,0,NA
52,2090,0,0,0,NA
52,2095,0,0,0,NA
56,2010,0,0,0,NA
56,2015,0,0,0,NA
56,2020,0,0,0,NA
56,2025,0,0,0,NA
56,2030,0,0,0,NA
56,2035,0,0,0,NA
56,2040,0,0,0,NA
56,2045,0,0,0,NA
56,2050,0,0,0,NA
56,2055,0,0,0,NA
56,2060,0,0,0,NA
56,2065,0,0,0,NA
56,2070,0,0,0,NA
56,2075,0,0,0,NA
56,2080,0,0,0,NA
56,2085,0,0,0,NA
56,2090,0,0,0,NA
56,2095,0,0,0,NA
64,2010,0,0,0,NA
64,2015,0,0,0,NA
64,2020,0,0,0,NA
64,2025,0,0,0,NA
64,2030,0,0,0,NA
64,2035,0,0,0,NA
64,2040,0,0,0,NA
64,2045,0,0,0,NA
64,2050,0,0,0,NA
64,2055,0,0,0,NA
64,2060,0,0,0,NA
64,2065,0,0,0,NA
64,2070,0,0,0,NA
64,2075,0,0,0,NA
64,2080,0,0,0,NA
64,2085,0,0,0,NA
64,2090,0,0,0,NA
64,2095,0,0,0,NA
68,2010,0,0,0,NA
68,2015,0,0,0,NA
68,2020,0,0,0,NA
68,2025,0,0,0,NA
68,2030,0,0,0,NA
68,2035,0,0,0,NA
68,2040,0,0,0,NA
68,2045,0,0,0,NA
68,2050,0,0,0,NA
68,2055,0,0,0,NA
68,2060,0,0,0,NA
68,2065,0,0,0,NA
68,2070,0,0,0,NA
68,2075,0,0,0,NA
68,2080,0,0,0,NA
68,2085,0,0,0,NA
68,2090,0,0,0,NA
68,2095,0,0,0,NA
70,2010,0,0,0,NA
70,2015,0,0,0,NA
70,2020,0,0,0,NA
70,2025,0,0,0,NA
70,2030,0,0,0,NA
70,2035,0,0,0,NA
70,2040,0,0,0,NA
70,2045,0,0,0,NA
70,2050,0,0,0,NA
70,2055,0,0,0,NA
70,2060,0,0,0,NA
70,2065,0,0,0,NA
70,2070,0,0,0,NA
70,2075,0,0,0,NA
70,2080,0,0,0,NA
70,2085,0,0,0,NA
70,2090,0,0,0,NA
70,2095,0,0,0,NA
72,2010,0,0,0,NA
72,2015,0,0,0,NA
72,2020,0,0,0,NA
72,2025,0,0,0,NA
72,2030,0,0,0,NA
72,2035,0,0,0,NA
72,2040,0,0,0,NA
72,2045,0,0,0,NA
72,2050,0,0,0,NA
72,2055,0,0,0,NA
72,2060,0,0,0,NA
72,2065,0,0,0,NA
72,2070,0,0,0,NA
72,2075,0,0,0,NA
72,2080,0,0,0,NA
72,2085,0,0,0,NA
72,2090,0,0,0,NA
72,2095,0,0,0,NA
76,2010,0,0,0,NA
76,2015,0,0,0,NA
76,2020,0,0,0,NA
76,2025,0,0,0,NA
76,2030,0,0,0,NA
76,2035,0,0,0,NA
76,2040,0,0,0,NA
76,2045,0,0,0,NA
76,2050,0,0,0,NA
76,2055,0,0,0,NA
76,2060,0,0,0,NA
76,2065,0,0,0,NA
76,2070,0,0,0,NA
76,2075,0,0,0,NA
76,2080,0,0,0,NA
76,2085,0,0,0,NA
76,2090,0,0,0,NA
76,2095,0,0,0,NA
84,2010,0,0,0,NA
84,2015,0,0,0,NA
84,2020,0,0,0,NA
84,2025,0,0,0,NA
84,2030,0,0,0,NA
84,2035,0,0,0,NA
84,2040,0,0,0,NA
84,2045,0,0,0,NA
84,2050,0,0,0,NA
84,2055,0,0,0,NA
84,2060,0,0,0,NA
84,2065,0,0,0,NA
84,2070,0,0,0,NA
84,2075,0,0,0,NA
84,2080,0,0,0,NA
84,2085,0,0,0,NA
84,2090,0,0,0,NA
84,2095,0,0,0,NA
90,2010,0,0,0,NA
90,2015,0,0,0,NA
90,2020,0,0,0,NA
90,2025,0,0,0,NA
90,2030,0,0,0,NA
90,2035,0,0,0,NA
90,2040,0,0,0,NA
90,2045,0,0,0,NA
90,2050,0,0,0,NA
90,2055,0,0,0,NA
90,2060,0,0,0,NA
90,2065,0,0,0,NA
90,2070,0,0,0,NA
90,2075,0,0,0,NA
90,2080,0,0,0,NA
90,2085,0,0,0,NA
90,2090,0,0,0,NA
90,2095,0,0,0,NA
96,2010,0,0,0,NA
96,2015,0,0,0,NA
96,2020,0,0,0,NA
96,2025,0,0,0,NA
96,2030,0,0,0,NA
96,2035,0,0,0,NA
96,2040,0,0,0,NA
96,2045,0,0,0,NA
96,2050,0,0,0,NA
96,2055,0,0,0,NA
96,2060,0,0,0,NA
96,2065,0,0,0,NA
96,2070,0,0,0,NA
96,2075,0,0,0,NA
96,2080,0,0,0,NA
96,2085,0,0,0,NA
96,2090,0,0,0,NA
96,2095,0,0,0,NA
100,2010,0,0,0,NA
100,2015,0,0,0,NA
100,2020,0,0,0,NA
100,2025,0,0,0,NA
100,2030,0,0,0,NA
100,2035,0,0,0,NA
100,2040,0,0,0,NA
100,2045,0,0,0,NA
100,2050,0,0,0,NA
100,2055,0,0,0,NA
100,2060,0,0,0,NA
100,2065,0,0,0,NA
100,2070,0,0,0,NA
100,2075,0,0,0,NA
100,2080,0,0,0,NA
100,2085,0,0,0,NA
100,2090,0,0,0,NA
100,2095,0,0,0,NA
104,2010,0,0,0,NA
104,2015,0,0,0,NA
104,2020,0,0,0,NA
104,2025,0,0,0,NA
104,2030,0,0,0,NA
104,2035,0,0,0,NA
104,2040,0,0,0,NA
104,2045,0,0,0,NA
104,2050,0,0,0,NA
104,2055,0,0,0,NA
104,2060,0,0,0,NA
104,2065,0,0,0,NA
104,2070,0,0,0,NA
104,2075,0,0,0,NA
104,2080,0,0,0,NA
104,2085,0,0,0,NA
104,2090,0,0,0,NA
104,2095,0,0,0,NA
108,2010,0,0,0,NA
108,2015,0,0,0,NA
108,2020,0,0,0,NA
108,2025,0,0,0,NA
108,2030,0,0,0,NA
108,2035,0,0,0,NA
108,2040,0,0,0,NA
108,2045,0,0,0,NA
108,2050,0,0,0,NA
108,2055,0,0,0,NA
108,2060,0,0,0,NA
108,2065,0,0,0,NA
108,2070,0,0,0,NA
108,2075,0,0,0,NA
108,2080,0,0,0,NA
108,2085,0,0,0,NA
108,2090,0,0,0,NA
108,2095,0,0,0,NA
112,2010,0,0,0,NA
112,2015,0,0,0,NA
112,2020,0,0,0,NA
112,2025,0,0,0,NA
112,2030,0,0,0,NA
112,2035,0,0,0,NA
112,2040,0,0,0,NA
112,2045,0,0,0,NA
112,2050,0,0,0,NA
112,2055,0,0,0,NA
112,2060,0,0,0,NA
112,2065,0,0,0,NA
112,2070,0,0,0,NA
112,2075,0,0,0,NA
112,2080,0,0,0,NA
112,2085,0,0,0,NA
112,2090,0,0,0,NA
112,2095,0,0,0,NA
116,2010,0,0,0,NA
116,2015,0,0,0,NA
116,2020,0,0,0,NA
116,2025,0,0,0,NA
116,2030,0,0,0,NA
116,2035,0,0,0,NA
116,2040,0,0,0,NA
116,2045,0,0,0,NA
116,2050,0,0,0,NA
116,2055,0,0,0,NA
116,2060,0,0,0,NA
116,2065,0,0,0,NA
116,2070,0,0,0,NA
116,2075,0,0,0,NA
116,2080,0,0,0,NA
116,2085,0,0,0,NA
116,2090,0,0,0,NA
116,2095,0,0,0,NA
120,2010,0,0,0,NA
120,2015,0,0,0,NA
120,2020,0,0,0,NA
120,2025,0,0,0,NA
120,2030,0,0,0,NA
120,2035,0,0,0,NA
120,2040,0,0,0,NA
120,2045,0,0,0,NA
120,2050,0,0,0,NA
120,2055,0,0,0,NA
120,2060,0,0,0,NA
120,2065,0,0,0,NA
120,2070,0,0,0,NA
120,2075,0,0,0,NA
120,2080,0,0,0,NA
120,2085,0,0,0,NA
120,2090,0,0,0,NA
120,2095,0,0,0,NA
124,2010,0,0,0,NA
124,2015,0,0,0,NA
124,2020,0,0,0,NA
124,2025,0,0,0,NA
124,2030,0,0,0,NA
124,2035,0,0,0,NA
124,2040,0,0,0,NA
124,2045,0,0,0,NA
124,2050,0,0,0,NA
124,2055,0,0,0,NA
124,2060,0,0,0,NA
124,2065,0,0,0,NA
124,2070,0,0,0,NA
124,2075,0,0,0,NA
124,2080,0,0,0,NA
124,2085,0,0,0,NA
124,2090,0,0,0,NA
124,2095,0,0,0,NA
132,2010,0,0,0,NA
132,2015,0,0,0,NA
132,2020,0,0,0,NA
132,2025,0,0,0,NA
132,2030,0,0,0,NA
132,2035,0,0,0,NA
132,2040,0,0,0,NA
132,2045,0,0,0,NA
132,2050,0,0,0,NA
132,2055,0,0,0,NA
132,2060,0,0,0,NA
132,2065,0,0,0,NA
132,2070,0,0,0,NA
132,2075,0,0,0,NA
132,2080,0,0,0,NA
132,2085,0,0,0,NA
132,2090,0,0,0,NA
132,2095,0,0,0,NA
140,2010,0,0,0,NA
140,2015,0,0,0,NA
140,2020,0,0,0,NA
140,2025,0,0,0,NA
140,2030,0,0,0,NA
140,2035,0,0,0,NA
140,2040,0,0,0,NA
140,2045,0,0,0,NA
140,2050,0,0,0,NA
140,2055,0,0,0,NA
140,2060,0,0,0,NA
140,2065,0,0,0,NA
140,2070,0,0,0,NA
140,2075,0,0,0,NA
140,2080,0,0,0,NA
140,2085,0,0,0,NA
140,2090,0,0,0,NA
140,2095,0,0,0,NA
144,2010,0,0,0,NA
144,2015,0,0,0,NA
144,2020,0,0,0,NA
144,2025,0,0,0,NA
144,2030,0,0,0,NA
144,2035,0,0,0,NA
144,2040,0,0,0,NA
144,2045,0,0,0,NA
144,2050,0,0,0,NA
144,2055,0,0,0,NA
144,2060,0,0,0,NA
144,2065,0,0,0,NA
144,2070,0,0,0,NA
144,2075,0,0,0,NA
144,2080,0,0,0,NA
144,2085,0,0,0,NA
144,2090,0,0,0,NA
144,2095,0,0,0,NA
148,2010,0,0,0,NA
148,2015,0,0,0,NA
148,2020,0,0,0,NA
148,2025,0,0,0,NA
148,2030,0,0,0,NA
148,2035,0,0,0,NA
148,2040,0,0,0,NA
148,2045,0,0,0,NA
148,2050,0,0,0,NA
148,2055,0,0,0,NA
148,2060,0,0,0,NA
148,2065,0,0,0,NA
148,2070,0,0,0,NA
148,2075,0,0,0,NA
148,2080,0,0,0,NA
148,2085,0,0,0,NA
148,2090,0,0,0,NA
148,2095,0,0,0,NA
152,2010,0,0,0,NA
152,2015,0,0,0,NA
152,2020,0,0,0,NA
152,2025,0,0,0,NA
152,2030,0,0,0,NA
152,2035,0,0,0,NA
152,2040,0,0,0,NA
152,2045,0,0,0,NA
152,2050,0,0,0,NA
152,2055,0,0,0,NA
152,2060,0,0,0,NA
152,2065,0,0,0,NA
152,2070,0,0,0,NA
152,2075,0,0,0,NA
152,2080,0,0,0,NA
152,2085,0,0,0,NA
152,2090,0,0,0,NA
152,2095,0,0,0,NA
156,2010,0,0,0,NA
156,2015,0,0,0,NA
156,2020,0,0,0,NA
156,2025,0,0,0,NA
156,2030,0,0,0,NA
156,2035,0,0,0,NA
156,2040,0,0,0,NA
156,2045,0,0,0,NA
156,2050,0,0,0,NA
156,2055,0,0,0,NA
156,2060,0,0,0,NA
156,2065,0,0,0,NA
156,2070,0,0,0,NA
156,2075,0,0,0,NA
156,2080,0,0,0,NA
156,2085,0,0,0,NA
156,2090,0,0,0,NA
156,2095,0,0,0,NA
170,2010,0,0,0,NA
170,2015,0,0,0,NA
170,2020,0,0,0,NA
170,2025,0,0,0,NA
170,2030,0,0,0,NA
170,2035,0,0,0,NA
170,2040,0,0,0,NA
170,2045,0,0,0,NA
170,2050,0,0,0,NA
170,2055,0,0,0,NA
170,2060,0,0,0,NA
170,2065,0,0,0,NA
170,2070,0,0,0,NA
170,2075,0,0,0,NA
170,2080,0,0,0,NA
170,2085,0,0,0,NA
170,2090,0,0,0,NA
170,2095,0,0,0,NA
174,2010,0,0,0,NA
174,2015,0,0,0,NA
174,2020,0,0,0,NA
174,2025,0,0,0,NA
174,2030,0,0,0,NA
174,2035,0,0,0,NA
174,2040,0,0,0,NA
174,2045,0,0,0,NA
174,2050,0,0,0,NA
174,2055,0,0,0,NA
174,2060,0,0,0,NA
174,2065,0,0,0,NA
174,2070,0,0,0,NA
174,2075,0,0,0,NA
174,2080,0,0,0,NA
174,2085,0,0,0,NA
174,2090,0,0,0,NA
174,2095,0,0,0,NA
175,2010,0,0,0,NA
175,2015,0,0,0,NA
175,2020,0,0,0,NA
175,2025,0,0,0,NA
175,2030,0,0,0,NA
175,2035,0,0,0,NA
175,2040,0,0,0,NA
175,2045,0,0,0,NA
175,2050,0,0,0,NA
175,2055,0,0,0,NA
175,2060,0,0,0,NA
175,2065,0,0,0,NA
175,2070,0,0,0,NA
175,2075,0,0,0,NA
175,2080,0,0,0,NA
175,2085,0,0,0,NA
175,2090,0,0,0,NA
175,2095,0,0,0,NA
178,2010,0,0,0,NA
178,2015,0,0,0,NA
178,2020,0,0,0,NA
178,2025,0,0,0,NA
178,2030,0,0,0,NA
178,2035,0,0,0,NA
178,2040,0,0,0,NA
178,2045,0,0,0,NA
178,2050,0,0,0,NA
178,2055,0,0,0,NA
178,2060,0,0,0,NA
178,2065,0,0,0,NA
178,2070,0,0,0,NA
178,2075,0,0,0,NA
178,2080,0,0,0,NA
178,2085,0,0,0,NA
178,2090,0,0,0,NA
178,2095,0,0,0,NA
180,2010,0,0,0,NA
180,2015,0,0,0,NA
180,2020,0,0,0,NA
180,2025,0,0,0,NA
180,2030,0,0,0,NA
180,2035,0,0,0,NA
180,2040,0,0,0,NA
180,2045,0,0,0,NA
180,2050,0,0,0,NA
180,2055,0,0,0,NA
180,2060,0,0,0,NA
180,2065,0,0,0,NA
180,2070,0,0,0,NA
180,2075,0,0,0,NA
180,2080,0,0,0,NA
180,2085,0,0,0,NA
180,2090,0,0,0,NA
180,2095,0,0,0,NA
188,2010,0,0,0,NA
188,2015,0,0,0,NA
188,2020,0,0,0,NA
188,2025,0,0,0,NA
188,2030,0,0,0,NA
188,2035,0,0,0,NA
188,2040,0,0,0,NA
188,2045,0,0,0,NA
188,2050,0,0,0,NA
188,2055,0,0,0,NA
188,2060,0,0,0,NA
188,2065,0,0,0,NA
188,2070,0,0,0,NA
188,2075,0,0,0,NA
188,2080,0,0,0,NA
188,2085,0,0,0,NA
188,2090,0,0,0,NA
188,2095,0,0,0,NA
191,2010,0,0,0,NA
191,2015,0,0,0,NA
191,2020,0,0,0,NA
191,2025,0,0,0,NA
191,2030,0,0,0,NA
191,2035,0,0,0,NA
191,2040,0,0,0,NA
191,2045,0,0,0,NA
191,2050,0,0,0,NA
191,2055,0,0,0,NA
191,2060,0,0,0,NA
191,2065,0,0,0,NA
191,2070,0,0,0,NA
191,2075,0,0,0,NA
191,2080,0,0,0,NA
191,2085,0,0,0,NA
191,2090,0,0,0,NA
191,2095,0,0,0,NA
192,2010,0,0,0,NA
192,2015,0,0,0,NA
192,2020,0,0,0,NA
192,2025,0,0,0,NA
192,2030,0,0,0,NA
192,2035,0,0,0,NA
192,2040,0,0,0,NA
192,2045,0,0,0,NA
192,2050,0,0,0,NA
192,2055,0,0,0,NA
192,2060,0,0,0,NA
192,2065,0,0,0,NA
192,2070,0,0,0,NA
192,2075,0,0,0,NA
192,2080,0,0,0,NA
192,2085,0,0,0,NA
192,2090,0,0,0,NA
192,2095,0,0,0,NA
196,2010,0,0,0,NA
196,2015,0,0,0,NA
196,2020,0,0,0,NA
196,2025,0,0,0,NA
196,2030,0,0,0,NA
196,2035,0,0,0,NA
196,2040,0,0,0,NA
196,2045,0,0,0,NA
196,2050,0,0,0,NA
196,2055,0,0,0,NA
196,2060,0,0,0,NA
196,2065,0,0,0,NA
196,2070,0,0,0,NA
196,2075,0,0,0,NA
196,2080,0,0,0,NA
196,2085,0,0,0,NA
196,2090,0,0,0,NA
196,2095,0,0,0,NA
203,2010,0,0,0,NA
203,2015,0,0,0,NA
203,2020,0,0,0,NA
203,2025,0,0,0,NA
203,2030,0,0,0,NA
203,2035,0,0,0,NA
203,2040,0,0,0,NA
203,2045,0,0,0,NA
203,2050,0,0,0,NA
203,2055,0,0,0,NA
203,2060,0,0,0,NA
203,2065,0,0,0,NA
203,2070,0,0,0,NA
203,2075,0,0,0,NA
203,2080,0,0,0,NA
203,2085,0,0,0,NA
203,2090,0,0,0,NA
203,2095,0,0,0,NA
204,2010,0,0,0,NA
204,2015,0,0,0,NA
204,2020,0,0,0,NA
204,2025,0,0,0,NA
204,2030,0,0,0,NA
204,2035,0,0,0,NA
204,2040,0,0,0,NA
204,2045,0,0,0,NA
204,2050,0,0,0,NA
204,2055,0,0,0,NA
204,2060,0,0,0,NA
204,2065,0,0,0,NA
204,2070,0,0,0,NA
204,2075,0,0,0,NA
204,2080,0,0,0,NA
204,2085,0,0,0,NA
204,2090,0,0,0,NA
204,2095,0,0,0,NA
208,2010,0,0,0,NA
208,2015,0,0,0,NA
208,2020,0,0,0,NA
208,2025,0,0,0,NA
208,2030,0,0,0,NA
208,2035,0,0,0,NA
208,2040,0,0,0,NA
208,2045,0,0,0,NA
208,2050,0,0,0,NA
208,2055,0,0,0,NA
208,2060,0,0,0,NA
208,2065,0,0,0,NA
208,2070,0,0,0,NA
208,2075,0,0,0,NA
208,2080,0,0,0,NA
208,2085,0,0,0,NA
208,2090,0,0,0,NA
208,2095,0,0,0,NA
214,2010,0,0,0,NA
214,2015,0,0,0,NA
214,2020,0,0,0,NA
214,2025,0,0,0,NA
214,2030,0,0,0,NA
214,2035,0,0,0,NA
214,2040,0,0,0,NA
214,2045,0,0,0,NA
214,2050,0,0,0,NA
214,2055,0,0,0,NA
214,2060,0,0,0,NA
214,2065,0,0,0,NA
214,2070,0,0,0,NA
214,2075,0,0,0,NA
214,2080,0,0,0,NA
214,2085,0,0,0,NA
214,2090,0,0,0,NA
214,2095,0,0,0,NA
218,2010,0,0,0,NA
218,2015,0,0,0,NA
218,2020,0,0,0,NA
218,2025,0,0,0,NA
218,2030,0,0,0,NA
218,2035,0,0,0,NA
218,2040,0,0,0,NA
218,2045,0,0,0,NA
218,2050,0,0,0,NA
218,2055,0,0,0,NA
218,2060,0,0,0,NA
218,2065,0,0,0,NA
218,2070,0,0,0,NA
218,2075,0,0,0,NA
218,2080,0,0,0,NA
218,2085,0,0,0,NA
218,2090,0,0,0,NA
218,2095,0,0,0,NA
222,2010,0,0,0,NA
222,2015,0,0,0,NA
222,2020,0,0,0,NA
222,2025,0,0,0,NA
222,2030,0,0,0,NA
222,2035,0,0,0,NA
222,2040,0,0,0,NA
222,2045,0,0,0,NA
222,2050,0,0,0,NA
222,2055,0,0,0,NA
222,2060,0,0,0,NA
222,2065,0,0,0,NA
222,2070,0,0,0,NA
222,2075,0,0,0,NA
222,2080,0,0,0,NA
222,2085,0,0,0,NA
222,2090,0,0,0,NA
222,2095,0,0,0,NA
226,2010,0,0,0,NA
226,2015,0,0,0,NA
226,2020,0,0,0,NA
226,2025,0,0,0,NA
226,2030,0,0,0,NA
226,2035,0,0,0,NA
226,2040,0,0,0,NA
226,2045,0,0,0,NA
226,2050,0,0,0,NA
226,2055,0,0,0,NA
226,2060,0,0,0,NA
226,2065,0,0,0,NA
226,2070,0,0,0,NA
226,2075,0,0,0,NA
226,2080,0,0,0,NA
226,2085,0,0,0,NA
226,2090,0,0,0,NA
226,2095,0,0,0,NA
231,2010,0,0,0,NA
231,2015,0,0,0,NA
231,2020,0,0,0,NA
231,2025,0,0,0,NA
231,2030,0,0,0,NA
231,2035,0,0,0,NA
231,2040,0,0,0,NA
231,2045,0,0,0,NA
231,2050,0,0,0,NA
231,2055,0,0,0,NA
231,2060,0,0,0,NA
231,2065,0,0,0,NA
231,2070,0,0,0,NA
231,2075,0,0,0,NA
231,2080,0,0,0,NA
231,2085,0,0,0,NA
231,2090,0,0,0,NA
231,2095,0,0,0,NA
232,2010,0,0,0,NA
232,2015,0,0,0,NA
232,2020,0,0,0,NA
232,2025,0,0,0,NA
232,2030,0,0,0,NA
232,2035,0,0,0,NA
232,2040,0,0,0,NA
232,2045,0,0,0,NA
232,2050,0,0,0,NA
232,2055,0,0,0,NA
232,2060,0,0,0,NA
232,2065,0,0,0,NA
232,2070,0,0,0,NA
232,2075,0,0,0,NA
232,2080,0,0,0,NA
232,2085,0,0,0,NA
232,2090,0,0,0,NA
232,2095,0,0,0,NA
233,2010,0,0,0,NA
233,2015,0,0,0,NA
233,2020,0,0,0,NA
233,2025,0,0,0,NA
233,2030,0,0,0,NA
233,2035,0,0,0,NA
233,2040,0,0,0,NA
233,2045,0,0,0,NA
233,2050,0,0,0,NA
233,2055,0,0,0,NA
233,2060,0,0,0,NA
233,2065,0,0,0,NA
233,2070,0,0,0,NA
233,2075,0,0,0,NA
233,2080,0,0,0,NA
233,2085,0,0,0,NA
233,2090,0,0,0,NA
233,2095,0,0,0,NA
242,2010,0,0,0,NA
242,2015,0,0,0,NA
242,2020,0,0,0,NA
242,2025,0,0,0,NA
242,2030,0,0,0,NA
242,2035,0,0,0,NA
242,2040,0,0,0,NA
242,2045,0,0,0,NA
242,2050,0,0,0,NA
242,2055,0,0,0,NA
242,2060,0,0,0,NA
242,2065,0,0,0,NA
242,2070,0,0,0,NA
242,2075,0,0,0,NA
242,2080,0,0,0,NA
242,2085,0,0,0,NA
242,2090,0,0,0,NA
242,2095,0,0,0,NA
246,2010,0,0,0,NA
246,2015,0,0,0,NA
246,2020,0,0,0,NA
246,2025,0,0,0,NA
246,2030,0,0,0,NA
246,2035,0,0,0,NA
246,2040,0,0,0,NA
246,2045,0,0,0,NA
246,2050,0,0,0,NA
246,2055,0,0,0,NA
246,2060,0,0,0,NA
246,2065,0,0,0,NA
246,2070,0,0,0,NA
246,2075,0,0,0,NA
246,2080,0,0,0,NA
246,2085,0,0,0,NA
246,2090,0,0,0,NA
246,2095,0,0,0,NA
250,2010,0,0,0,NA
250,2015,0,0,0,NA
250,2020,0,0,0,NA
250,2025,0,0,0,NA
250,2030,0,0,0,NA
250,2035,0,0,0,NA
250,2040,0,0,0,NA
250,2045,0,0,0,NA
250,2050,0,0,0,NA
250,2055,0,0,0,NA
250,2060,0,0,0,NA
250,2065,0,0,0,NA
250,2070,0,0,0,NA
250,2075,0,0,0,NA
250,2080,0,0,0,NA
250,2085,0,0,0,NA
250,2090,0,0,0,NA
250,2095,0,0,0,NA
254,2010,0,0,0,NA
254,2015,0,0,0,NA
254,2020,0,0,0,NA
254,2025,0,0,0,NA
254,2030,0,0,0,NA
254,2035,0,0,0,NA
254,2040,0,0,0,NA
254,2045,0,0,0,NA
254,2050,0,0,0,NA
254,2055,0,0,0,NA
254,2060,0,0,0,NA
254,2065,0,0,0,NA
254,2070,0,0,0,NA
254,2075,0,0,0,NA
254,2080,0,0,0,NA
254,2085,0,0,0,NA
254,2090,0,0,0,NA
254,2095,0,0,0,NA
258,2010,0,0,0,NA
258,2015,0,0,0,NA
258,2020,0,0,0,NA
258,2025,0,0,0,NA
258,2030,0,0,0,NA
258,2035,0,0,0,NA
258,2040,0,0,0,NA
258,2045,0,0,0,NA
258,2050,0,0,0,NA
258,2055,0,0,0,NA
258,2060,0,0,0,NA
258,2065,0,0,0,NA
258,2070,0,0,0,NA
258,2075,0,0,0,NA
258,2080,0,0,0,NA
258,2085,0,0,0,NA
258,2090,0,0,0,NA
258,2095,0,0,0,NA
262,2010,0,0,0,NA
262,2015,0,0,0,NA
262,2020,0,0,0,NA
262,2025,0,0,0,NA
262,2030,0,0,0,NA
262,2035,0,0,0,NA
262,2040,0,0,0,NA
262,2045,0,0,0,NA
262,2050,0,0,0,NA
262,2055,0,0,0,NA
262,2060,0,0,0,NA
262,2065,0,0,0,NA
262,2070,0,0,0,NA
262,2075,0,0,0,NA
262,2080,0,0,0,NA
262,2085,0,0,0,NA
262,2090,0,0,0,NA
262,2095,0,0,0,NA
266,2010,0,0,0,NA
266,2015,0,0,0,NA
266,2020,0,0,0,NA
266,2025,0,0,0,NA
266,2030,0,0,0,NA
266,2035,0,0,0,NA
266,2040,0,0,0,NA
266,2045,0,0,0,NA
266,2050,0,0,0,NA
266,2055,0,0,0,NA
266,2060,0,0,0,NA
266,2065,0,0,0,NA
266,2070,0,0,0,NA
266,2075,0,0,0,NA
266,2080,0,0,0,NA
266,2085,0,0,0,NA
266,2090,0,0,0,NA
266,2095,0,0,0,NA
268,2010,0,0,0,NA
268,2015,0,0,0,NA
268,2020,0,0,0,NA
268,2025,0,0,0,NA
268,2030,0,0,0,NA
268,2035,0,0,0,NA
268,2040,0,0,0,NA
268,2045,0,0,0,NA
268,2050,0,0,0,NA
268,2055,0,0,0,NA
268,2060,0,0,0,NA
268,2065,0,0,0,NA
268,2070,0,0,0,NA
268,2075,0,0,0,NA
268,2080,0,0,0,NA
268,2085,0,0,0,NA
268,2090,0,0,0,NA
268,2095,0,0,0,NA
270,2010,0,0,0,NA
270,2015,0,0,0,NA
270,2020,0,0,0,NA
270,2025,0,0,0,NA
270,2030,0,0,0,NA
270,2035,0,0,0,NA
270,2040,0,0,0,NA
270,2045,0,0,0,NA
270,2050,0,0,0,NA
270,2055,0,0,0,NA
270,2060,0,0,0,NA
270,2065,0,0,0,NA
270,2070,0,0,0,NA
270,2075,0,0,0,NA
270,2080,0,0,0,NA
270,2085,0,0,0,NA
270,2090,0,0,0,NA
270,2095,0,0,0,NA
275,2010,0,0,0,NA
275,2015,0,0,0,NA
275,2020,0,0,0,NA
275,2025,0,0,0,NA
275,2030,0,0,0,NA
275,2035,0,0,0,NA
275,2040,0,0,0,NA
275,2045,0,0,0,NA
275,2050,0,0,0,NA
275,2055,0,0,0,NA
275,2060,0,0,0,NA
275,2065,0,0,0,NA
275,2070,0,0,0,NA
275,2075,0,0,0,NA
275,2080,0,0,0,NA
275,2085,0,0,0,NA
275,2090,0,0,0,NA
275,2095,0,0,0,NA
276,2010,0,0,0,NA
276,2015,0,0,0,NA
276,2020,0,0,0,NA
276,2025,0,0,0,NA
276,2030,0,0,0,NA
276,2035,0,0,0,NA
276,2040,0,0,0,NA
276,2045,0,0,0,NA
276,2050,0,0,0,NA
276,2055,0,0,0,NA
276,2060,0,0,0,NA
276,2065,0,0,0,NA
276,2070,0,0,0,NA
276,2075,0,0,0,NA
276,2080,0,0,0,NA
276,2085,0,0,0,NA
276,2090,0,0,0,NA
276,2095,0,0,0,NA
288,2010,0,0,0,NA
288,2015,0,0,0,NA
288,2020,0,0,0,NA
288,2025,0,0,0,NA
288,2030,0,0,0,NA
288,2035,0,0,0,NA
288,2040,0,0,0,NA
288,2045,0,0,0,NA
288,2050,0,0,0,NA
288,2055,0,0,0,NA
288,2060,0,0,0,NA
288,2065,0,0,0,NA
288,2070,0,0,0,NA
288,2075,0,0,0,NA
288,2080,0,0,0,NA
288,2085,0,0,0,NA
288,2090,0,0,0,NA
288,2095,0,0,0,NA
300,2010,0,0,0,NA
300,2015,0,0,0,NA
300,2020,0,0,0,NA
300,2025,0,0,0,NA
300,2030,0,0,0,NA
300,2035,0,0,0,NA
300,2040,0,0,0,NA
300,2045,0,0,0,NA
300,2050,0,0,0,NA
300,2055,0,0,0,NA
300,2060,0,0,0,NA
300,2065,0,0,0,NA
300,2070,0,0,0,NA
300,2075,0,0,0,NA
300,2080,0,0,0,NA
300,2085,0,0,0,NA
300,2090,0,0,0,NA
300,2095,0,0,0,NA
308,2010,0,0,0,NA
308,2015,0,0,0,NA
308,2020,0,0,0,NA
308,2025,0,0,0,NA
308,2030,0,0,0,NA
308,2035,0,0,0,NA
308,2040,0,0,0,NA
308,2045,0,0,0,NA
308,2050,0,0,0,NA
308,2055,0,0,0,NA
308,2060,0,0,0,NA
308,2065,0,0,0,NA
308,2070,0,0,0,NA
308,2075,0,0,0,NA
308,2080,0,0,0,NA
308,2085,0,0,0,NA
308,2090,0,0,0,NA
308,2095,0,0,0,NA
312,2010,0,0,0,NA
312,2015,0,0,0,NA
312,2020,0,0,0,NA
312,2025,0,0,0,NA
312,2030,0,0,0,NA
312,2035,0,0,0,NA
312,2040,0,0,0,NA
312,2045,0,0,0,NA
312,2050,0,0,0,NA
312,2055,0,0,0,NA
312,2060,0,0,0,NA
312,2065,0,0,0,NA
312,2070,0,0,0,NA
312,2075,0,0,0,NA
312,2080,0,0,0,NA
312,2085,0,0,0,NA
312,2090,0,0,0,NA
312,2095,0,0,0,NA
316,2010,0,0,0,NA
316,2015,0,0,0,NA
316,2020,0,0,0,NA
316,2025,0,0,0,NA
316,2030,0,0,0,NA
316,2035,0,0,0,NA
316,2040,0,0,0,NA
316,2045,0,0,0,NA
316,2050,0,0,0,NA
316,2055,0,0,0,NA
316,2060,0,0,0,NA
316,2065,0,0,0,NA
316,2070,0,0,0,NA
316,2075,0,0,0,NA
316,2080,0,0,0,NA
316,2085,0,0,0,NA
316,2090,0,0,0,NA
316,2095,0,0,0,NA
320,2010,0,0,0,NA
320,2015,0,0,0,NA
320,2020,0,0,0,NA
320,2025,0,0,0,NA
320,2030,0,0,0,NA
320,2035,0,0,0,NA
320,2040,0,0,0,NA
320,2045,0,0,0,NA
320,2050,0,0,0,NA
320,2055,0,0,0,NA
320,2060,0,0,0,NA
320,2065,0,0,0,NA
320,2070,0,0,0,NA
320,2075,0,0,0,NA
320,2080,0,0,0,NA
320,2085,0,0,0,NA
320,2090,0,0,0,NA
320,2095,0,0,0,NA
324,2010,0,0,0,NA
324,2015,0,0,0,NA
324,2020,0,0,0,NA
324,2025,0,0,0,NA
324,2030,0,0,0,NA
324,2035,0,0,0,NA
324,2040,0,0,0,NA
324,2045,0,0,0,NA
324,2050,0,0,0,NA
324,2055,0,0,0,NA
324,2060,0,0,0,NA
324,2065,0,0,0,NA
324,2070,0,0,0,NA
324,2075,0,0,0,NA
324,2080,0,0,0,NA
324,2085,0,0,0,NA
324,2090,0,0,0,NA
324,2095,0,0,0,NA
328,2010,0,0,0,NA
328,2015,0,0,0,NA
328,2020,0,0,0,NA
328,2025,0,0,0,NA
328,2030,0,0,0,NA
328,2035,0,0,0,NA
328,2040,0,0,0,NA
328,2045,0,0,0,NA
328,2050,0,0,0,NA
328,2055,0,0,0,NA
328,2060,0,0,0,NA
328,2065,0,0,0,NA
328,2070,0,0,0,NA
328,2075,0,0,0,NA
328,2080,0,0,0,NA
328,2085,0,0,0,NA
328,2090,0,0,0,NA
328,2095,0,0,0,NA
332,2010,0,0,0,NA
332,2015,0,0,0,NA
332,2020,0,0,0,NA
332,2025,0,0,0,NA
332,2030,0,0,0,NA
332,2035,0,0,0,NA
332,2040,0,0,0,NA
332,2045,0,0,0,NA
332,2050,0,0,0,NA
332,2055,0,0,0,NA
332,2060,0,0,0,NA
332,2065,0,0,0,NA
332,2070,0,0,0,NA
332,2075,0,0,0,NA
332,2080,0,0,0,NA
332,2085,0,0,0,NA
332,2090,0,0,0,NA
332,2095,0,0,0,NA
340,2010,0,0,0,NA
340,2015,0,0,0,NA
340,2020,0,0,0,NA
340,2025,0,0,0,NA
340,2030,0,0,0,NA
340,2035,0,0,0,NA
340,2040,0,0,0,NA
340,2045,0,0,0,NA
340,2050,0,0,0,NA
340,2055,0,0,0,NA
340,2060,0,0,0,NA
340,2065,0,0,0,NA
340,2070,0,0,0,NA
340,2075,0,0,0,NA
340,2080,0,0,0,NA
340,2085,0,0,0,NA
340,2090,0,0,0,NA
340,2095,0,0,0,NA
344,2010,0,0,0,NA
344,2015,0,0,0,NA
344,2020,0,0,0,NA
344,2025,0,0,0,NA
344,2030,0,0,0,NA
344,2035,0,0,0,NA
344,2040,0,0,0,NA
344,2045,0,0,0,NA
344,2050,0,0,0,NA
344,2055,0,0,0,NA
344,2060,0,0,0,NA
344,2065,0,0,0,NA
344,2070,0,0,0,NA
344,2075,0,0,0,NA
344,2080,0,0,0,NA
344,2085,0,0,0,NA
344,2090,0,0,0,NA
344,2095,0,0,0,NA
348,2010,0,0,0,NA
348,2015,0,0,0,NA
348,2020,0,0,0,NA
348,2025,0,0,0,NA
348,2030,0,0,0,NA
348,2035,0,0,0,NA
348,2040,0,0,0,NA
348,2045,0,0,0,NA
348,2050,0,0,0,NA
348,2055,0,0,0,NA
348,2060,0,0,0,NA
348,2065,0,0,0,NA
348,2070,0,0,0,NA
348,2075,0,0,0,NA
348,2080,0,0,0,NA
348,2085,0,0,0,NA
348,2090,0,0,0,NA
348,2095,0,0,0,NA
352,2010,0,0,0,NA
352,2015,0,0,0,NA
352,2020,0,0,0,NA
352,2025,0,0,0,NA
352,2030,0,0,0,NA
352,2035,0,0,0,NA
352,2040,0,0,0,NA
352,2045,0,0,0,NA
352,2050,0,0,0,NA
352,2055,0,0,0,NA
352,2060,0,0,0,NA
352,2065,0,0,0,NA
352,2070,0,0,0,NA
352,2075,0,0,0,NA
352,2080,0,0,0,NA
352,2085,0,0,0,NA
352,2090,0,0,0,NA
352,2095,0,0,0,NA
356,2010,0,0,0,NA
356,2015,0,0,0,NA
356,2020,0,0,0,NA
356,2025,0,0,0,NA
356,2030,0,0,0,NA
356,2035,0,0,0,NA
356,2040,0,0,0,NA
356,2045,0,0,0,NA
356,2050,0,0,0,NA
356,2055,0,0,0,NA
356,2060,0,0,0,NA
356,2065,0,0,0,NA
356,2070,0,0,0,NA
356,2075,0,0,0,NA
356,2080,0,0,0,NA
356,2085,0,0,0,NA
356,2090,0,0,0,NA
356,2095,0,0,0,NA
360,2010,0,0,0,NA
360,2015,0,0,0,NA
360,2020,0,0,0,NA
360,2025,0,0,0,NA
360,2030,0,0,0,NA
360,2035,0,0,0,NA
360,2040,0,0,0,NA
360,2045,0,0,0,NA
360,2050,0,0,0,NA
360,2055,0,0,0,NA
360,2060,0,0,0,NA
360,2065,0,0,0,NA
360,2070,0,0,0,NA
360,2075,0,0,0,NA
360,2080,0,0,0,NA
360,2085,0,0,0,NA
360,2090,0,0,0,NA
360,2095,0,0,0,NA
364,2010,0,0,0,NA
364,2015,0,0,0,NA
364,2020,0,0,0,NA
364,2025,0,0,0,NA
364,2030,0,0,0,NA
364,2035,0,0,0,NA
364,2040,0,0,0,NA
364,2045,0,0,0,NA
364,2050,0,0,0,NA
364,2055,0,0,0,NA
364,2060,0,0,0,NA
364,2065,0,0,0,NA
364,2070,0,0,0,NA
364,2075,0,0,0,NA
364,2080,0,0,0,NA
364,2085,0,0,0,NA
364,2090,0,0,0,NA
364,2095,0,0,0,NA
368,2010,0,0,0,NA
368,2015,0,0,0,NA
368,2020,0,0,0,NA
368,2025,0,0,0,NA
368,2030,0,0,0,NA
368,2035,0,0,0,NA
368,2040,0,0,0,NA
368,2045,0,0,0,NA
368,2050,0,0,0,NA
368,2055,0,0,0,NA
368,2060,0,0,0,NA
368,2065,0,0,0,NA
368,2070,0,0,0,NA
368,2075,0,0,0,NA
368,2080,0,0,0,NA
368,2085,0,0,0,NA
368,2090,0,0,0,NA
368,2095,0,0,0,NA
372,2010,0,0,0,NA
372,2015,0,0,0,NA
372,2020,0,0,0,NA
372,2025,0,0,0,NA
372,2030,0,0,0,NA
372,2035,0,0,0,NA
372,2040,0,0,0,NA
372,2045,0,0,0,NA
372,2050,0,0,0,NA
372,2055,0,0,0,NA
372,2060,0,0,0,NA
372,2065,0,0,0,NA
372,2070,0,0,0,NA
372,2075,0,0,0,NA
372,2080,0,0,0,NA
372,2085,0,0,0,NA
372,2090,0,0,0,NA
372,2095,0,0,0,NA
376,2010,0,0,0,NA
376,2015,0,0,0,NA
376,2020,0,0,0,NA
376,2025,0,0,0,NA
376,2030,0,0,0,NA
376,2035,0,0,0,NA
376,2040,0,0,0,NA
376,2045,0,0,0,NA
376,2050,0,0,0,NA
376,2055,0,0,0,NA
376,2060,0,0,0,NA
376,2065,0,0,0,NA
376,2070,0,0,0,NA
376,2075,0,0,0,NA
376,2080,0,0,0,NA
376,2085,0,0,0,NA
376,2090,0,0,0,NA
376,2095,0,0,0,NA
380,2010,0,0,0,NA
380,2015,0,0,0,NA
380,2020,0,0,0,NA
380,2025,0,0,0,NA
380,2030,0,0,0,NA
380,2035,0,0,0,NA
380,2040,0,0,0,NA
380,2045,0,0,0,NA
380,2050,0,0,0,NA
380,2055,0,0,0,NA
380,2060,0,0,0,NA
380,2065,0,0,0,NA
380,2070,0,0,0,NA
380,2075,0,0,0,NA
380,2080,0,0,0,NA
380,2085,0,0,0,NA
380,2090,0,0,0,NA
380,2095,0,0,0,NA
384,2010,0,0,0,NA
384,2015,0,0,0,NA
384,2020,0,0,0,NA
384,2025,0,0,0,NA
384,2030,0,0,0,NA
384,2035,0,0,0,NA
384,2040,0,0,0,NA
384,2045,0,0,0,NA
384,2050,0,0,0,NA
384,2055,0,0,0,NA
384,2060,0,0,0,NA
384,2065,0,0,0,NA
384,2070,0,0,0,NA
384,2075,0,0,0,NA
384,2080,0,0,0,NA
384,2085,0,0,0,NA
384,2090,0,0,0,NA
384,2095,0,0,0,NA
388,2010,0,0,0,NA
388,2015,0,0,0,NA
388,2020,0,0,0,NA
388,2025,0,0,0,NA
388,2030,0,0,0,NA
388,2035,0,0,0,NA
388,2040,0,0,0,NA
388,2045,0,0,0,NA
388,2050,0,0,0,NA
388,2055,0,0,0,NA
388,2060,0,0,0,NA
388,2065,0,0,0,NA
388,2070,0,0,0,NA
388,2075,0,0,0,NA
388,2080,0,0,0,NA
388,2085,0,0,0,NA
388,2090,0,0,0,NA
388,2095,0,0,0,NA
392,2010,0,0,0,NA
392,2015,0,0,0,NA
392,2020,0,0,0,NA
392,2025,0,0,0,NA
392,2030,0,0,0,NA
392,2035,0,0,0,NA
392,2040,0,0,0,NA
392,2045,0,0,0,NA
392,2050,0,0,0,NA
392,2055,0,0,0,NA
392,2060,0,0,0,NA
392,2065,0,0,0,NA
392,2070,0,0,0,NA
392,2075,0,0,0,NA
392,2080,0,0,0,NA
392,2085,0,0,0,NA
392,2090,0,0,0,NA
392,2095,0,0,0,NA
398,2010,0,0,0,NA
398,2015,0,0,0,NA
398,2020,0,0,0,NA
398,2025,0,0,0,NA
398,2030,0,0,0,NA
398,2035,0,0,0,NA
398,2040,0,0,0,NA
398,2045,0,0,0,NA
398,2050,0,0,0,NA
398,2055,0,0,0,NA
398,2060,0,0,0,NA
398,2065,0,0,0,NA
398,2070,0,0,0,NA
398,2075,0,0,0,NA
398,2080,0,0,0,NA
398,2085,0,0,0,NA
398,2090,0,0,0,NA
398,2095,0,0,0,NA
400,2010,0,0,0,NA
400,2015,0,0,0,NA
400,2020,0,0,0,NA
400,2025,0,0,0,NA
400,2030,0,0,0,NA
400,2035,0,0,0,NA
400,2040,0,0,0,NA
400,2045,0,0,0,NA
400,2050,0,0,0,NA
400,2055,0,0,0,NA
400,2060,0,0,0,NA
400,2065,0,0,0,NA
400,2070,0,0,0,NA
400,2075,0,0,0,NA
400,2080,0,0,0,NA
400,2085,0,0,0,NA
400,2090,0,0,0,NA
400,2095,0,0,0,NA
404,2010,0,0,0,NA
404,2015,0,0,0,NA
404,2020,0,0,0,NA
404,2025,0,0,0,NA
404,2030,0,0,0,NA
404,2035,0,0,0,NA
404,2040,0,0,0,NA
404,2045,0,0,0,NA
404,2050,0,0,0,NA
404,2055,0,0,0,NA
404,2060,0,0,0,NA
404,2065,0,0,0,NA
404,2070,0,0,0,NA
404,2075,0,0,0,NA
404,2080,0,0,0,NA
404,2085,0,0,0,NA
404,2090,0,0,0,NA
404,2095,0,0,0,NA
408,2010,0,0,0,NA
408,2015,0,0,0,NA
408,2020,0,0,0,NA
408,2025,0,0,0,NA
408,2030,0,0,0,NA
408,2035,0,0,0,NA
408,2040,0,0,0,NA
408,2045,0,0,0,NA
408,2050,0,0,0,NA
408,2055,0,0,0,NA
408,2060,0,0,0,NA
408,2065,0,0,0,NA
408,2070,0,0,0,NA
408,2075,0,0,0,NA
408,2080,0,0,0,NA
408,2085,0,0,0,NA
408,2090,0,0,0,NA
408,2095,0,0,0,NA
410,2010,0,0,0,NA
410,2015,0,0,0,NA
410,2020,0,0,0,NA
410,2025,0,0,0,NA
410,2030,0,0,0,NA
410,2035,0,0,0,NA
410,2040,0,0,0,NA
410,2045,0,0,0,NA
410,2050,0,0,0,NA
410,2055,0,0,0,NA
410,2060,0,0,0,NA
410,2065,0,0,0,NA
410,2070,0,0,0,NA
410,2075,0,0,0,NA
410,2080,0,0,0,NA
410,2085,0,0,0,NA
410,2090,0,0,0,NA
410,2095,0,0,0,NA
414,2010,0,0,0,NA
414,2015,0,0,0,NA
414,2020,0,0,0,NA
414,2025,0,0,0,NA
414,2030,0,0,0,NA
414,2035,0,0,0,NA
414,2040,0,0,0,NA
414,2045,0,0,0,NA
414,2050,0,0,0,NA
414,2055,0,0,0,NA
414,2060,0,0,0,NA
414,2065,0,0,0,NA
414,2070,0,0,0,NA
414,2075,0,0,0,NA
414,2080,0,0,0,NA
414,2085,0,0,0,NA
414,2090,0,0,0,NA
414,2095,0,0,0,NA
417,2010,0,0,0,NA
417,2015,0,0,0,NA
417,2020,0,0,0,NA
417,2025,0,0,0,NA
417,2030,0,0,0,NA
417,2035,0,0,0,NA
417,2040,0,0,0,NA
417,2045,0,0,0,NA
417,2050,0,0,0,NA
417,2055,0,0,0,NA
417,2060,0,0,0,NA
417,2065,0,0,0,NA
417,2070,0,0,0,NA
417,2075,0,0,0,NA
417,2080,0,0,0,NA
417,2085,0,0,0,NA
417,2090,0,0,0,NA
417,2095,0,0,0,NA
418,2010,0,0,0,NA
418,2015,0,0,0,NA
418,2020,0,0,0,NA
418,2025,0,0,0,NA
418,2030,0,0,0,NA
418,2035,0,0,0,NA
418,2040,0,0,0,NA
418,2045,0,0,0,NA
418,2050,0,0,0,NA
418,2055,0,0,0,NA
418,2060,0,0,0,NA
418,2065,0,0,0,NA
418,2070,0,0,0,NA
418,2075,0,0,0,NA
418,2080,0,0,0,NA
418,2085,0,0,0,NA
418,2090,0,0,0,NA
418,2095,0,0,0,NA
422,2010,0,0,0,NA
422,2015,0,0,0,NA
422,2020,0,0,0,NA
422,2025,0,0,0,NA
422,2030,0,0,0,NA
422,2035,0,0,0,NA
422,2040,0,0,0,NA
422,2045,0,0,0,NA
422,2050,0,0,0,NA
422,2055,0,0,0,NA
422,2060,0,0,0,NA
422,2065,0,0,0,NA
422,2070,0,0,0,NA
422,2075,0,0,0,NA
422,2080,0,0,0,NA
422,2085,0,0,0,NA
422,2090,0,0,0,NA
422,2095,0,0,0,NA
426,2010,0,0,0,NA
426,2015,0,0,0,NA
426,2020,0,0,0,NA
426,2025,0,0,0,NA
426,2030,0,0,0,NA
426,2035,0,0,0,NA
426,2040,0,0,0,NA
426,2045,0,0,0,NA
426,2050,0,0,0,NA
426,2055,0,0,0,NA
426,2060,0,0,0,NA
426,2065,0,0,0,NA
426,2070,0,0,0,NA
426,2075,0,0,0,NA
426,2080,0,0,0,NA
426,2085,0,0,0,NA
426,2090,0,0,0,NA
426,2095,0,0,0,NA
428,2010,0,0,0,NA
428,2015,0,0,0,NA
428,2020,0,0,0,NA
428,2025,0,0,0,NA
428,2030,0,0,0,NA
428,2035,0,0,0,NA
428,2040,0,0,0,NA
428,2045,0,0,0,NA
428,2050,0,0,0,NA
428,2055,0,0,0,NA
428,2060,0,0,0,NA
428,2065,0,0,0,NA
428,2070,0,0,0,NA
428,2075,0,0,0,NA
428,2080,0,0,0,NA
428,2085,0,0,0,NA
428,2090,0,0,0,NA
428,2095,0,0,0,NA
430,2010,0,0,0,NA
430,2015,0,0,0,NA
430,2020,0,0,0,NA
430,2025,0,0,0,NA
430,2030,0,0,0,NA
430,2035,0,0,0,NA
430,2040,0,0,0,NA
430,2045,0,0,0,NA
430,2050,0,0,0,NA
430,2055,0,0,0,NA
430,2060,0,0,0,NA
430,2065,0,0,0,NA
430,2070,0,0,0,NA
430,2075,0,0,0,NA
430,2080,0,0,0,NA
430,2085,0,0,0,NA
430,2090,0,0,0,NA
430,2095,0,0,0,NA
434,2010,0,0,0,NA
434,2015,0,0,0,NA
434,2020,0,0,0,NA
434,2025,0,0,0,NA
434,2030,0,0,0,NA
434,2035,0,0,0,NA
434,2040,0,0,0,NA
434,2045,0,0,0,NA
434,2050,0,0,0,NA
434,2055,0,0,0,NA
434,2060,0,0,0,NA
434,2065,0,0,0,NA
434,2070,0,0,0,NA
434,2075,0,0,0,NA
434,2080,0,0,0,NA
434,2085,0,0,0,NA
434,2090,0,0,0,NA
434,2095,0,0,0,NA
440,2010,0,0,0,NA
440,2015,0,0,0,NA
440,2020,0,0,0,NA
440,2025,0,0,0,NA
440,2030,0,0,0,NA
440,2035,0,0,0,NA
440,2040,0,0,0,NA
440,2045,0,0,0,NA
440,2050,0,0,0,NA
440,2055,0,0,0,NA
440,2060,0,0,0,NA
440,2065,0,0,0,NA
440,2070,0,0,0,NA
440,2075,0,0,0,NA
440,2080,0,0,0,NA
440,2085,0,0,0,NA
440,2090,0,0,0,NA
440,2095,0,0,0,NA
442,2010,0,0,0,NA
442,2015,0,0,0,NA
442,2020,0,0,0,NA
442,2025,0,0,0,NA
442,2030,0,0,0,NA
442,2035,0,0,0,NA
442,2040,0,0,0,NA
442,2045,0,0,0,NA
442,2050,0,0,0,NA
442,2055,0,0,0,NA
442,2060,0,0,0,NA
442,2065,0,0,0,NA
442,2070,0,0,0,NA
442,2075,0,0,0,NA
442,2080,0,0,0,NA
442,2085,0,0,0,NA
442,2090,0,0,0,NA
442,2095,0,0,0,NA
446,2010,0,0,0,NA
446,2015,0,0,0,NA
446,2020,0,0,0,NA
446,2025,0,0,0,NA
446,2030,0,0,0,NA
446,2035,0,0,0,NA
446,2040,0,0,0,NA
446,2045,0,0,0,NA
446,2050,0,0,0,NA
446,2055,0,0,0,NA
446,2060,0,0,0,NA
446,2065,0,0,0,NA
446,2070,0,0,0,NA
446,2075,0,0,0,NA
446,2080,0,0,0,NA
446,2085,0,0,0,NA
446,2090,0,0,0,NA
446,2095,0,0,0,NA
450,2010,0,0,0,NA
450,2015,0,0,0,NA
450,2020,0,0,0,NA
450,2025,0,0,0,NA
450,2030,0,0,0,NA
450,2035,0,0,0,NA
450,2040,0,0,0,NA
450,2045,0,0,0,NA
450,2050,0,0,0,NA
450,2055,0,0,0,NA
450,2060,0,0,0,NA
450,2065,0,0,0,NA
450,2070,0,0,0,NA
450,2075,0,0,0,NA
450,2080,0,0,0,NA
450,2085,0,0,0,NA
450,2090,0,0,0,NA
450,2095,0,0,0,NA
454,2010,0,0,0,NA
454,2015,0,0,0,NA
454,2020,0,0,0,NA
454,2025,0,0,0,NA
454,2030,0,0,0,NA
454,2035,0,0,0,NA
454,2040,0,0,0,NA
454,2045,0,0,0,NA
454,2050,0,0,0,NA
454,2055,0,0,0,NA
454,2060,0,0,0,NA
454,2065,0,0,0,NA
454,2070,0,0,0,NA
454,2075,0,0,0,NA
454,2080,0,0,0,NA
454,2085,0,0,0,NA
454,2090,0,0,0,NA
454,2095,0,0,0,NA
458,2010,0,0,0,NA
458,2015,0,0,0,NA
458,2020,0,0,0,NA
458,2025,0,0,0,NA
458,2030,0,0,0,NA
458,2035,0,0,0,NA
458,2040,0,0,0,NA
458,2045,0,0,0,NA
458,2050,0,0,0,NA
458,2055,0,0,0,NA
458,2060,0,0,0,NA
458,2065,0,0,0,NA
458,2070,0,0,0,NA
458,2075,0,0,0,NA
458,2080,0,0,0,NA
458,2085,0,0,0,NA
458,2090,0,0,0,NA
458,2095,0,0,0,NA
462,2010,0,0,0,NA
462,2015,0,0,0,NA
462,2020,0,0,0,NA
462,2025,0,0,0,NA
462,2030,0,0,0,NA
462,2035,0,0,0,NA
462,2040,0,0,0,NA
462,2045,0,0,0,NA
462,2050,0,0,0,NA
462,2055,0,0,0,NA
462,2060,0,0,0,NA
462,2065,0,0,0,NA
462,2070,0,0,0,NA
462,2075,0,0,0,NA
462,2080,0,0,0,NA
462,2085,0,0,0,NA
462,2090,0,0,0,NA
462,2095,0,0,0,NA
466,2010,0,0,0,NA
466,2015,0,0,0,NA
466,2020,0,0,0,NA
466,2025,0,0,0,NA
466,2030,0,0,0,NA
466,2035,0,0,0,NA
466,2040,0,0,0,NA
466,2045,0,0,0,NA
466,2050,0,0,0,NA
466,2055,0,0,0,NA
466,2060,0,0,0,NA
466,2065,0,0,0,NA
466,2070,0,0,0,NA
466,2075,0,0,0,NA
466,2080,0,0,0,NA
466,2085,0,0,0,NA
466,2090,0,0,0,NA
466,2095,0,0,0,NA
470,2010,0,0,0,NA
470,2015,0,0,0,NA
470,2020,0,0,0,NA
470,2025,0,0,0,NA
470,2030,0,0,0,NA
470,2035,0,0,0,NA
470,2040,0,0,0,NA
470,2045,0,0,0,NA
470,2050,0,0,0,NA
470,2055,0,0,0,NA
470,2060,0,0,0,NA
470,2065,0,0,0,NA
470,2070,0,0,0,NA
470,2075,0,0,0,NA
470,2080,0,0,0,NA
470,2085,0,0,0,NA
470,2090,0,0,0,NA
470,2095,0,0,0,NA
474,2010,0,0,0,NA
474,2015,0,0,0,NA
474,2020,0,0,0,NA
474,2025,0,0,0,NA
474,2030,0,0,0,NA
474,2035,0,0,0,NA
474,2040,0,0,0,NA
474,2045,0,0,0,NA
474,2050,0,0,0,NA
474,2055,0,0,0,NA
474,2060,0,0,0,NA
474,2065,0,0,0,NA
474,2070,0,0,0,NA
474,2075,0,0,0,NA
474,2080,0,0,0,NA
474,2085,0,0,0,NA
474,2090,0,0,0,NA
474,2095,0,0,0,NA
478,2010,0,0,0,NA
478,2015,0,0,0,NA
478,2020,0,0,0,NA
478,2025,0,0,0,NA
478,2030,0,0,0,NA
478,2035,0,0,0,NA
478,2040,0,0,0,NA
478,2045,0,0,0,NA
478,2050,0,0,0,NA
478,2055,0,0,0,NA
478,2060,0,0,0,NA
478,2065,0,0,0,NA
478,2070,0,0,0,NA
478,2075,0,0,0,NA
478,2080,0,0,0,NA
478,2085,0,0,0,NA
478,2090,0,0,0,NA
478,2095,0,0,0,NA
480,2010,0,0,0,NA
480,2015,0,0,0,NA
480,2020,0,0,0,NA
480,2025,0,0,0,NA
480,2030,0,0,0,NA
480,2035,0,0,0,NA
480,2040,0,0,0,NA
480,2045,0,0,0,NA
480,2050,0,0,0,NA
480,2055,0,0,0,NA
480,2060,0,0,0,NA
480,2065,0,0,0,NA
480,2070,0,0,0,NA
480,2075,0,0,0,NA
480,2080,0,0,0,NA
480,2085,0,0,0,NA
480,2090,0,0,0,NA
480,2095,0,0,0,NA
484,2010,0,0,0,NA
484,2015,0,0,0,NA
484,2020,0,0,0,NA
484,2025,0,0,0,NA
484,2030,0,0,0,NA
484,2035,0,0,0,NA
484,2040,0,0,0,NA
484,2045,0,0,0,NA
484,2050,0,0,0,NA
484,2055,0,0,0,NA
484,2060,0,0,0,NA
484,2065,0,0,0,NA
484,2070,0,0,0,NA
484,2075,0,0,0,NA
484,2080,0,0,0,NA
484,2085,0,0,0,NA
484,2090,0,0,0,NA
484,2095,0,0,0,NA
496,2010,0,0,0,NA
496,2015,0,0,0,NA
496,2020,0,0,0,NA
496,2025,0,0,0,NA
496,2030,0,0,0,NA
496,2035,0,0,0,NA
496,2040,0,0,0,NA
496,2045,0,0,0,NA
496,2050,0,0,0,NA
496,2055,0,0,0,NA
496,2060,0,0,0,NA
496,2065,0,0,0,NA
496,2070,0,0,0,NA
496,2075,0,0,0,NA
496,2080,0,0,0,NA
496,2085,0,0,0,NA
496,2090,0,0,0,NA
496,2095,0,0,0,NA
498,2010,0,0,0,NA
498,2015,0,0,0,NA
498,2020,0,0,0,NA
498,2025,0,0,0,NA
498,2030,0,0,0,NA
498,2035,0,0,0,NA
498,2040,0,0,0,NA
498,2045,0,0,0,NA
498,2050,0,0,0,NA
498,2055,0,0,0,NA
498,2060,0,0,0,NA
498,2065,0,0,0,NA
498,2070,0,0,0,NA
498,2075,0,0,0,NA
498,2080,0,0,0,NA
498,2085,0,0,0,NA
498,2090,0,0,0,NA
498,2095,0,0,0,NA
499,2010,0,0,0,NA
499,2015,0,0,0,NA
499,2020,0,0,0,NA
499,2025,0,0,0,NA
499,2030,0,0,0,NA
499,2035,0,0,0,NA
499,2040,0,0,0,NA
499,2045,0,0,0,NA
499,2050,0,0,0,NA
499,2055,0,0,0,NA
499,2060,0,0,0,NA
499,2065,0,0,0,NA
499,2070,0,0,0,NA
499,2075,0,0,0,NA
499,2080,0,0,0,NA
499,2085,0,0,0,NA
499,2090,0,0,0,NA
499,2095,0,0,0,NA
504,2010,0,0,0,NA
504,2015,0,0,0,NA
504,2020,0,0,0,NA
504,2025,0,0,0,NA
504,2030,0,0,0,NA
504,2035,0,0,0,NA
504,2040,0,0,0,NA
504,2045,0,0,0,NA
504,2050,0,0,0,NA
504,2055,0,0,0,NA
504,2060,0,0,0,NA
504,2065,0,0,0,NA
504,2070,0,0,0,NA
504,2075,0,0,0,NA
504,2080,0,0,0,NA
504,2085,0,0,0,NA
504,2090,0,0,0,NA
504,2095,0,0,0,NA
508,2010,0,0,0,NA
508,2015,0,0,0,NA
508,2020,0,0,0,NA
508,2025,0,0,0,NA
508,2030,0,0,0,NA
508,2035,0,0,0,NA
508,2040,0,0,0,NA
508,2045,0,0,0,NA
508,2050,0,0,0,NA
508,2055,0,0,0,NA
508,2060,0,0,0,NA
508,2065,0,0,0,NA
508,2070,0,0,0,NA
508,2075,0,0,0,NA
508,2080,0,0,0,NA
508,2085,0,0,0,NA
508,2090,0,0,0,NA
508,2095,0,0,0,NA
512,2010,0,0,0,NA
512,2015,0,0,0,NA
512,2020,0,0,0,NA
512,2025,0,0,0,NA
512,2030,0,0,0,NA
512,2035,0,0,0,NA
512,2040,0,0,0,NA
512,2045,0,0,0,NA
512,2050,0,0,0,NA
512,2055,0,0,0,NA
512,2060,0,0,0,NA
512,2065,0,0,0,NA
512,2070,0,0,0,NA
512,2075,0,0,0,NA
512,2080,0,0,0,NA
512,2085,0,0,0,NA
512,2090,0,0,0,NA
512,2095,0,0,0,NA
516,2010,0,0,0,NA
516,2015,0,0,0,NA
516,2020,0,0,0,NA
516,2025,0,0,0,NA
516,2030,0,0,0,NA
516,2035,0,0,0,NA
516,2040,0,0,0,NA
516,2045,0,0,0,NA
516,2050,0,0,0,NA
516,2055,0,0,0,NA
516,2060,0,0,0,NA
516,2065,0,0,0,NA
516,2070,0,0,0,NA
516,2075,0,0,0,NA
516,2080,0,0,0,NA
516,2085,0,0,0,NA
516,2090,0,0,0,NA
516,2095,0,0,0,NA
524,2010,0,0,0,NA
524,2015,0,0,0,NA
524,2020,0,0,0,NA
524,2025,0,0,0,NA
524,2030,0,0,0,NA
524,2035,0,0,0,NA
524,2040,0,0,0,NA
524,2045,0,0,0,NA
524,2050,0,0,0,NA
524,2055,0,0,0,NA
524,2060,0,0,0,NA
524,2065,0,0,0,NA
524,2070,0,0,0,NA
524,2075,0,0,0,NA
524,2080,0,0,0,NA
524,2085,0,0,0,NA
524,2090,0,0,0,NA
524,2095,0,0,0,NA
528,2010,0,0,0,NA
528,2015,0,0,0,NA
528,2020,0,0,0,NA
528,2025,0,0,0,NA
528,2030,0,0,0,NA
528,2035,0,0,0,NA
528,2040,0,0,0,NA
528,2045,0,0,0,NA
528,2050,0,0,0,NA
528,2055,0,0,0,NA
528,2060,0,0,0,NA
528,2065,0,0,0,NA
528,2070,0,0,0,NA
528,2075,0,0,0,NA
528,2080,0,0,0,NA
528,2085,0,0,0,NA
528,2090,0,0,0,NA
528,2095,0,0,0,NA
530,2010,0,0,0,NA
530,2015,0,0,0,NA
530,2020,0,0,0,NA
530,2025,0,0,0,NA
530,2030,0,0,0,NA
530,2035,0,0,0,NA
530,2040,0,0,0,NA
530,2045,0,0,0,NA
530,2050,0,0,0,NA
530,2055,0,0,0,NA
530,2060,0,0,0,NA
530,2065,0,0,0,NA
530,2070,0,0,0,NA
530,2075,0,0,0,NA
530,2080,0,0,0,NA
530,2085,0,0,0,NA
530,2090,0,0,0,NA
530,2095,0,0,0,NA
533,2010,0,0,0,NA
533,2015,0,0,0,NA
533,2020,0,0,0,NA
533,2025,0,0,0,NA
533,2030,0,0,0,NA
533,2035,0,0,0,NA
533,2040,0,0,0,NA
533,2045,0,0,0,NA
533,2050,0,0,0,NA
533,2055,0,0,0,NA
533,2060,0,0,0,NA
533,2065,0,0,0,NA
533,2070,0,0,0,NA
533,2075,0,0,0,NA
533,2080,0,0,0,NA
533,2085,0,0,0,NA
533,2090,0,0,0,NA
533,2095,0,0,0,NA
540,2010,0,0,0,NA
540,2015,0,0,0,NA
540,2020,0,0,0,NA
540,2025,0,0,0,NA
540,2030,0,0,0,NA
540,2035,0,0,0,NA
540,2040,0,0,0,NA
540,2045,0,0,0,NA
540,2050,0,0,0,NA
540,2055,0,0,0,NA
540,2060,0,0,0,NA
540,2065,0,0,0,NA
540,2070,0,0,0,NA
540,2075,0,0,0,NA
540,2080,0,0,0,NA
540,2085,0,0,0,NA
540,2090,0,0,0,NA
540,2095,0,0,0,NA
548,2010,0,0,0,NA
548,2015,0,0,0,NA
548,2020,0,0,0,NA
548,2025,0,0,0,NA
548,2030,0,0,0,NA
548,2035,0,0,0,NA
548,2040,0,0,0,NA
548,2045,0,0,0,NA
548,2050,0,0,0,NA
548,2055,0,0,0,NA
548,2060,0,0,0,NA
548,2065,0,0,0,NA
548,2070,0,0,0,NA
548,2075,0,0,0,NA
548,2080,0,0,0,NA
548,2085,0,0,0,NA
548,2090,0,0,0,NA
548,2095,0,0,0,NA
554,2010,0,0,0,NA
554,2015,0,0,0,NA
554,2020,0,0,0,NA
554,2025,0,0,0,NA
554,2030,0,0,0,NA
554,2035,0,0,0,NA
554,2040,0,0,0,NA
554,2045,0,0,0,NA
554,2050,0,0,0,NA
554,2055,0,0,0,NA
554,2060,0,0,0,NA
554,2065,0,0,0,NA
554,2070,0,0,0,NA
554,2075,0,0,0,NA
554,2080,0,0,0,NA
554,2085,0,0,0,NA
554,2090,0,0,0,NA
554,2095,0,0,0,NA
558,2010,0,0,0,NA
558,2015,0,0,0,NA
558,2020,0,0,0,NA
558,2025,0,0,0,NA
558,2030,0,0,0,NA
558,2035,0,0,0,NA
558,2040,0,0,0,NA
558,2045,0,0,0,NA
558,2050,0,0,0,NA
558,2055,0,0,0,NA
558,2060,0,0,0,NA
558,2065,0,0,0,NA
558,2070,0,0,0,NA
558,2075,0,0,0,NA
558,2080,0,0,0,NA
558,2085,0,0,0,NA
558,2090,0,0,0,NA
558,2095,0,0,0,NA
562,2010,0,0,0,NA
562,2015,0,0,0,NA
562,2020,0,0,0,NA
562,2025,0,0,0,NA
562,2030,0,0,0,NA
562,2035,0,0,0,NA
562,2040,0,0,0,NA
562,2045,0,0,0,NA
562,2050,0,0,0,NA
562,2055,0,0,0,NA
562,2060,0,0,0,NA
562,2065,0,0,0,NA
562,2070,0,0,0,NA
562,2075,0,0,0,NA
562,2080,0,0,0,NA
562,2085,0,0,0,NA
562,2090,0,0,0,NA
562,2095,0,0,0,NA
566,2010,0,0,0,NA
566,2015,0,0,0,NA
566,2020,0,0,0,NA
566,2025,0,0,0,NA
566,2030,0,0,0,NA
566,2035,0,0,0,NA
566,2040,0,0,0,NA
566,2045,0,0,0,NA
566,2050,0,0,0,NA
566,2055,0,0,0,NA
566,2060,0,0,0,NA
566,2065,0,0,0,NA
566,2070,0,0,0,NA
566,2075,0,0,0,NA
566,2080,0,0,0,NA
566,2085,0,0,0,NA
566,2090,0,0,0,NA
566,2095,0,0,0,NA
578,2010,0,0,0,NA
578,2015,0,0,0,NA
578,2020,0,0,0,NA
578,2025,0,0,0,NA
578,2030,0,0,0,NA
578,2035,0,0,0,NA
578,2040,0,0,0,NA
578,2045,0,0,0,NA
578,2050,0,0,0,NA
578,2055,0,0,0,NA
578,2060,0,0,0,NA
578,2065,0,0,0,NA
578,2070,0,0,0,NA
578,2075,0,0,0,NA
578,2080,0,0,0,NA
578,2085,0,0,0,NA
578,2090,0,0,0,NA
578,2095,0,0,0,NA
583,2010,0,0,0,NA
583,2015,0,0,0,NA
583,2020,0,0,0,NA
583,2025,0,0,0,NA
583,2030,0,0,0,NA
583,2035,0,0,0,NA
583,2040,0,0,0,NA
583,2045,0,0,0,NA
583,2050,0,0,0,NA
583,2055,0,0,0,NA
583,2060,0,0,0,NA
583,2065,0,0,0,NA
583,2070,0,0,0,NA
583,2075,0,0,0,NA
583,2080,0,0,0,NA
583,2085,0,0,0,NA
583,2090,0,0,0,NA
583,2095,0,0,0,NA
586,2010,0,0,0,NA
586,2015,0,0,0,NA
586,2020,0,0,0,NA
586,2025,0,0,0,NA
586,2030,0,0,0,NA
586,2035,0,0,0,NA
586,2040,0,0,0,NA
586,2045,0,0,0,NA
586,2050,0,0,0,NA
586,2055,0,0,0,NA
586,2060,0,0,0,NA
586,2065,0,0,0,NA
586,2070,0,0,0,NA
586,2075,0,0,0,NA
586,2080,0,0,0,NA
586,2085,0,0,0,NA
586,2090,0,0,0,NA
586,2095,0,0,0,NA
591,2010,0,0,0,NA
591,2015,0,0,0,NA
591,2020,0,0,0,NA
591,2025,0,0,0,NA
591,2030,0,0,0,NA
591,2035,0,0,0,NA
591,2040,0,0,0,NA
591,2045,0,0,0,NA
591,2050,0,0,0,NA
591,2055,0,0,0,NA
591,2060,0,0,0,NA
591,2065,0,0,0,NA
591,2070,0,0,0,NA
591,2075,0,0,0,NA
591,2080,0,0,0,NA
591,2085,0,0,0,NA
591,2090,0,0,0,NA
591,2095,0,0,0,NA
598,2010,0,0,0,NA
598,2015,0,0,0,NA
598,2020,0,0,0,NA
598,2025,0,0,0,NA
598,2030,0,0,0,NA
598,2035,0,0,0,NA
598,2040,0,0,0,NA
598,2045,0,0,0,NA
598,2050,0,0,0,NA
598,2055,0,0,0,NA
598,2060,0,0,0,NA
598,2065,0,0,0,NA
598,2070,0,0,0,NA
598,2075,0,0,0,NA
598,2080,0,0,0,NA
598,2085,0,0,0,NA
598,2090,0,0,0,NA
598,2095,0,0,0,NA
600,2010,0,0,0,NA
600,2015,0,0,0,NA
600,2020,0,0,0,NA
600,2025,0,0,0,NA
600,2030,0,0,0,NA
600,2035,0,0,0,NA
600,2040,0,0,0,NA
600,2045,0,0,0,NA
600,2050,0,0,0,NA
600,2055,0,0,0,NA
600,2060,0,0,0,NA
600,2065,0,0,0,NA
600,2070,0,0,0,NA
600,2075,0,0,0,NA
600,2080,0,0,0,NA
600,2085,0,0,0,NA
600,2090,0,0,0,NA
600,2095,0,0,0,NA
604,2010,0,0,0,NA
604,2015,0,0,0,NA
604,2020,0,0,0,NA
604,2025,0,0,0,NA
604,2030,0,0,0,NA
604,2035,0,0,0,NA
604,2040,0,0,0,NA
604,2045,0,0,0,NA
604,2050,0,0,0,NA
604,2055,0,0,0,NA
604,2060,0,0,0,NA
604,2065,0,0,0,NA
604,2070,0,0,0,NA
604,2075,0,0,0,NA
604,2080,0,0,0,NA
604,2085,0,0,0,NA
604,2090,0,0,0,NA
604,2095,0,0,0,NA
608,2010,0,0,0,NA
608,2015,0,0,0,NA
608,2020,0,0,0,NA
608,2025,0,0,0,NA
608,2030,0,0,0,NA
608,2035,0,0,0,NA
608,2040,0,0,0,NA
608,2045,0,0,0,NA
608,2050,0,0,0,NA
608,2055,0,0,0,NA
608,2060,0,0,0,NA
608,2065,0,0,0,NA
608,2070,0,0,0,NA
608,2075,0,0,0,NA
608,2080,0,0,0,NA
608,2085,0,0,0,NA
608,2090,0,0,0,NA
608,2095,0,0,0,NA
616,2010,0,0,0,NA
616,2015,0,0,0,NA
616,2020,0,0,0,NA
616,2025,0,0,0,NA
616,2030,0,0,0,NA
616,2035,0,0,0,NA
616,2040,0,0,0,NA
616,2045,0,0,0,NA
616,2050,0,0,0,NA
616,2055,0,0,0,NA
616,2060,0,0,0,NA
616,2065,0,0,0,NA
616,2070,0,0,0,NA
616,2075,0,0,0,NA
616,2080,0,0,0,NA
616,2085,0,0,0,NA
616,2090,0,0,0,NA
616,2095,0,0,0,NA
620,2010,0,0,0,NA
620,2015,0,0,0,NA
620,2020,0,0,0,NA
620,2025,0,0,0,NA
620,2030,0,0,0,NA
620,2035,0,0,0,NA
620,2040,0,0,0,NA
620,2045,0,0,0,NA
620,2050,0,0,0,NA
620,2055,0,0,0,NA
620,2060,0,0,0,NA
620,2065,0,0,0,NA
620,2070,0,0,0,NA
620,2075,0,0,0,NA
620,2080,0,0,0,NA
620,2085,0,0,0,NA
620,2090,0,0,0,NA
620,2095,0,0,0,NA
624,2010,0,0,0,NA
624,2015,0,0,0,NA
624,2020,0,0,0,NA
624,2025,0,0,0,NA
624,2030,0,0,0,NA
624,2035,0,0,0,NA
624,2040,0,0,0,NA
624,2045,0,0,0,NA
624,2050,0,0,0,NA
624,2055,0,0,0,NA
624,2060,0,0,0,NA
624,2065,0,0,0,NA
624,2070,0,0,0,NA
624,2075,0,0,0,NA
624,2080,0,0,0,NA
624,2085,0,0,0,NA
624,2090,0,0,0,NA
624,2095,0,0,0,NA
626,2010,0,0,0,NA
626,2015,0,0,0,NA
626,2020,0,0,0,NA
626,2025,0,0,0,NA
626,2030,0,0,0,NA
626,2035,0,0,0,NA
626,2040,0,0,0,NA
626,2045,0,0,0,NA
626,2050,0,0,0,NA
626,2055,0,0,0,NA
626,2060,0,0,0,NA
626,2065,0,0,0,NA
626,2070,0,0,0,NA
626,2075,0,0,0,NA
626,2080,0,0,0,NA
626,2085,0,0,0,NA
626,2090,0,0,0,NA
626,2095,0,0,0,NA
630,2010,0,0,0,NA
630,2015,0,0,0,NA
630,2020,0,0,0,NA
630,2025,0,0,0,NA
630,2030,0,0,0,NA
630,2035,0,0,0,NA
630,2040,0,0,0,NA
630,2045,0,0,0,NA
630,2050,0,0,0,NA
630,2055,0,0,0,NA
630,2060,0,0,0,NA
630,2065,0,0,0,NA
630,2070,0,0,0,NA
630,2075,0,0,0,NA
630,2080,0,0,0,NA
630,2085,0,0,0,NA
630,2090,0,0,0,NA
630,2095,0,0,0,NA
634,2010,0,0,0,NA
634,2015,0,0,0,NA
634,2020,0,0,0,NA
634,2025,0,0,0,NA
634,2030,0,0,0,NA
634,2035,0,0,0,NA
634,2040,0,0,0,NA
634,2045,0,0,0,NA
634,2050,0,0,0,NA
634,2055,0,0,0,NA
634,2060,0,0,0,NA
634,2065,0,0,0,NA
634,2070,0,0,0,NA
634,2075,0,0,0,NA
634,2080,0,0,0,NA
634,2085,0,0,0,NA
634,2090,0,0,0,NA
634,2095,0,0,0,NA
638,2010,0,0,0,NA
638,2015,0,0,0,NA
638,2020,0,0,0,NA
638,2025,0,0,0,NA
638,2030,0,0,0,NA
638,2035,0,0,0,NA
638,2040,0,0,0,NA
638,2045,0,0,0,NA
638,2050,0,0,0,NA
638,2055,0,0,0,NA
638,2060,0,0,0,NA
638,2065,0,0,0,NA
638,2070,0,0,0,NA
638,2075,0,0,0,NA
638,2080,0,0,0,NA
638,2085,0,0,0,NA
638,2090,0,0,0,NA
638,2095,0,0,0,NA
642,2010,0,0,0,NA
642,2015,0,0,0,NA
642,2020,0,0,0,NA
642,2025,0,0,0,NA
642,2030,0,0,0,NA
642,2035,0,0,0,NA
642,2040,0,0,0,NA
642,2045,0,0,0,NA
642,2050,0,0,0,NA
642,2055,0,0,0,NA
642,2060,0,0,0,NA
642,2065,0,0,0,NA
642,2070,0,0,0,NA
642,2075,0,0,0,NA
642,2080,0,0,0,NA
642,2085,0,0,0,NA
642,2090,0,0,0,NA
642,2095,0,0,0,NA
643,2010,0,0,0,NA
643,2015,0,0,0,NA
643,2020,0,0,0,NA
643,2025,0,0,0,NA
643,2030,0,0,0,NA
643,2035,0,0,0,NA
643,2040,0,0,0,NA
643,2045,0,0,0,NA
643,2050,0,0,0,NA
643,2055,0,0,0,NA
643,2060,0,0,0,NA
643,2065,0,0,0,NA
643,2070,0,0,0,NA
643,2075,0,0,0,NA
643,2080,0,0,0,NA
643,2085,0,0,0,NA
643,2090,0,0,0,NA
643,2095,0,0,0,NA
646,2010,0,0,0,NA
646,2015,0,0,0,NA
646,2020,0,0,0,NA
646,2025,0,0,0,NA
646,2030,0,0,0,NA
646,2035,0,0,0,NA
646,2040,0,0,0,NA
646,2045,0,0,0,NA
646,2050,0,0,0,NA
646,2055,0,0,0,NA
646,2060,0,0,0,NA
646,2065,0,0,0,NA
646,2070,0,0,0,NA
646,2075,0,0,0,NA
646,2080,0,0,0,NA
646,2085,0,0,0,NA
646,2090,0,0,0,NA
646,2095,0,0,0,NA
662,2010,0,0,0,NA
662,2015,0,0,0,NA
662,2020,0,0,0,NA
662,2025,0,0,0,NA
662,2030,0,0,0,NA
662,2035,0,0,0,NA
662,2040,0,0,0,NA
662,2045,0,0,0,NA
662,2050,0,0,0,NA
662,2055,0,0,0,NA
662,2060,0,0,0,NA
662,2065,0,0,0,NA
662,2070,0,0,0,NA
662,2075,0,0,0,NA
662,2080,0,0,0,NA
662,2085,0,0,0,NA
662,2090,0,0,0,NA
662,2095,0,0,0,NA
670,2010,0,0,0,NA
670,2015,0,0,0,NA
670,2020,0,0,0,NA
670,2025,0,0,0,NA
670,2030,0,0,0,NA
670,2035,0,0,0,NA
670,2040,0,0,0,NA
670,2045,0,0,0,NA
670,2050,0,0,0,NA
670,2055,0,0,0,NA
670,2060,0,0,0,NA
670,2065,0,0,0,NA
670,2070,0,0,0,NA
670,2075,0,0,0,NA
670,2080,0,0,0,NA
670,2085,0,0,0,NA
670,2090,0,0,0,NA
670,2095,0,0,0,NA
678,2010,0,0,0,NA
678,2015,0,0,0,NA
678,2020,0,0,0,NA
678,2025,0,0,0,NA
678,2030,0,0,0,NA
678,2035,0,0,0,NA
678,2040,0,0,0,NA
678,2045,0,0,0,NA
678,2050,0,0,0,NA
678,2055,0,0,0,NA
678,2060,0,0,0,NA
678,2065,0,0,0,NA
678,2070,0,0,0,NA
678,2075,0,0,0,NA
678,2080,0,0,0,NA
678,2085,0,0,0,NA
678,2090,0,0,0,NA
678,2095,0,0,0,NA
682,2010,0,0,0,NA
682,2015,0,0,0,NA
682,2020,0,0,0,NA
682,2025,0,0,0,NA
682,2030,0,0,0,NA
682,2035,0,0,0,NA
682,2040,0,0,0,NA
682,2045,0,0,0,NA
682,2050,0,0,0,NA
682,2055,0,0,0,NA
682,2060,0,0,0,NA
682,2065,0,0,0,NA
682,2070,0,0,0,NA
682,2075,0,0,0,NA
682,2080,0,0,0,NA
682,2085,0,0,0,NA
682,2090,0,0,0,NA
682,2095,0,0,0,NA
686,2010,0,0,0,NA
686,2015,0,0,0,NA
686,2020,0,0,0,NA
686,2025,0,0,0,NA
686,2030,0,0,0,NA
686,2035,0,0,0,NA
686,2040,0,0,0,NA
686,2045,0,0,0,NA
686,2050,0,0,0,NA
686,2055,0,0,0,NA
686,2060,0,0,0,NA
686,2065,0,0,0,NA
686,2070,0,0,0,NA
686,2075,0,0,0,NA
686,2080,0,0,0,NA
686,2085,0,0,0,NA
686,2090,0,0,0,NA
686,2095,0,0,0,NA
688,2010,0,0,0,NA
688,2015,0,0,0,NA
688,2020,0,0,0,NA
688,2025,0,0,0,NA
688,2030,0,0,0,NA
688,2035,0,0,0,NA
688,2040,0,0,0,NA
688,2045,0,0,0,NA
688,2050,0,0,0,NA
688,2055,0,0,0,NA
688,2060,0,0,0,NA
688,2065,0,0,0,NA
688,2070,0,0,0,NA
688,2075,0,0,0,NA
688,2080,0,0,0,NA
688,2085,0,0,0,NA
688,2090,0,0,0,NA
688,2095,0,0,0,NA
694,2010,0,0,0,NA
694,2015,0,0,0,NA
694,2020,0,0,0,NA
694,2025,0,0,0,NA
694,2030,0,0,0,NA
694,2035,0,0,0,NA
694,2040,0,0,0,NA
694,2045,0,0,0,NA
694,2050,0,0,0,NA
694,2055,0,0,0,NA
694,2060,0,0,0,NA
694,2065,0,0,0,NA
694,2070,0,0,0,NA
694,2075,0,0,0,NA
694,2080,0,0,0,NA
694,2085,0,0,0,NA
694,2090,0,0,0,NA
694,2095,0,0,0,NA
702,2010,0,0,0,NA
702,2015,0,0,0,NA
702,2020,0,0,0,NA
702,2025,0,0,0,NA
702,2030,0,0,0,NA
702,2035,0,0,0,NA
702,2040,0,0,0,NA
702,2045,0,0,0,NA
702,2050,0,0,0,NA
702,2055,0,0,0,NA
702,2060,0,0,0,NA
702,2065,0,0,0,NA
702,2070,0,0,0,NA
702,2075,0,0,0,NA
702,2080,0,0,0,NA
702,2085,0,0,0,NA
702,2090,0,0,0,NA
702,2095,0,0,0,NA
703,2010,0,0,0,NA
703,2015,0,0,0,NA
703,2020,0,0,0,NA
703,2025,0,0,0,NA
703,2030,0,0,0,NA
703,2035,0,0,0,NA
703,2040,0,0,0,NA
703,2045,0,0,0,NA
703,2050,0,0,0,NA
703,2055,0,0,0,NA
703,2060,0,0,0,NA
703,2065,0,0,0,NA
703,2070,0,0,0,NA
703,2075,0,0,0,NA
703,2080,0,0,0,NA
703,2085,0,0,0,NA
703,2090,0,0,0,NA
703,2095,0,0,0,NA
704,2010,0,0,0,NA
704,2015,0,0,0,NA
704,2020,0,0,0,NA
704,2025,0,0,0,NA
704,2030,0,0,0,NA
704,2035,0,0,0,NA
704,2040,0,0,0,NA
704,2045,0,0,0,NA
704,2050,0,0,0,NA
704,2055,0,0,0,NA
704,2060,0,0,0,NA
704,2065,0,0,0,NA
704,2070,0,0,0,NA
704,2075,0,0,0,NA
704,2080,0,0,0,NA
704,2085,0,0,0,NA
704,2090,0,0,0,NA
704,2095,0,0,0,NA
705,2010,0,0,0,NA
705,2015,0,0,0,NA
705,2020,0,0,0,NA
705,2025,0,0,0,NA
705,2030,0,0,0,NA
705,2035,0,0,0,NA
705,2040,0,0,0,NA
705,2045,0,0,0,NA
705,2050,0,0,0,NA
705,2055,0,0,0,NA
705,2060,0,0,0,NA
705,2065,0,0,0,NA
705,2070,0,0,0,NA
705,2075,0,0,0,NA
705,2080,0,0,0,NA
705,2085,0,0,0,NA
705,2090,0,0,0,NA
705,2095,0,0,0,NA
706,2010,0,0,0,NA
706,2015,0,0,0,NA
706,2020,0,0,0,NA
706,2025,0,0,0,NA
706,2030,0,0,0,NA
706,2035,0,0,0,NA
706,2040,0,0,0,NA
706,2045,0,0,0,NA
706,2050,0,0,0,NA
706,2055,0,0,0,NA
706,2060,0,0,0,NA
706,2065,0,0,0,NA
706,2070,0,0,0,NA
706,2075,0,0,0,NA
706,2080,0,0,0,NA
706,2085,0,0,0,NA
706,2090,0,0,0,NA
706,2095,0,0,0,NA
710,2010,0,0,0,NA
710,2015,0,0,0,NA
710,2020,0,0,0,NA
710,2025,0,0,0,NA
710,2030,0,0,0,NA
710,2035,0,0,0,NA
710,2040,0,0,0,NA
710,2045,0,0,0,NA
710,2050,0,0,0,NA
710,2055,0,0,0,NA
710,2060,0,0,0,NA
710,2065,0,0,0,NA
710,2070,0,0,0,NA
710,2075,0,0,0,NA
710,2080,0,0,0,NA
710,2085,0,0,0,NA
710,2090,0,0,0,NA
710,2095,0,0,0,NA
716,2010,0,0,0,NA
716,2015,0,0,0,NA
716,2020,0,0,0,NA
716,2025,0,0,0,NA
716,2030,0,0,0,NA
716,2035,0,0,0,NA
716,2040,0,0,0,NA
716,2045,0,0,0,NA
716,2050,0,0,0,NA
716,2055,0,0,0,NA
716,2060,0,0,0,NA
716,2065,0,0,0,NA
716,2070,0,0,0,NA
716,2075,0,0,0,NA
716,2080,0,0,0,NA
716,2085,0,0,0,NA
716,2090,0,0,0,NA
716,2095,0,0,0,NA
724,2010,0,0,0,NA
724,2015,0,0,0,NA
724,2020,0,0,0,NA
724,2025,0,0,0,NA
724,2030,0,0,0,NA
724,2035,0,0,0,NA
724,2040,0,0,0,NA
724,2045,0,0,0,NA
724,2050,0,0,0,NA
724,2055,0,0,0,NA
724,2060,0,0,0,NA
724,2065,0,0,0,NA
724,2070,0,0,0,NA
724,2075,0,0,0,NA
724,2080,0,0,0,NA
724,2085,0,0,0,NA
724,2090,0,0,0,NA
724,2095,0,0,0,NA
736,2010,0,0,0,NA
736,2015,0,0,0,NA
736,2020,0,0,0,NA
736,2025,0,0,0,NA
736,2030,0,0,0,NA
736,2035,0,0,0,NA
736,2040,0,0,0,NA
736,2045,0,0,0,NA
736,2050,0,0,0,NA
736,2055,0,0,0,NA
736,2060,0,0,0,NA
736,2065,0,0,0,NA
736,2070,0,0,0,NA
736,2075,0,0,0,NA
736,2080,0,0,0,NA
736,2085,0,0,0,NA
736,2090,0,0,0,NA
736,2095,0,0,0,NA
740,2010,0,0,0,NA
740,2015,0,0,0,NA
740,2020,0,0,0,NA
740,2025,0,0,0,NA
740,2030,0,0,0,NA
740,2035,0,0,0,NA
740,2040,0,0,0,NA
740,2045,0,0,0,NA
740,2050,0,0,0,NA
740,2055,0,0,0,NA
740,2060,0,0,0,NA
740,2065,0,0,0,NA
740,2070,0,0,0,NA
740,2075,0,0,0,NA
740,2080,0,0,0,NA
740,2085,0,0,0,NA
740,2090,0,0,0,NA
740,2095,0,0,0,NA
748,2010,0,0,0,NA
748,2015,0,0,0,NA
748,2020,0,0,0,NA
748,2025,0,0,0,NA
748,2030,0,0,0,NA
748,2035,0,0,0,NA
748,2040,0,0,0,NA
748,2045,0,0,0,NA
748,2050,0,0,0,NA
748,2055,0,0,0,NA
748,2060,0,0,0,NA
748,2065,0,0,0,NA
748,2070,0,0,0,NA
748,2075,0,0,0,NA
748,2080,0,0,0,NA
748,2085,0,0,0,NA
748,2090,0,0,0,NA
748,2095,0,0,0,NA
752,2010,0,0,0,NA
752,2015,0,0,0,NA
752,2020,0,0,0,NA
752,2025,0,0,0,NA
752,2030,0,0,0,NA
752,2035,0,0,0,NA
752,2040,0,0,0,NA
752,2045,0,0,0,NA
752,2050,0,0,0,NA
752,2055,0,0,0,NA
752,2060,0,0,0,NA
752,2065,0,0,0,NA
752,2070,0,0,0,NA
752,2075,0,0,0,NA
752,2080,0,0,0,NA
752,2085,0,0,0,NA
752,2090,0,0,0,NA
752,2095,0,0,0,NA
756,2010,0,0,0,NA
756,2015,0,0,0,NA
756,2020,0,0,0,NA
756,2025,0,0,0,NA
756,2030,0,0,0,NA
756,2035,0,0,0,NA
756,2040,0,0,0,NA
756,2045,0,0,0,NA
756,2050,0,0,0,NA
756,2055,0,0,0,NA
756,2060,0,0,0,NA
756,2065,0,0,0,NA
756,2070,0,0,0,NA
756,2075,0,0,0,NA
756,2080,0,0,0,NA
756,2085,0,0,0,NA
756,2090,0,0,0,NA
756,2095,0,0,0,NA
760,2010,0,0,0,NA
760,2015,0,0,0,NA
760,2020,0,0,0,NA
760,2025,0,0,0,NA
760,2030,0,0,0,NA
760,2035,0,0,0,NA
760,2040,0,0,0,NA
760,2045,0,0,0,NA
760,2050,0,0,0,NA
760,2055,0,0,0,NA
760,2060,0,0,0,NA
760,2065,0,0,0,NA
760,2070,0,0,0,NA
760,2075,0,0,0,NA
760,2080,0,0,0,NA
760,2085,0,0,0,NA
760,2090,0,0,0,NA
760,2095,0,0,0,NA
762,2010,0,0,0,NA
762,2015,0,0,0,NA
762,2020,0,0,0,NA
762,2025,0,0,0,NA
762,2030,0,0,0,NA
762,2035,0,0,0,NA
762,2040,0,0,0,NA
762,2045,0,0,0,NA
762,2050,0,0,0,NA
762,2055,0,0,0,NA
762,2060,0,0,0,NA
762,2065,0,0,0,NA
762,2070,0,0,0,NA
762,2075,0,0,0,NA
762,2080,0,0,0,NA
762,2085,0,0,0,NA
762,2090,0,0,0,NA
762,2095,0,0,0,NA
764,2010,0,0,0,NA
764,2015,0,0,0,NA
764,2020,0,0,0,NA
764,2025,0,0,0,NA
764,2030,0,0,0,NA
764,2035,0,0,0,NA
764,2040,0,0,0,NA
764,2045,0,0,0,NA
764,2050,0,0,0,NA
764,2055,0,0,0,NA
764,2060,0,0,0,NA
764,2065,0,0,0,NA
764,2070,0,0,0,NA
764,2075,0,0,0,NA
764,2080,0,0,0,NA
764,2085,0,0,0,NA
764,2090,0,0,0,NA
764,2095,0,0,0,NA
768,2010,0,0,0,NA
768,2015,0,0,0,NA
768,2020,0,0,0,NA
768,2025,0,0,0,NA
768,2030,0,0,0,NA
768,2035,0,0,0,NA
768,2040,0,0,0,NA
768,2045,0,0,0,NA
768,2050,0,0,0,NA
768,2055,0,0,0,NA
768,2060,0,0,0,NA
768,2065,0,0,0,NA
768,2070,0,0,0,NA
768,2075,0,0,0,NA
768,2080,0,0,0,NA
768,2085,0,0,0,NA
768,2090,0,0,0,NA
768,2095,0,0,0,NA
776,2010,0,0,0,NA
776,2015,0,0,0,NA
776,2020,0,0,0,NA
776,2025,0,0,0,NA
776,2030,0,0,0,NA
776,2035,0,0,0,NA
776,2040,0,0,0,NA
776,2045,0,0,0,NA
776,2050,0,0,0,NA
776,2055,0,0,0,NA
776,2060,0,0,0,NA
776,2065,0,0,0,NA
776,2070,0,0,0,NA
776,2075,0,0,0,NA
776,2080,0,0,0,NA
776,2085,0,0,0,NA
776,2090,0,0,0,NA
776,2095,0,0,0,NA
780,2010,0,0,0,NA
780,2015,0,0,0,NA
780,2020,0,0,0,NA
780,2025,0,0,0,NA
780,2030,0,0,0,NA
780,2035,0,0,0,NA
780,2040,0,0,0,NA
780,2045,0,0,0,NA
780,2050,0,0,0,NA
780,2055,0,0,0,NA
780,2060,0,0,0,NA
780,2065,0,0,0,NA
780,2070,0,0,0,NA
780,2075,0,0,0,NA
780,2080,0,0,0,NA
780,2085,0,0,0,NA
780,2090,0,0,0,NA
780,2095,0,0,0,NA
784,2010,0,0,0,NA
784,2015,0,0,0,NA
784,2020,0,0,0,NA
784,2025,0,0,0,NA
784,2030,0,0,0,NA
784,2035,0,0,0,NA
784,2040,0,0,0,NA
784,2045,0,0,0,NA
784,2050,0,0,0,NA
784,2055,0,0,0,NA
784,2060,0,0,0,NA
784,2065,0,0,0,NA
784,2070,0,0,0,NA
784,2075,0,0,0,NA
784,2080,0,0,0,NA
784,2085,0,0,0,NA
784,2090,0,0,0,NA
784,2095,0,0,0,NA
788,2010,0,0,0,NA
788,2015,0,0,0,NA
788,2020,0,0,0,NA
788,2025,0,0,0,NA
788,2030,0,0,0,NA
788,2035,0,0,0,NA
788,2040,0,0,0,NA
788,2045,0,0,0,NA
788,2050,0,0,0,NA
788,2055,0,0,0,NA
788,2060,0,0,0,NA
788,2065,0,0,0,NA
788,2070,0,0,0,NA
788,2075,0,0,0,NA
788,2080,0,0,0,NA
788,2085,0,0,0,NA
788,2090,0,0,0,NA
788,2095,0,0,0,NA
792,2010,0,0,0,NA
792,2015,0,0,0,NA
792,2020,0,0,0,NA
792,2025,0,0,0,NA
792,2030,0,0,0,NA
792,2035,0,0,0,NA
792,2040,0,0,0,NA
792,2045,0,0,0,NA
792,2050,0,0,0,NA
792,2055,0,0,0,NA
792,2060,0,0,0,NA
792,2065,0,0,0,NA
792,2070,0,0,0,NA
792,2075,0,0,0,NA
792,2080,0,0,0,NA
792,2085,0,0,0,NA
792,2090,0,0,0,NA
792,2095,0,0,0,NA
795,2010,0,0,0,NA
795,2015,0,0,0,NA
795,2020,0,0,0,NA
795,2025,0,0,0,NA
795,2030,0,0,0,NA
795,2035,0,0,0,NA
795,2040,0,0,0,NA
795,2045,0,0,0,NA
795,2050,0,0,0,NA
795,2055,0,0,0,NA
795,2060,0,0,0,NA
795,2065,0,0,0,NA
795,2070,0,0,0,NA
795,2075,0,0,0,NA
795,2080,0,0,0,NA
795,2085,0,0,0,NA
795,2090,0,0,0,NA
795,2095,0,0,0,NA
800,2010,0,0,0,NA
800,2015,0,0,0,NA
800,2020,0,0,0,NA
800,2025,0,0,0,NA
800,2030,0,0,0,NA
800,2035,0,0,0,NA
800,2040,0,0,0,NA
800,2045,0,0,0,NA
800,2050,0,0,0,NA
800,2055,0,0,0,NA
800,2060,0,0,0,NA
800,2065,0,0,0,NA
800,2070,0,0,0,NA
800,2075,0,0,0,NA
800,2080,0,0,0,NA
800,2085,0,0,0,NA
800,2090,0,0,0,NA
800,2095,0,0,0,NA
804,2010,0,0,0,NA
804,2015,0,0,0,NA
804,2020,0,0,0,NA
804,2025,0,0,0,NA
804,2030,0,0,0,NA
804,2035,0,0,0,NA
804,2040,0,0,0,NA
804,2045,0,0,0,NA
804,2050,0,0,0,NA
804,2055,0,0,0,NA
804,2060,0,0,0,NA
804,2065,0,0,0,NA
804,2070,0,0,0,NA
804,2075,0,0,0,NA
804,2080,0,0,0,NA
804,2085,0,0,0,NA
804,2090,0,0,0,NA
804,2095,0,0,0,NA
807,2010,0,0,0,NA
807,2015,0,0,0,NA
807,2020,0,0,0,NA
807,2025,0,0,0,NA
807,2030,0,0,0,NA
807,2035,0,0,0,NA
807,2040,0,0,0,NA
807,2045,0,0,0,NA
807,2050,0,0,0,NA
807,2055,0,0,0,NA
807,2060,0,0,0,NA
807,2065,0,0,0,NA
807,2070,0,0,0,NA
807,2075,0,0,0,NA
807,2080,0,0,0,NA
807,2085,0,0,0,NA
807,2090,0,0,0,NA
807,2095,0,0,0,NA
818,2010,0,0,0,NA
818,2015,0,0,0,NA
818,2020,0,0,0,NA
818,2025,0,0,0,NA
818,2030,0,0,0,NA
818,2035,0,0,0,NA
818,2040,0,0,0,NA
818,2045,0,0,0,NA
818,2050,0,0,0,NA
818,2055,0,0,0,NA
818,2060,0,0,0,NA
818,2065,0,0,0,NA
818,2070,0,0,0,NA
818,2075,0,0,0,NA
818,2080,0,0,0,NA
818,2085,0,0,0,NA
818,2090,0,0,0,NA
818,2095,0,0,0,NA
826,2010,0,0,0,NA
826,2015,0,0,0,NA
826,2020,0,0,0,NA
826,2025,0,0,0,NA
826,2030,0,0,0,NA
826,2035,0,0,0,NA
826,2040,0,0,0,NA
826,2045,0,0,0,NA
826,2050,0,0,0,NA
826,2055,0,0,0,NA
826,2060,0,0,0,NA
826,2065,0,0,0,NA
826,2070,0,0,0,NA
826,2075,0,0,0,NA
826,2080,0,0,0,NA
826,2085,0,0,0,NA
826,2090,0,0,0,NA
826,2095,0,0,0,NA
830,2010,0,0,0,NA
830,2015,0,0,0,NA
830,2020,0,0,0,NA
830,2025,0,0,0,NA
830,2030,0,0,0,NA
830,2035,0,0,0,NA
830,2040,0,0,0,NA
830,2045,0,0,0,NA
830,2050,0,0,0,NA
830,2055,0,0,0,NA
830,2060,0,0,0,NA
830,2065,0,0,0,NA
830,2070,0,0,0,NA
830,2075,0,0,0,NA
830,2080,0,0,0,NA
830,2085,0,0,0,NA
830,2090,0,0,0,NA
830,2095,0,0,0,NA
834,2010,0,0,0,NA
834,2015,0,0,0,NA
834,2020,0,0,0,NA
834,2025,0,0,0,NA
834,2030,0,0,0,NA
834,2035,0,0,0,NA
834,2040,0,0,0,NA
834,2045,0,0,0,NA
834,2050,0,0,0,NA
834,2055,0,0,0,NA
834,2060,0,0,0,NA
834,2065,0,0,0,NA
834,2070,0,0,0,NA
834,2075,0,0,0,NA
834,2080,0,0,0,NA
834,2085,0,0,0,NA
834,2090,0,0,0,NA
834,2095,0,0,0,NA
840,2010,0,0,0,NA
840,2015,0,0,0,NA
840,2020,0,0,0,NA
840,2025,0,0,0,NA
840,2030,0,0,0,NA
840,2035,0,0,0,NA
840,2040,0,0,0,NA
840,2045,0,0,0,NA
840,2050,0,0,0,NA
840,2055,0,0,0,NA
840,2060,0,0,0,NA
840,2065,0,0,0,NA
840,2070,0,0,0,NA
840,2075,0,0,0,NA
840,2080,0,0,0,NA
840,2085,0,0,0,NA
840,2090,0,0,0,NA
840,2095,0,0,0,NA
850,2010,0,0,0,NA
850,2015,0,0,0,NA
850,2020,0,0,0,NA
850,2025,0,0,0,NA
850,2030,0,0,0,NA
850,2035,0,0,0,NA
850,2040,0,0,0,NA
850,2045,0,0,0,NA
850,2050,0,0,0,NA
850,2055,0,0,0,NA
850,2060,0,0,0,NA
850,2065,0,0,0,NA
850,2070,0,0,0,NA
850,2075,0,0,0,NA
850,2080,0,0,0,NA
850,2085,0,0,0,NA
850,2090,0,0,0,NA
850,2095,0,0,0,NA
854,2010,0,0,0,NA
854,2015,0,0,0,NA
854,2020,0,0,0,NA
854,2025,0,0,0,NA
854,2030,0,0,0,NA
854,2035,0,0,0,NA
854,2040,0,0,0,NA
854,2045,0,0,0,NA
854,2050,0,0,0,NA
854,2055,0,0,0,NA
854,2060,0,0,0,NA
854,2065,0,0,0,NA
854,2070,0,0,0,NA
854,2075,0,0,0,NA
854,2080,0,0,0,NA
854,2085,0,0,0,NA
854,2090,0,0,0,NA
854,2095,0,0,0,NA
858,2010,0,0,0,NA
858,2015,0,0,0,NA
858,2020,0,0,0,NA
858,2025,0,0,0,NA
858,2030,0,0,0,NA
858,2035,0,0,0,NA
858,2040,0,0,0,NA
858,2045,0,0,0,NA
858,2050,0,0,0,NA
858,2055,0,0,0,NA
858,2060,0,0,0,NA
858,2065,0,0,0,NA
858,2070,0,0,0,NA
858,2075,0,0,0,NA
858,2080,0,0,0,NA
858,2085,0,0,0,NA
858,2090,0,0,0,NA
858,2095,0,0,0,NA
860,2010,0,0,0,NA
860,2015,0,0,0,NA
860,2020,0,0,0,NA
860,2025,0,0,0,NA
860,2030,0,0,0,NA
860,2035,0,0,0,NA
860,2040,0,0,0,NA
860,2045,0,0,0,NA
860,2050,0,0,0,NA
860,2055,0,0,0,NA
860,2060,0,0,0,NA
860,2065,0,0,0,NA
860,2070,0,0,0,NA
860,2075,0,0,0,NA
860,2080,0,0,0,NA
860,2085,0,0,0,NA
860,2090,0,0,0,NA
860,2095,0,0,0,NA
862,2010,0,0,0,NA
862,2015,0,0,0,NA
862,2020,0,0,0,NA
862,2025,0,0,0,NA
862,2030,0,0,0,NA
862,2035,0,0,0,NA
862,2040,0,0,0,NA
862,2045,0,0,0,NA
862,2050,0,0,0,NA
862,2055,0,0,0,NA
862,2060,0,0,0,NA
862,2065,0,0,0,NA
862,2070,0,0,0,NA
862,2075,0,0,0,NA
862,2080,0,0,0,NA
862,2085,0,0,0,NA
862,2090,0,0,0,NA
862,2095,0,0,0,NA
882,2010,0,0,0,NA
882,2015,0,0,0,NA
882,2020,0,0,0,NA
882,2025,0,0,0,NA
882,2030,0,0,0,NA
882,2035,0,0,0,NA
882,2040,0,0,0,NA
882,2045,0,0,0,NA
882,2050,0,0,0,NA
882,2055,0,0,0,NA
882,2060,0,0,0,NA
882,2065,0,0,0,NA
882,2070,0,0,0,NA
882,2075,0,0,0,NA
882,2080,0,0,0,NA
882,2085,0,0,0,NA
882,2090,0,0,0,NA
882,2095,0,0,0,NA
887,2010,0,0,0,NA
887,2015,0,0,0,NA
887,2020,0,0,0,NA
887,2025,0,0,0,NA
887,2030,0,0,0,NA
887,2035,0,0,0,NA
887,2040,0,0,0,NA
887,2045,0,0,0,NA
887,2050,0,0,0,NA
887,2055,0,0,0,NA
887,2060,0,0,0,NA
887,2065,0,0,0,NA
887,2070,0,0,0,NA
887,2075,0,0,0,NA
887,2080,0,0,0,NA
887,2085,0,0,0,NA
887,2090,0,0,0,NA
887,2095,0,0,0,NA
894,2010,0,0,0,NA
894,2015,0,0,0,NA
894,2020,0,0,0,NA
894,2025,0,0,0,NA
894,2030,0,0,0,NA
894,2035,0,0,0,NA
894,2040,0,0,0,NA
894,2045,0,0,0,NA
894,2050,0,0,0,NA
894,2055,0,0,0,NA
894,2060,0,0,0,NA
894,2065,0,0,0,NA
894,2070,0,0,0,NA
894,2075,0,0,0,NA
894,2080,0,0,0,NA
894,2085,0,0,0,NA
894,2090,0,0,0,NA
894,2095,0,0,0,NA
900,2010,0,0,0,NA
900,2015,0,0,0,NA
900,2020,0,0,0,NA
900,2025,0,0,0,NA
900,2030,0,0,0,NA
900,2035,0,0,0,NA
900,2040,0,0,0,NA
900,2045,0,0,0,NA
900,2050,0,0,0,NA
900,2055,0,0,0,NA
900,2060,0,0,0,NA
900,2065,0,0,0,NA
900,2070,0,0,0,NA
900,2075,0,0,0,NA
900,2080,0,0,0,NA
900,2085,0,0,0,NA
900,2090,0,0,0,NA
900,2095,0,0,0,NA
903,2010,0,0,0,NA
903,2015,0,0,0,NA
903,2020,0,0,0,NA
903,2025,0,0,0,NA
903,2030,0,0,0,NA
903,2035,0,0,0,NA
903,2040,0,0,0,NA
903,2045,0,0,0,NA
903,2050,0,0,0,NA
903,2055,0,0,0,NA
903,2060,0,0,0,NA
903,2065,0,0,0,NA
903,2070,0,0,0,NA
903,2075,0,0,0,NA
903,2080,0,0,0,NA
903,2085,0,0,0,NA
903,2090,0,0,0,NA
903,2095,0,0,0,NA
935,2010,0,0,0,NA
935,2015,0,0,0,NA
935,2020,0,0,0,NA
935,2025,0,0,0,NA
935,2030,0,0,0,NA
935,2035,0,0,0,NA
935,2040,0,0,0,NA
935,2045,0,0,0,NA
935,2050,0,0,0,NA
935,2055,0,0,0,NA
935,2060,0,0,0,NA
935,2065,0,0,0,NA
935,2070,0,0,0,NA
935,2075,0,0,0,NA
935,2080,0,0,0,NA
935,2085,0,0,0,NA
935,2090,0,0,0,NA
935,2095,0,0,0,NA
908,2010,0,0,0,NA
908,2015,0,0,0,NA
908,2020,0,0,0,NA
908,2025,0,0,0,NA
908,2030,0,0,0,NA
908,2035,0,0,0,NA
908,2040,0,0,0,NA
908,2045,0,0,0,NA
908,2050,0,0,0,NA
908,2055,0,0,0,NA
908,2060,0,0,0,NA
908,2065,0,0,0,NA
908,2070,0,0,0,NA
908,2075,0,0,0,NA
908,2080,0,0,0,NA
908,2085,0,0,0,NA
908,2090,0,0,0,NA
908,2095,0,0,0,NA
904,2010,0,0,0,NA
904,2015,0,0,0,NA
904,2020,0,0,0,NA
904,2025,0,0,0,NA
904,2030,0,0,0,NA
904,2035,0,0,0,NA
904,2040,0,0,0,NA
904,2045,0,0,0,NA
904,2050,0,0,0,NA
904,2055,0,0,0,NA
904,2060,0,0,0,NA
904,2065,0,0,0,NA
904,2070,0,0,0,NA
904,2075,0,0,0,NA
904,2080,0,0,0,NA
904,2085,0,0,0,NA
904,2090,0,0,0,NA
904,2095,0,0,0,NA
905,2010,0,0,0,NA
905,2015,0,0,0,NA
905,2020,0,0,0,NA
905,2025,0,0,0,NA
905,2030,0,0,0,NA
905,2035,0,0,0,NA
905,2040,0,0,0,NA
905,2045,0,0,0,NA
905,2050,0,0,0,NA
905,2055,0,0,0,NA
905,2060,0,0,0,NA
905,2065,0,0,0,NA
905,2070,0,0,0,NA
905,2075,0,0,0,NA
905,2080,0,0,0,NA
905,2085,0,0,0,NA
905,2090,0,0,0,NA
905,2095,0,0,0,NA
909,2010,0,0,0,NA
909,2015,0,0,0,NA
909,2020,0,0,0,NA
909,2025,0,0,0,NA
909,2030,0,0,0,NA
909,2035,0,0,0,NA
909,2040,0,0,0,NA
909,2045,0,0,0,NA
909,2050,0,0,0,NA
909,2055,0,0,0,NA
909,2060,0,0,0,NA
909,2065,0,0,0,NA
909,2070,0,0,0,NA
909,2075,0,0,0,NA
909,2080,0,0,0,NA
909,2085,0,0,0,NA
909,2090,0,0,0,NA
909,2095,0,0,0,NA
4,1970,0,0,0,17.8
4,1975,0,0,0,17.5
4,1980,0,0,0,17.2
4,1985,0,0,0,16.9
4,1990,0,0,0,16.6
4,1995,0,0,0,16.2
4,2000,0,0,0,15.9
4,2005,0,0,0,16.1
8,1970,0,0,0,18.8
8,1975,0,0,0,19.5
8,1980,0,0,0,21.3
8,1985,0,0,0,22.5
8,1990,0,0,0,23.8
8,1995,0,0,0,25.1
8,2000,0,0,0,27.4
8,2005,0,0,0,28.7
12,1970,0,0,0,15.8
12,1975,0,0,0,16.2
12,1980,0,0,0,16.9
12,1985,0,0,0,17.3
12,1990,0,0,0,18.1
12,1995,0,0,0,19.5
12,2000,0,0,0,21.7
12,2005,0,0,0,23.9
24,1970,0,0,0,17
24,1975,0,0,0,16.8
24,1980,0,0,0,16.7
24,1985,0,0,0,16.5
24,1990,0,0,0,16.2
24,1995,0,0,0,16.1
24,2000,0,0,0,16.1
24,2005,0,0,0,16.1
31,1970,0,0,0,18.2
31,1975,0,0,0,19.1
31,1980,0,0,0,21.1
31,1985,0,0,0,22.8
31,1990,0,0,0,23.2
31,1995,0,0,0,24.1
31,2000,0,0,0,25.6
31,2005,0,0,0,27.8
32,1970,0,0,0,27.4
32,1975,0,0,0,27.4
32,1980,0,0,0,27.3
32,1985,0,0,0,27.3
32,1990,0,0,0,27.2
32,1995,0,0,0,27.4
32,2000,0,0,0,27.9
32,2005,0,0,0,28.9
36,1970,0,0,0,27.6
36,1975,0,0,0,28.2
36,1980,0,0,0,29.4
36,1985,0,0,0,30.8
36,1990,0,0,0,32.2
36,1995,0,0,0,33.7
36,2000,0,0,0,35.4
36,2005,0,0,0,36.5
40,1970,0,0,0,33.9
40,1975,0,0,0,33.8
40,1980,0,0,0,34.7
40,1985,0,0,0,35.2
40,1990,0,0,0,35.7
40,1995,0,0,0,36.4
40,2000,0,0,0,38.2
40,2005,0,0,0,40
44,1970,0,0,0,19.1
44,1975,0,0,0,19.7
44,1980,0,0,0,20.2
44,1985,0,0,0,21.8
44,1990,0,0,0,23.6
44,1995,0,0,0,25
44,2000,0,0,0,27
44,2005,0,0,0,29.1
48,1970,0,0,0,17.7
48,1975,0,0,0,19.4
48,1980,0,0,0,22.3
48,1985,0,0,0,25.2
48,1990,0,0,0,25.4
48,1995,0,0,0,26.5
48,2000,0,0,0,27.4
48,2005,0,0,0,27.7
50,1970,0,0,0,17.6
50,1975,0,0,0,17.2
50,1980,0,0,0,17.2
50,1985,0,0,0,17.7
50,1990,0,0,0,18.5
50,1995,0,0,0,19.4
50,2000,0,0,0,20.8
50,2005,0,0,0,22.4
51,1970,0,0,0,20.4
51,1975,0,0,0,21.9
51,1980,0,0,0,23.5
51,1985,0,0,0,25.2
51,1990,0,0,0,27
51,1995,0,0,0,29.2
51,2000,0,0,0,30.3
51,2005,0,0,0,31.2
52,1970,0,0,0,21.2
52,1975,0,0,0,23.7
52,1980,0,0,0,24.5
52,1985,0,0,0,26.3
52,1990,0,0,0,28.4
52,1995,0,0,0,30.7
52,2000,0,0,0,33.6
52,2005,0,0,0,35.5
56,1970,0,0,0,34.6
56,1975,0,0,0,34
56,1980,0,0,0,34.1
56,1985,0,0,0,34.8
56,1990,0,0,0,36.3
56,1995,0,0,0,37.6
56,2000,0,0,0,39.1
56,2005,0,0,0,40.1
64,1970,0,0,0,18.9
64,1975,0,0,0,19.3
64,1980,0,0,0,19.2
64,1985,0,0,0,18.7
64,1990,0,0,0,18.6
64,1995,0,0,0,18.1
64,2000,0,0,0,19.4
64,2005,0,0,0,22.1
68,1970,0,0,0,18.5
68,1975,0,0,0,18.4
68,1980,0,0,0,18.7
68,1985,0,0,0,18.9
68,1990,0,0,0,19.2
68,1995,0,0,0,19.5
68,2000,0,0,0,20
68,2005,0,0,0,20.7
70,1970,0,0,0,22.6
70,1975,0,0,0,24
70,1980,0,0,0,25.9
70,1985,0,0,0,28
70,1990,0,0,0,29.7
70,1995,0,0,0,32.2
70,2000,0,0,0,35.1
70,2005,0,0,0,37.3
72,1970,0,0,0,15.9
72,1975,0,0,0,16.3
72,1980,0,0,0,16.6
72,1985,0,0,0,16.7
72,1990,0,0,0,17.4
72,1995,0,0,0,18.7
72,2000,0,0,0,20
72,2005,0,0,0,21.4
76,1970,0,0,0,18.6
76,1975,0,0,0,19.5
76,1980,0,0,0,20.4
76,1985,0,0,0,21.4
76,1990,0,0,0,22.6
76,1995,0,0,0,24
76,2000,0,0,0,25.4
76,2005,0,0,0,27.1
84,1970,0,0,0,16.3
84,1975,0,0,0,16.1
84,1980,0,0,0,16.4
84,1985,0,0,0,17
84,1990,0,0,0,17.6
84,1995,0,0,0,18.1
84,2000,0,0,0,18.8
84,2005,0,0,0,20.1
90,1970,0,0,0,17.9
90,1975,0,0,0,16.2
90,1980,0,0,0,16.3
90,1985,0,0,0,16.3
90,1990,0,0,0,17
90,1995,0,0,0,17.9
90,2000,0,0,0,18.8
90,2005,0,0,0,19.4
96,1970,0,0,0,19.3
96,1975,0,0,0,20.4
96,1980,0,0,0,20.7
96,1985,0,0,0,21.5
96,1990,0,0,0,23.5
96,1995,0,0,0,24.1
96,2000,0,0,0,25.8
96,2005,0,0,0,27.4
100,1970,0,0,0,33.2
100,1975,0,0,0,34
100,1980,0,0,0,34.2
100,1985,0,0,0,35.7
100,1990,0,0,0,36.6
100,1995,0,0,0,38.3
100,2000,0,0,0,39.7
100,2005,0,0,0,40.8
104,1970,0,0,0,18.8
104,1975,0,0,0,19
104,1980,0,0,0,19.6
104,1985,0,0,0,20.4
104,1990,0,0,0,21.4
104,1995,0,0,0,22.9
104,2000,0,0,0,24.7
104,2005,0,0,0,26.4
108,1970,0,0,0,17.4
108,1975,0,0,0,17
108,1980,0,0,0,17.3
108,1985,0,0,0,17.9
108,1990,0,0,0,17.7
108,1995,0,0,0,17
108,2000,0,0,0,16.7
108,2005,0,0,0,18.3
112,1970,0,0,0,30.1
112,1975,0,0,0,30.5
112,1980,0,0,0,31.3
112,1985,0,0,0,31.9
112,1990,0,0,0,33
112,1995,0,0,0,34.7
112,2000,0,0,0,36.3
112,2005,0,0,0,37.4
116,1970,0,0,0,18.3
116,1975,0,0,0,18.7
116,1980,0,0,0,19.5
116,1985,0,0,0,18.6
116,1990,0,0,0,18.2
116,1995,0,0,0,17
116,2000,0,0,0,18.1
116,2005,0,0,0,20.5
120,1970,0,0,0,18.9
120,1975,0,0,0,18.3
120,1980,0,0,0,17.8
120,1985,0,0,0,17.4
120,1990,0,0,0,17.3
120,1995,0,0,0,17.6
120,2000,0,0,0,18.2
120,2005,0,0,0,18.8
124,1970,0,0,0,25.9
124,1975,0,0,0,27.4
124,1980,0,0,0,29.2
124,1985,0,0,0,31
124,1990,0,0,0,32.9
124,1995,0,0,0,34.8
124,2000,0,0,0,36.8
124,2005,0,0,0,38.6
132,1970,0,0,0,15.8
132,1975,0,0,0,16.6
132,1980,0,0,0,16.4
132,1985,0,0,0,17.3
132,1990,0,0,0,17.2
132,1995,0,0,0,17.6
132,2000,0,0,0,18.5
132,2005,0,0,0,20.3
140,1970,0,0,0,20
140,1975,0,0,0,19.3
140,1980,0,0,0,18.9
140,1985,0,0,0,18.8
140,1990,0,0,0,18.4
140,1995,0,0,0,18.6
140,2000,0,0,0,18.7
140,2005,0,0,0,18.8
144,1970,0,0,0,20
144,1975,0,0,0,20.9
144,1980,0,0,0,21.9
144,1985,0,0,0,22.9
144,1990,0,0,0,24.3
144,1995,0,0,0,25.9
144,2000,0,0,0,27.8
144,2005,0,0,0,29.2
148,1970,0,0,0,19
148,1975,0,0,0,18.6
148,1980,0,0,0,18.1
148,1985,0,0,0,17.5
148,1990,0,0,0,17.1
148,1995,0,0,0,17
148,2000,0,0,0,16.9
148,2005,0,0,0,17
152,1970,0,0,0,20.3
152,1975,0,0,0,21.1
152,1980,0,0,0,22.6
152,1985,0,0,0,24.1
152,1990,0,0,0,25.7
152,1995,0,0,0,27.1
152,2000,0,0,0,28.8
152,2005,0,0,0,30.6
156,1970,0,0,0,19.7
156,1975,0,0,0,20.7
156,1980,0,0,0,22.4
156,1985,0,0,0,23.9
156,1990,0,0,0,25.1
156,1995,0,0,0,27.3
156,2000,0,0,0,29.7
156,2005,0,0,0,32.2
170,1970,0,0,0,16.9
170,1975,0,0,0,17.8
170,1980,0,0,0,18.9
170,1985,0,0,0,20.1
170,1990,0,0,0,21.5
170,1995,0,0,0,22.6
170,2000,0,0,0,23.8
170,2005,0,0,0,25.3
174,1970,0,0,0,17
174,1975,0,0,0,16.9
174,1980,0,0,0,16.7
174,1985,0,0,0,16.2
174,1990,0,0,0,16.8
174,1995,0,0,0,17.7
174,2000,0,0,0,18.5
174,2005,0,0,0,19.1
175,1970,0,0,0,16.5
175,1975,0,0,0,15.6
175,1980,0,0,0,15.3
175,1985,0,0,0,15.6
175,1990,0,0,0,16.3
175,1995,0,0,0,16.8
175,2000,0,0,0,17.4
175,2005,0,0,0,18.6
178,1970,0,0,0,18.3
178,1975,0,0,0,17.9
178,1980,0,0,0,17.6
178,1985,0,0,0,17.6
178,1990,0,0,0,17.9
178,1995,0,0,0,18.4
178,2000,0,0,0,18.9
178,2005,0,0,0,19.1
180,1970,0,0,0,17.8
180,1975,0,0,0,17.5
180,1980,0,0,0,17.3
180,1985,0,0,0,16.9
180,1990,0,0,0,16.5
180,1995,0,0,0,16.1
180,2000,0,0,0,16
180,2005,0,0,0,16.2
188,1970,0,0,0,17.4
188,1975,0,0,0,18.7
188,1980,0,0,0,20
188,1985,0,0,0,21.6
188,1990,0,0,0,22.6
188,1995,0,0,0,23.7
188,2000,0,0,0,24.8
188,2005,0,0,0,26.4
191,1970,0,0,0,32.5
191,1975,0,0,0,33.1
191,1980,0,0,0,33.6
191,1985,0,0,0,34.4
191,1990,0,0,0,35.8
191,1995,0,0,0,37.4
191,2000,0,0,0,39.1
191,2005,0,0,0,40.3
192,1970,0,0,0,21.9
192,1975,0,0,0,22.3
192,1980,0,0,0,23.9
192,1985,0,0,0,25.5
192,1990,0,0,0,27.7
192,1995,0,0,0,30.1
192,2000,0,0,0,32.8
192,2005,0,0,0,35.5
196,1970,0,0,0,26
196,1975,0,0,0,27.4
196,1980,0,0,0,28.3
196,1985,0,0,0,29.1
196,1990,0,0,0,29.9
196,1995,0,0,0,31
196,2000,0,0,0,31.8
196,2005,0,0,0,32.9
203,1970,0,0,0,33.6
203,1975,0,0,0,32.8
203,1980,0,0,0,32.9
203,1985,0,0,0,34
203,1990,0,0,0,35.1
203,1995,0,0,0,36.1
203,2000,0,0,0,37.4
203,2005,0,0,0,38.7
204,1970,0,0,0,18.9
204,1975,0,0,0,18
204,1980,0,0,0,17.4
204,1985,0,0,0,17
204,1990,0,0,0,16.8
204,1995,0,0,0,17.1
204,2000,0,0,0,17.1
204,2005,0,0,0,17.6
208,1970,0,0,0,32.5
208,1975,0,0,0,33
208,1980,0,0,0,34.3
208,1985,0,0,0,36
208,1990,0,0,0,37.1
208,1995,0,0,0,37.7
208,2000,0,0,0,38.4
208,2005,0,0,0,39.5
214,1970,0,0,0,16.2
214,1975,0,0,0,17.1
214,1980,0,0,0,18.3
214,1985,0,0,0,19.4
214,1990,0,0,0,20.4
214,1995,0,0,0,21.5
214,2000,0,0,0,22.7
214,2005,0,0,0,23.8
218,1970,0,0,0,17.7
218,1975,0,0,0,18
218,1980,0,0,0,18.4
218,1985,0,0,0,19.1
218,1990,0,0,0,20.2
218,1995,0,0,0,21.5
218,2000,0,0,0,22.6
218,2005,0,0,0,24
222,1970,0,0,0,16.8
222,1975,0,0,0,17
222,1980,0,0,0,17.3
222,1985,0,0,0,17.7
222,1990,0,0,0,18.8
222,1995,0,0,0,19.9
222,2000,0,0,0,20.7
222,2005,0,0,0,21.8
226,1970,0,0,0,20.9
226,1975,0,0,0,17.4
226,1980,0,0,0,17.3
226,1985,0,0,0,21.2
226,1990,0,0,0,21.8
226,1995,0,0,0,21.1
226,2000,0,0,0,19.5
226,2005,0,0,0,19.6
231,1970,0,0,0,18
231,1975,0,0,0,17.7
231,1980,0,0,0,17.7
231,1985,0,0,0,17.6
231,1990,0,0,0,17.4
231,1995,0,0,0,17.1
231,2000,0,0,0,17
231,2005,0,0,0,17.5
232,1970,0,0,0,17.4
232,1975,0,0,0,17.3
232,1980,0,0,0,16.8
232,1985,0,0,0,16.1
232,1990,0,0,0,16.5
232,1995,0,0,0,16.1
232,2000,0,0,0,17.1
232,2005,0,0,0,18.5
233,1970,0,0,0,33.7
233,1975,0,0,0,34.1
233,1980,0,0,0,33.9
233,1985,0,0,0,34
233,1990,0,0,0,34.4
233,1995,0,0,0,36.4
233,2000,0,0,0,37.9
233,2005,0,0,0,39
242,1970,0,0,0,17.7
242,1975,0,0,0,18.9
242,1980,0,0,0,19.5
242,1985,0,0,0,20.3
242,1990,0,0,0,20.9
242,1995,0,0,0,21.6
242,2000,0,0,0,22.1
242,2005,0,0,0,25.3
246,1970,0,0,0,29.6
246,1975,0,0,0,30.7
246,1980,0,0,0,32.8
246,1985,0,0,0,34.7
246,1990,0,0,0,36.4
246,1995,0,0,0,37.8
246,2000,0,0,0,39.3
246,2005,0,0,0,40.9
250,1970,0,0,0,32.4
250,1975,0,0,0,31.6
250,1980,0,0,0,32.4
250,1985,0,0,0,33.6
250,1990,0,0,0,34.8
250,1995,0,0,0,36.3
250,2000,0,0,0,37.7
250,2005,0,0,0,38.9
254,1970,0,0,0,21.4
254,1975,0,0,0,20.9
254,1980,0,0,0,23.1
254,1985,0,0,0,23.7
254,1990,0,0,0,24
254,1995,0,0,0,23.9
254,2000,0,0,0,23.8
254,2005,0,0,0,23.7
258,1970,0,0,0,17
258,1975,0,0,0,18.7
258,1980,0,0,0,19.4
258,1985,0,0,0,20.5
258,1990,0,0,0,22.1
258,1995,0,0,0,24
258,2000,0,0,0,24.5
258,2005,0,0,0,27.6
262,1970,0,0,0,17.1
262,1975,0,0,0,17
262,1980,0,0,0,17.2
262,1985,0,0,0,17.5
262,1990,0,0,0,17.7
262,1995,0,0,0,18.1
262,2000,0,0,0,18.9
262,2005,0,0,0,20
266,1970,0,0,0,25.7
266,1975,0,0,0,23.6
266,1980,0,0,0,22.1
266,1985,0,0,0,20.7
266,1990,0,0,0,19.5
266,1995,0,0,0,19
266,2000,0,0,0,19.3
266,2005,0,0,0,20.3
268,1970,0,0,0,28.8
268,1975,0,0,0,28.3
268,1980,0,0,0,29.1
268,1985,0,0,0,30
268,1990,0,0,0,31.2
268,1995,0,0,0,32.6
268,2000,0,0,0,34.4
268,2005,0,0,0,35.8
270,1970,0,0,0,20.4
270,1975,0,0,0,18.8
270,1980,0,0,0,17.8
270,1985,0,0,0,16.6
270,1990,0,0,0,16.7
270,1995,0,0,0,16.5
270,2000,0,0,0,16.9
270,2005,0,0,0,17.3
275,1970,0,0,0,15.3
275,1975,0,0,0,14.8
275,1980,0,0,0,15.1
275,1985,0,0,0,15.5
275,1990,0,0,0,15.9
275,1995,0,0,0,15.9
275,2000,0,0,0,16.2
275,2005,0,0,0,17
276,1970,0,0,0,34.3
276,1975,0,0,0,35.4
276,1980,0,0,0,36.4
276,1985,0,0,0,37.1
276,1990,0,0,0,37.6
276,1995,0,0,0,38.3
276,2000,0,0,0,39.9
276,2005,0,0,0,42.1
288,1970,0,0,0,17.3
288,1975,0,0,0,17
288,1980,0,0,0,17
288,1985,0,0,0,17.3
288,1990,0,0,0,17.8
288,1995,0,0,0,18.4
288,2000,0,0,0,19.1
288,2005,0,0,0,19.8
300,1970,0,0,0,33.4
300,1975,0,0,0,33.9
300,1980,0,0,0,34.2
300,1985,0,0,0,35.1
300,1990,0,0,0,36.1
300,1995,0,0,0,37.1
300,2000,0,0,0,38.3
300,2005,0,0,0,39.8
308,1970,0,0,0,15.3
308,1975,0,0,0,17.7
308,1980,0,0,0,18.8
308,1985,0,0,0,20
308,1990,0,0,0,20.4
308,1995,0,0,0,20.9
308,2000,0,0,0,21.8
308,2005,0,0,0,23.3
312,1970,0,0,0,18.2
312,1975,0,0,0,18.5
312,1980,0,0,0,22.4
312,1985,0,0,0,24.7
312,1990,0,0,0,27
312,1995,0,0,0,29.6
312,2000,0,0,0,32.3
312,2005,0,0,0,35
316,1970,0,0,0,20.4
316,1975,0,0,0,21.2
316,1980,0,0,0,22.3
316,1985,0,0,0,23.7
316,1990,0,0,0,24.9
316,1995,0,0,0,26.3
316,2000,0,0,0,27.4
316,2005,0,0,0,28.4
320,1970,0,0,0,17.5
320,1975,0,0,0,17.5
320,1980,0,0,0,17.3
320,1985,0,0,0,17.1
320,1990,0,0,0,17.2
320,1995,0,0,0,17.3
320,2000,0,0,0,17.7
320,2005,0,0,0,18.2
324,1970,0,0,0,18.9
324,1975,0,0,0,18.7
324,1980,0,0,0,18.4
324,1985,0,0,0,18.1
324,1990,0,0,0,17.8
324,1995,0,0,0,17.7
324,2000,0,0,0,17.7
324,2005,0,0,0,18
328,1970,0,0,0,15.6
328,1975,0,0,0,16.9
328,1980,0,0,0,18
328,1985,0,0,0,19.7
328,1990,0,0,0,21.9
328,1995,0,0,0,22.1
328,2000,0,0,0,23
328,2005,0,0,0,22.4
332,1970,0,0,0,19
332,1975,0,0,0,19.1
332,1980,0,0,0,19.1
332,1985,0,0,0,18.8
332,1990,0,0,0,18.6
332,1995,0,0,0,18.6
332,2000,0,0,0,19.1
332,2005,0,0,0,20.3
340,1970,0,0,0,16.2
340,1975,0,0,0,16.2
340,1980,0,0,0,16.4
340,1985,0,0,0,16.8
340,1990,0,0,0,17.2
340,1995,0,0,0,17.6
340,2000,0,0,0,18.4
340,2005,0,0,0,19.5
344,1970,0,0,0,21.2
344,1975,0,0,0,23.2
344,1980,0,0,0,25.1
344,1985,0,0,0,28.4
344,1990,0,0,0,30.9
344,1995,0,0,0,33.6
344,2000,0,0,0,36.5
344,2005,0,0,0,39.1
348,1970,0,0,0,34.1
348,1975,0,0,0,34.3
348,1980,0,0,0,34.3
348,1985,0,0,0,35.1
348,1990,0,0,0,36.4
348,1995,0,0,0,37.5
348,2000,0,0,0,38.5
348,2005,0,0,0,39.1
352,1970,0,0,0,24.6
352,1975,0,0,0,25.4
352,1980,0,0,0,26.9
352,1985,0,0,0,28
352,1990,0,0,0,30
352,1995,0,0,0,31.5
352,2000,0,0,0,32.8
352,2005,0,0,0,34.3
356,1970,0,0,0,19.2
356,1975,0,0,0,19.6
356,1980,0,0,0,20.1
356,1985,0,0,0,20.5
356,1990,0,0,0,21.1
356,1995,0,0,0,21.7
356,2000,0,0,0,22.7
356,2005,0,0,0,23.9
360,1970,0,0,0,18.6
360,1975,0,0,0,18.5
360,1980,0,0,0,19.1
360,1985,0,0,0,19.9
360,1990,0,0,0,21.3
360,1995,0,0,0,22.8
360,2000,0,0,0,24.4
360,2005,0,0,0,26
364,1970,0,0,0,18
364,1975,0,0,0,18.1
364,1980,0,0,0,18.1
364,1985,0,0,0,17.2
364,1990,0,0,0,17.1
364,1995,0,0,0,18.4
364,2000,0,0,0,20.8
364,2005,0,0,0,24.2
368,1970,0,0,0,17.4
368,1975,0,0,0,17
368,1980,0,0,0,16.6
368,1985,0,0,0,16.5
368,1990,0,0,0,16.6
368,1995,0,0,0,17.4
368,2000,0,0,0,18
368,2005,0,0,0,18
372,1970,0,0,0,27.4
372,1975,0,0,0,26.5
372,1980,0,0,0,26.6
372,1985,0,0,0,27.3
372,1990,0,0,0,29.2
372,1995,0,0,0,31
372,2000,0,0,0,32.5
372,2005,0,0,0,33.5
376,1970,0,0,0,23.5
376,1975,0,0,0,24.1
376,1980,0,0,0,25
376,1985,0,0,0,25.4
376,1990,0,0,0,25.9
376,1995,0,0,0,27.3
376,2000,0,0,0,28
376,2005,0,0,0,28.7
380,1970,0,0,0,33
380,1975,0,0,0,33.5
380,1980,0,0,0,34.2
380,1985,0,0,0,35.5
380,1990,0,0,0,37
380,1995,0,0,0,38.5
380,2000,0,0,0,40.2
380,2005,0,0,0,41.7
384,1970,0,0,0,17.7
384,1975,0,0,0,17.5
384,1980,0,0,0,17.2
384,1985,0,0,0,17.2
384,1990,0,0,0,17.4
384,1995,0,0,0,18.1
384,2000,0,0,0,18.7
384,2005,0,0,0,18.8
388,1970,0,0,0,16.7
388,1975,0,0,0,17
388,1980,0,0,0,19.2
388,1985,0,0,0,20.3
388,1990,0,0,0,22
388,1995,0,0,0,23.2
388,2000,0,0,0,24.5
388,2005,0,0,0,26
392,1970,0,0,0,28.9
392,1975,0,0,0,30.4
392,1980,0,0,0,32.6
392,1985,0,0,0,35.1
392,1990,0,0,0,37.4
392,1995,0,0,0,39.6
392,2000,0,0,0,41.3
392,2005,0,0,0,43.1
398,1970,0,0,0,21.8
398,1975,0,0,0,22.3
398,1980,0,0,0,23.5
398,1985,0,0,0,24.6
398,1990,0,0,0,26
398,1995,0,0,0,27
398,2000,0,0,0,27.7
398,2005,0,0,0,28.8
400,1970,0,0,0,17.3
400,1975,0,0,0,16.5
400,1980,0,0,0,15.5
400,1985,0,0,0,16.3
400,1990,0,0,0,16.4
400,1995,0,0,0,18.9
400,2000,0,0,0,19.4
400,2005,0,0,0,20.9
404,1970,0,0,0,15.5
404,1975,0,0,0,15.2
404,1980,0,0,0,15
404,1985,0,0,0,15
404,1990,0,0,0,15.5
404,1995,0,0,0,16.5
404,2000,0,0,0,17.4
404,2005,0,0,0,18.1
408,1970,0,0,0,21.8
408,1975,0,0,0,21.2
408,1980,0,0,0,22.9
408,1985,0,0,0,24.5
408,1990,0,0,0,26.2
408,1995,0,0,0,28
408,2000,0,0,0,29.9
408,2005,0,0,0,31.7
410,1970,0,0,0,19
410,1975,0,0,0,20
410,1980,0,0,0,22.2
410,1985,0,0,0,24.4
410,1990,0,0,0,27
410,1995,0,0,0,29.5
410,2000,0,0,0,32.1
410,2005,0,0,0,35
414,1970,0,0,0,19.1
414,1975,0,0,0,17.6
414,1980,0,0,0,20.8
414,1985,0,0,0,22.6
414,1990,0,0,0,22.4
414,1995,0,0,0,27.2
414,2000,0,0,0,28.3
414,2005,0,0,0,28.9
417,1970,0,0,0,19.4
417,1975,0,0,0,19.5
417,1980,0,0,0,20.8
417,1985,0,0,0,21.7
417,1990,0,0,0,21.6
417,1995,0,0,0,21.5
417,2000,0,0,0,22.5
417,2005,0,0,0,23.6
418,1970,0,0,0,18.8
418,1975,0,0,0,18.8
418,1980,0,0,0,17.9
418,1985,0,0,0,17.8
418,1990,0,0,0,17.9
418,1995,0,0,0,18
418,2000,0,0,0,18.6
418,2005,0,0,0,19.7
422,1970,0,0,0,18.8
422,1975,0,0,0,19.5
422,1980,0,0,0,19.8
422,1985,0,0,0,20.6
422,1990,0,0,0,21.7
422,1995,0,0,0,24.1
422,2000,0,0,0,25.6
422,2005,0,0,0,27.2
426,1970,0,0,0,17.8
426,1975,0,0,0,17.5
426,1980,0,0,0,17.6
426,1985,0,0,0,17.6
426,1990,0,0,0,17.7
426,1995,0,0,0,18
426,2000,0,0,0,18.6
426,2005,0,0,0,19.3
428,1970,0,0,0,34.2
428,1975,0,0,0,34.9
428,1980,0,0,0,35
428,1985,0,0,0,34.7
428,1990,0,0,0,34.6
428,1995,0,0,0,36.2
428,2000,0,0,0,38.1
428,2005,0,0,0,39.4
430,1970,0,0,0,18
430,1975,0,0,0,17.5
430,1980,0,0,0,17.2
430,1985,0,0,0,17
430,1990,0,0,0,17.1
430,1995,0,0,0,17.5
430,2000,0,0,0,17.9
430,2005,0,0,0,18.1
434,1970,0,0,0,17.4
434,1975,0,0,0,16.8
434,1980,0,0,0,16.5
434,1985,0,0,0,16.3
434,1990,0,0,0,17.7
434,1995,0,0,0,19.7
434,2000,0,0,0,21.9
434,2005,0,0,0,23.9
440,1970,0,0,0,30.8
440,1975,0,0,0,31.5
440,1980,0,0,0,32
440,1985,0,0,0,32.1
440,1990,0,0,0,32.7
440,1995,0,0,0,34
440,2000,0,0,0,35.9
440,2005,0,0,0,37.8
442,1970,0,0,0,35.4
442,1975,0,0,0,34.9
442,1980,0,0,0,35
442,1985,0,0,0,35.8
442,1990,0,0,0,36.4
442,1995,0,0,0,36.7
442,2000,0,0,0,37.3
442,2005,0,0,0,38.5
446,1970,0,0,0,19.2
446,1975,0,0,0,22.5
446,1980,0,0,0,25.5
446,1985,0,0,0,26.9
446,1990,0,0,0,28.9
446,1995,0,0,0,31
446,2000,0,0,0,33.1
446,2005,0,0,0,35.7
450,1970,0,0,0,17.4
450,1975,0,0,0,17.1
450,1980,0,0,0,17
450,1985,0,0,0,17.3
450,1990,0,0,0,17.4
450,1995,0,0,0,17.5
450,2000,0,0,0,17.4
450,2005,0,0,0,17.6
454,1970,0,0,0,16.8
454,1975,0,0,0,16.5
454,1980,0,0,0,16.4
454,1985,0,0,0,16.2
454,1990,0,0,0,17
454,1995,0,0,0,17.4
454,2000,0,0,0,17
454,2005,0,0,0,16.8
458,1970,0,0,0,17.4
458,1975,0,0,0,18.4
458,1980,0,0,0,19.6
458,1985,0,0,0,20.4
458,1990,0,0,0,21.6
458,1995,0,0,0,22.5
458,2000,0,0,0,23.8
458,2005,0,0,0,24.6
462,1970,0,0,0,17.4
462,1975,0,0,0,17.2
462,1980,0,0,0,17.4
462,1985,0,0,0,17.1
462,1990,0,0,0,16.5
462,1995,0,0,0,16.9
462,2000,0,0,0,18.8
462,2005,0,0,0,21.7
466,1970,0,0,0,18.7
466,1975,0,0,0,18.3
466,1980,0,0,0,17.6
466,1985,0,0,0,17
466,1990,0,0,0,16.1
466,1995,0,0,0,16.2
466,2000,0,0,0,16.3
466,2005,0,0,0,16.3
470,1970,0,0,0,24.6
470,1975,0,0,0,27.6
470,1980,0,0,0,29.1
470,1985,0,0,0,30.8
470,1990,0,0,0,32.4
470,1995,0,0,0,34.4
470,2000,0,0,0,36.1
470,2005,0,0,0,38.3
474,1970,0,0,0,19.1
474,1975,0,0,0,19
474,1980,0,0,0,23.5
474,1985,0,0,0,26
474,1990,0,0,0,28.3
474,1995,0,0,0,31.3
474,2000,0,0,0,34.3
474,2005,0,0,0,37.3
478,1970,0,0,0,17.1
478,1975,0,0,0,17
478,1980,0,0,0,17
478,1985,0,0,0,17.2
478,1990,0,0,0,17.3
478,1995,0,0,0,17.7
478,2000,0,0,0,18.4
478,2005,0,0,0,19.1
480,1970,0,0,0,17.8
480,1975,0,0,0,19.3
480,1980,0,0,0,20.9
480,1985,0,0,0,22.7
480,1990,0,0,0,24.8
480,1995,0,0,0,26.7
480,2000,0,0,0,28.6
480,2005,0,0,0,30.1
484,1970,0,0,0,16.6
484,1975,0,0,0,16.8
484,1980,0,0,0,17.5
484,1985,0,0,0,18.6
484,1990,0,0,0,19.9
484,1995,0,0,0,21.6
484,2000,0,0,0,23.4
484,2005,0,0,0,25.1
496,1970,0,0,0,18.3
496,1975,0,0,0,17.5
496,1980,0,0,0,17.8
496,1985,0,0,0,18.6
496,1990,0,0,0,19.3
496,1995,0,0,0,20.2
496,2000,0,0,0,21.8
496,2005,0,0,0,23.9
498,1970,0,0,0,26.3
498,1975,0,0,0,26.2
498,1980,0,0,0,27.7
498,1985,0,0,0,28.7
498,1990,0,0,0,29.9
498,1995,0,0,0,30.8
498,2000,0,0,0,32.3
498,2005,0,0,0,34.1
499,1970,0,0,0,23.9
499,1975,0,0,0,25.1
499,1980,0,0,0,26.8
499,1985,0,0,0,28.4
499,1990,0,0,0,30.1
499,1995,0,0,0,31.9
499,2000,0,0,0,33.5
499,2005,0,0,0,35
504,1970,0,0,0,16.3
504,1975,0,0,0,16.3
504,1980,0,0,0,18.5
504,1985,0,0,0,18.9
504,1990,0,0,0,19.7
504,1995,0,0,0,20.9
504,2000,0,0,0,22.6
504,2005,0,0,0,24.4
508,1970,0,0,0,18.3
508,1975,0,0,0,18.1
508,1980,0,0,0,18
508,1985,0,0,0,17.6
508,1990,0,0,0,16.5
508,1995,0,0,0,17.7
508,2000,0,0,0,17.9
508,2005,0,0,0,17.7
512,1970,0,0,0,16.7
512,1975,0,0,0,16.9
512,1980,0,0,0,17.4
512,1985,0,0,0,17.3
512,1990,0,0,0,17.6
512,1995,0,0,0,20.1
512,2000,0,0,0,21
512,2005,0,0,0,22.9
516,1970,0,0,0,18.4
516,1975,0,0,0,17.8
516,1980,0,0,0,16.7
516,1985,0,0,0,16.4
516,1990,0,0,0,17.8
516,1995,0,0,0,18.6
516,2000,0,0,0,19.5
516,2005,0,0,0,20.1
524,1970,0,0,0,19.3
524,1975,0,0,0,19
524,1980,0,0,0,18.8
524,1985,0,0,0,18.7
524,1990,0,0,0,18.7
524,1995,0,0,0,18.8
524,2000,0,0,0,19.2
524,2005,0,0,0,20
528,1970,0,0,0,28.6
528,1975,0,0,0,29.4
528,1980,0,0,0,31.2
528,1985,0,0,0,32.9
528,1990,0,0,0,34.4
528,1995,0,0,0,35.8
528,2000,0,0,0,37.3
528,2005,0,0,0,38.8
530,1970,0,0,0,21
530,1975,0,0,0,22.3
530,1980,0,0,0,24.2
530,1985,0,0,0,27.2
530,1990,0,0,0,28.9
530,1995,0,0,0,30.9
530,2000,0,0,0,34.5
530,2005,0,0,0,36
533,1970,0,0,0,20.8
533,1975,0,0,0,23.9
533,1980,0,0,0,26
533,1985,0,0,0,28
533,1990,0,0,0,31.2
533,1995,0,0,0,32.5
533,2000,0,0,0,34.3
533,2005,0,0,0,36.1
540,1970,0,0,0,21
540,1975,0,0,0,21.2
540,1980,0,0,0,21.7
540,1985,0,0,0,22.5
540,1990,0,0,0,23.7
540,1995,0,0,0,25.2
540,2000,0,0,0,26.9
540,2005,0,0,0,28.8
548,1970,0,0,0,17.3
548,1975,0,0,0,17.3
548,1980,0,0,0,17.5
548,1985,0,0,0,17.8
548,1990,0,0,0,18.1
548,1995,0,0,0,18.5
548,2000,0,0,0,18.9
548,2005,0,0,0,19.7
554,1970,0,0,0,25.6
554,1975,0,0,0,26.3
554,1980,0,0,0,27.9
554,1985,0,0,0,29.5
554,1990,0,0,0,31.1
554,1995,0,0,0,32.6
554,2000,0,0,0,34.3
554,2005,0,0,0,35.5
558,1970,0,0,0,15.9
558,1975,0,0,0,16.3
558,1980,0,0,0,16.4
558,1985,0,0,0,16.4
558,1990,0,0,0,16.9
558,1995,0,0,0,17.7
558,2000,0,0,0,18.9
558,2005,0,0,0,20.4
562,1970,0,0,0,16.1
562,1975,0,0,0,16
562,1980,0,0,0,16.1
562,1985,0,0,0,15.8
562,1990,0,0,0,15.9
562,1995,0,0,0,15.8
562,2000,0,0,0,15.8
562,2005,0,0,0,15.6
566,1970,0,0,0,18.7
566,1975,0,0,0,18.3
566,1980,0,0,0,18
566,1985,0,0,0,17.6
566,1990,0,0,0,17.5
566,1995,0,0,0,17.8
566,2000,0,0,0,18.1
566,2005,0,0,0,18.4
578,1970,0,0,0,33
578,1975,0,0,0,32.5
578,1980,0,0,0,33.3
578,1985,0,0,0,34.6
578,1990,0,0,0,35.4
578,1995,0,0,0,36.1
578,2000,0,0,0,36.9
578,2005,0,0,0,37.9
583,1970,0,0,0,16.8
583,1975,0,0,0,16.1
583,1980,0,0,0,16.3
583,1985,0,0,0,16.9
583,1990,0,0,0,17.6
583,1995,0,0,0,17.8
583,2000,0,0,0,18.9
583,2005,0,0,0,19.8
586,1970,0,0,0,18.8
586,1975,0,0,0,18.4
586,1980,0,0,0,18.3
586,1985,0,0,0,18.3
586,1990,0,0,0,18.1
586,1995,0,0,0,18.2
586,2000,0,0,0,19
586,2005,0,0,0,20.2
591,1970,0,0,0,18
591,1975,0,0,0,18.4
591,1980,0,0,0,19.3
591,1985,0,0,0,20.6
591,1990,0,0,0,21.9
591,1995,0,0,0,23.4
591,2000,0,0,0,24.8
591,2005,0,0,0,26.1
598,1970,0,0,0,18
598,1975,0,0,0,17.5
598,1980,0,0,0,17.3
598,1985,0,0,0,17.5
598,1990,0,0,0,18.3
598,1995,0,0,0,19.1
598,2000,0,0,0,19.6
598,2005,0,0,0,20
600,1970,0,0,0,16.7
600,1975,0,0,0,17.7
600,1980,0,0,0,18.4
600,1985,0,0,0,18.9
600,1990,0,0,0,19.3
600,1995,0,0,0,19.7
600,2000,0,0,0,20.4
600,2005,0,0,0,21.7
604,1970,0,0,0,18
604,1975,0,0,0,18.3
604,1980,0,0,0,18.8
604,1985,0,0,0,19.6
604,1990,0,0,0,20.6
604,1995,0,0,0,21.7
604,2000,0,0,0,23
604,2005,0,0,0,24.2
608,1970,0,0,0,16.7
608,1975,0,0,0,17.4
608,1980,0,0,0,18
608,1985,0,0,0,18.6
608,1990,0,0,0,19.1
608,1995,0,0,0,19.7
608,2000,0,0,0,20.4
608,2005,0,0,0,21.2
616,1970,0,0,0,28.2
616,1975,0,0,0,28.6
616,1980,0,0,0,29.5
616,1985,0,0,0,30.8
616,1990,0,0,0,32.3
616,1995,0,0,0,33.9
616,2000,0,0,0,35.3
616,2005,0,0,0,36.6
620,1970,0,0,0,29.6
620,1975,0,0,0,29.8
620,1980,0,0,0,30.6
620,1985,0,0,0,32.1
620,1990,0,0,0,34.2
620,1995,0,0,0,35.9
620,2000,0,0,0,37.7
620,2005,0,0,0,39.3
624,1970,0,0,0,20.2
624,1975,0,0,0,19.9
624,1980,0,0,0,19.3
624,1985,0,0,0,18
624,1990,0,0,0,17.7
624,1995,0,0,0,18
624,2000,0,0,0,18.2
624,2005,0,0,0,18.6
626,1970,0,0,0,18.9
626,1975,0,0,0,19.2
626,1980,0,0,0,19.2
626,1985,0,0,0,19.4
626,1990,0,0,0,19.5
626,1995,0,0,0,19.8
626,2000,0,0,0,15.3
626,2005,0,0,0,16.6
630,1970,0,0,0,21.6
630,1975,0,0,0,22.6
630,1980,0,0,0,24.6
630,1985,0,0,0,26.3
630,1990,0,0,0,28.5
630,1995,0,0,0,30.3
630,2000,0,0,0,32.2
630,2005,0,0,0,33.3
634,1970,0,0,0,22.1
634,1975,0,0,0,23.3
634,1980,0,0,0,23.5
634,1985,0,0,0,27
634,1990,0,0,0,28.8
634,1995,0,0,0,29.4
634,2000,0,0,0,30.3
634,2005,0,0,0,31.2
638,1970,0,0,0,17.1
638,1975,0,0,0,18.4
638,1980,0,0,0,19.8
638,1985,0,0,0,22.3
638,1990,0,0,0,24
638,1995,0,0,0,26.2
638,2000,0,0,0,28.1
638,2005,0,0,0,29.2
642,1970,0,0,0,30.9
642,1975,0,0,0,30.8
642,1980,0,0,0,30.7
642,1985,0,0,0,31.8
642,1990,0,0,0,32.6
642,1995,0,0,0,34
642,2000,0,0,0,34.7
642,2005,0,0,0,36.7
643,1970,0,0,0,30.6
643,1975,0,0,0,30.8
643,1980,0,0,0,31.3
643,1985,0,0,0,32.1
643,1990,0,0,0,33.3
643,1995,0,0,0,35
643,2000,0,0,0,36.5
643,2005,0,0,0,37.3
646,1970,0,0,0,16.1
646,1975,0,0,0,16.1
646,1980,0,0,0,15.9
646,1985,0,0,0,15.5
646,1990,0,0,0,15.4
646,1995,0,0,0,15.7
646,2000,0,0,0,16.9
646,2005,0,0,0,18
662,1970,0,0,0,14.7
662,1975,0,0,0,16.3
662,1980,0,0,0,17.3
662,1985,0,0,0,18.7
662,1990,0,0,0,21.2
662,1995,0,0,0,22.8
662,2000,0,0,0,24
662,2005,0,0,0,25.6
670,1970,0,0,0,15.1
670,1975,0,0,0,16
670,1980,0,0,0,17.4
670,1985,0,0,0,19.1
670,1990,0,0,0,20.4
670,1995,0,0,0,22.3
670,2000,0,0,0,24.2
670,2005,0,0,0,26.3
678,1970,0,0,0,16.5
678,1975,0,0,0,16.3
678,1980,0,0,0,16.6
678,1985,0,0,0,16.6
678,1990,0,0,0,16.7
678,1995,0,0,0,17.1
678,2000,0,0,0,17.8
678,2005,0,0,0,18.7
682,1970,0,0,0,17.6
682,1975,0,0,0,17.8
682,1980,0,0,0,17.8
682,1985,0,0,0,18.8
682,1990,0,0,0,19.4
682,1995,0,0,0,19.7
682,2000,0,0,0,20.9
682,2005,0,0,0,23.9
686,1970,0,0,0,18.1
686,1975,0,0,0,17.4
686,1980,0,0,0,16.4
686,1985,0,0,0,16.1
686,1990,0,0,0,16.3
686,1995,0,0,0,16.7
686,2000,0,0,0,17
686,2005,0,0,0,17.5
688,1970,0,0,0,30.6
688,1975,0,0,0,30.4
688,1980,0,0,0,31.5
688,1985,0,0,0,32.5
688,1990,0,0,0,33.6
688,1995,0,0,0,34.7
688,2000,0,0,0,35.7
688,2005,0,0,0,36.6
694,1970,0,0,0,20
694,1975,0,0,0,19.8
694,1980,0,0,0,19.5
694,1985,0,0,0,19
694,1990,0,0,0,18.8
694,1995,0,0,0,18.6
694,2000,0,0,0,18.5
694,2005,0,0,0,18.4
702,1970,0,0,0,19.7
702,1975,0,0,0,21.9
702,1980,0,0,0,24.5
702,1985,0,0,0,27.3
702,1990,0,0,0,29.3
702,1995,0,0,0,31.8
702,2000,0,0,0,34.1
702,2005,0,0,0,37.5
703,1970,0,0,0,28.1
703,1975,0,0,0,28.3
703,1980,0,0,0,28.7
703,1985,0,0,0,29.8
703,1990,0,0,0,30.9
703,1995,0,0,0,32.1
703,2000,0,0,0,33.6
703,2005,0,0,0,35.1
704,1970,0,0,0,17.8
704,1975,0,0,0,18.3
704,1980,0,0,0,19.1
704,1985,0,0,0,19.8
704,1990,0,0,0,20.7
704,1995,0,0,0,21.8
704,2000,0,0,0,23.8
704,2005,0,0,0,25.9
705,1970,0,0,0,31
705,1975,0,0,0,31.4
705,1980,0,0,0,31.7
705,1985,0,0,0,32.7
705,1990,0,0,0,34.1
705,1995,0,0,0,36.1
705,2000,0,0,0,38
705,2005,0,0,0,40.1
706,1970,0,0,0,17.2
706,1975,0,0,0,17
706,1980,0,0,0,16.8
706,1985,0,0,0,17.3
706,1990,0,0,0,17.6
706,1995,0,0,0,18
706,2000,0,0,0,18
706,2005,0,0,0,17.7
710,1970,0,0,0,18.8
710,1975,0,0,0,18.9
710,1980,0,0,0,19.1
710,1985,0,0,0,19.5
710,1990,0,0,0,20.1
710,1995,0,0,0,21.7
710,2000,0,0,0,22.9
710,2005,0,0,0,23.9
716,1970,0,0,0,15.9
716,1975,0,0,0,15.7
716,1980,0,0,0,15.5
716,1985,0,0,0,16
716,1990,0,0,0,16.8
716,1995,0,0,0,17.4
716,2000,0,0,0,18.2
716,2005,0,0,0,18.7
724,1970,0,0,0,30.2
724,1975,0,0,0,30.1
724,1980,0,0,0,30.7
724,1985,0,0,0,31.9
724,1990,0,0,0,33.7
724,1995,0,0,0,35.6
724,2000,0,0,0,37.6
724,2005,0,0,0,38.8
736,1970,0,0,0,17.9
736,1975,0,0,0,17.7
736,1980,0,0,0,17.6
736,1985,0,0,0,17.6
736,1990,0,0,0,17.9
736,1995,0,0,0,18.2
736,2000,0,0,0,18.6
736,2005,0,0,0,19.1
740,1970,0,0,0,15.8
740,1975,0,0,0,16
740,1980,0,0,0,18.8
740,1985,0,0,0,21.3
740,1990,0,0,0,23
740,1995,0,0,0,24.5
740,2000,0,0,0,25.7
740,2005,0,0,0,26.1
748,1970,0,0,0,16.3
748,1975,0,0,0,15.9
748,1980,0,0,0,15.6
748,1985,0,0,0,15.5
748,1990,0,0,0,15.9
748,1995,0,0,0,16.1
748,2000,0,0,0,17.2
748,2005,0,0,0,18.1
752,1970,0,0,0,35.4
752,1975,0,0,0,35.3
752,1980,0,0,0,36.2
752,1985,0,0,0,37.6
752,1990,0,0,0,38.3
752,1995,0,0,0,38.5
752,2000,0,0,0,39.4
752,2005,0,0,0,40.3
756,1970,0,0,0,31.8
756,1975,0,0,0,32.9
756,1980,0,0,0,34.6
756,1985,0,0,0,36
756,1990,0,0,0,36.9
756,1995,0,0,0,37.2
756,2000,0,0,0,38.6
756,2005,0,0,0,40.1
760,1970,0,0,0,16.1
760,1975,0,0,0,15.8
760,1980,0,0,0,15.6
760,1985,0,0,0,15.8
760,1990,0,0,0,16.4
760,1995,0,0,0,17.7
760,2000,0,0,0,19.1
760,2005,0,0,0,19.6
762,1970,0,0,0,16.9
762,1975,0,0,0,17.2
762,1980,0,0,0,18
762,1985,0,0,0,18.5
762,1990,0,0,0,18.3
762,1995,0,0,0,18.2
762,2000,0,0,0,18.4
762,2005,0,0,0,19
764,1970,0,0,0,18
764,1975,0,0,0,18.5
764,1980,0,0,0,19.7
764,1985,0,0,0,21.8
764,1990,0,0,0,24.4
764,1995,0,0,0,26.7
764,2000,0,0,0,30.2
764,2005,0,0,0,32.2
768,1970,0,0,0,17.7
768,1975,0,0,0,17.1
768,1980,0,0,0,16.7
768,1985,0,0,0,16.6
768,1990,0,0,0,16.8
768,1995,0,0,0,17.4
768,2000,0,0,0,18
768,2005,0,0,0,18.8
776,1970,0,0,0,15.9
776,1975,0,0,0,16.9
776,1980,0,0,0,18.3
776,1985,0,0,0,18.4
776,1990,0,0,0,19.7
776,1995,0,0,0,19.9
776,2000,0,0,0,19.9
776,2005,0,0,0,21.1
780,1970,0,0,0,18.5
780,1975,0,0,0,20.1
780,1980,0,0,0,21.6
780,1985,0,0,0,22.6
780,1990,0,0,0,23.5
780,1995,0,0,0,25
780,2000,0,0,0,26.9
780,2005,0,0,0,28.8
784,1970,0,0,0,22.9
784,1975,0,0,0,25.2
784,1980,0,0,0,26
784,1985,0,0,0,26.2
784,1990,0,0,0,26.5
784,1995,0,0,0,27.7
784,2000,0,0,0,28.1
784,2005,0,0,0,29.1
788,1970,0,0,0,16.8
788,1975,0,0,0,17.7
788,1980,0,0,0,18.5
788,1985,0,0,0,19.5
788,1990,0,0,0,20.8
788,1995,0,0,0,22.8
788,2000,0,0,0,24.7
788,2005,0,0,0,26.9
792,1970,0,0,0,18.5
792,1975,0,0,0,19.1
792,1980,0,0,0,19.5
792,1985,0,0,0,20.5
792,1990,0,0,0,21.7
792,1995,0,0,0,23
792,2000,0,0,0,24.5
792,2005,0,0,0,26.4
795,1970,0,0,0,17.6
795,1975,0,0,0,17.9
795,1980,0,0,0,18.7
795,1985,0,0,0,19.5
795,1990,0,0,0,19.7
795,1995,0,0,0,20.2
795,2000,0,0,0,21.6
795,2005,0,0,0,22.9
800,1970,0,0,0,16.5
800,1975,0,0,0,16.3
800,1980,0,0,0,16.1
800,1985,0,0,0,16.1
800,1990,0,0,0,15.9
800,1995,0,0,0,15.7
800,2000,0,0,0,15.6
800,2005,0,0,0,15.6
804,1970,0,0,0,32.2
804,1975,0,0,0,33.6
804,1980,0,0,0,33.8
804,1985,0,0,0,34.2
804,1990,0,0,0,35.1
804,1995,0,0,0,36.2
804,2000,0,0,0,37.7
804,2005,0,0,0,38.9
807,1970,0,0,0,23.7
807,1975,0,0,0,24.8
807,1980,0,0,0,26.4
807,1985,0,0,0,28.1
807,1990,0,0,0,29.5
807,1995,0,0,0,30.9
807,2000,0,0,0,32.5
807,2005,0,0,0,34.2
818,1970,0,0,0,18
818,1975,0,0,0,18.3
818,1980,0,0,0,18.5
818,1985,0,0,0,18.8
818,1990,0,0,0,19.4
818,1995,0,0,0,20.2
818,2000,0,0,0,21.4
818,2005,0,0,0,22.9
826,1970,0,0,0,34.2
826,1975,0,0,0,33.9
826,1980,0,0,0,34.4
826,1985,0,0,0,35.3
826,1990,0,0,0,35.8
826,1995,0,0,0,36.5
826,2000,0,0,0,37.7
826,2005,0,0,0,38.8
830,1970,0,0,0,35.4
830,1975,0,0,0,34.9
830,1980,0,0,0,35.3
830,1985,0,0,0,36.4
830,1990,0,0,0,36.7
830,1995,0,0,0,37.7
830,2000,0,0,0,38.9
830,2005,0,0,0,40.8
834,1970,0,0,0,16.9
834,1975,0,0,0,16.7
834,1980,0,0,0,16.7
834,1985,0,0,0,16.7
834,1990,0,0,0,16.9
834,1995,0,0,0,17.1
834,2000,0,0,0,17.4
834,2005,0,0,0,17.5
840,1970,0,0,0,28.2
840,1975,0,0,0,28.8
840,1980,0,0,0,30
840,1985,0,0,0,31.4
840,1990,0,0,0,32.9
840,1995,0,0,0,34.1
840,2000,0,0,0,35.3
840,2005,0,0,0,36.2
850,1970,0,0,0,23
850,1975,0,0,0,20
850,1980,0,0,0,22
850,1985,0,0,0,23.8
850,1990,0,0,0,28.1
850,1995,0,0,0,30.7
850,2000,0,0,0,33.6
850,2005,0,0,0,36.9
854,1970,0,0,0,18.2
854,1975,0,0,0,17.5
854,1980,0,0,0,16.7
854,1985,0,0,0,16.2
854,1990,0,0,0,16.1
854,1995,0,0,0,16.2
854,2000,0,0,0,16.5
854,2005,0,0,0,16.8
858,1970,0,0,0,29.7
858,1975,0,0,0,30
858,1980,0,0,0,30.2
858,1985,0,0,0,30.4
858,1990,0,0,0,30.8
858,1995,0,0,0,31.1
858,2000,0,0,0,31.6
858,2005,0,0,0,32.7
860,1970,0,0,0,17.6
860,1975,0,0,0,17.9
860,1980,0,0,0,18.8
860,1985,0,0,0,19.5
860,1990,0,0,0,19.4
860,1995,0,0,0,19.8
860,2000,0,0,0,20.9
860,2005,0,0,0,22.5
862,1970,0,0,0,17.1
862,1975,0,0,0,18.1
862,1980,0,0,0,19.1
862,1985,0,0,0,20.1
862,1990,0,0,0,21.1
862,1995,0,0,0,22.1
862,2000,0,0,0,23.3
862,2005,0,0,0,24.6
882,1970,0,0,0,15.9
882,1975,0,0,0,16.9
882,1980,0,0,0,18.2
882,1985,0,0,0,19.2
882,1990,0,0,0,18.5
882,1995,0,0,0,19.9
882,2000,0,0,0,19.7
882,2005,0,0,0,20.2
887,1970,0,0,0,17
887,1975,0,0,0,16
887,1980,0,0,0,15.3
887,1985,0,0,0,14.4
887,1990,0,0,0,13.9
887,1995,0,0,0,14.7
887,2000,0,0,0,15.5
887,2005,0,0,0,16.5
894,1970,0,0,0,16.8
894,1975,0,0,0,16.5
894,1980,0,0,0,16.3
894,1985,0,0,0,16.6
894,1990,0,0,0,16.9
894,1995,0,0,0,17.1
894,2000,0,0,0,17.1
894,2005,0,0,0,16.9
900,1970,0,0,0,22.1
900,1975,0,0,0,22.4
900,1980,0,0,0,23.1
900,1985,0,0,0,23.7
900,1990,0,0,0,24.4
900,1995,0,0,0,25.5
900,2000,0,0,0,26.7
900,2005,0,0,0,28
903,1970,0,0,0,17.7
903,1975,0,0,0,17.5
903,1980,0,0,0,17.5
903,1985,0,0,0,17.5
903,1990,0,0,0,17.6
903,1995,0,0,0,18.1
903,2000,0,0,0,18.6
903,2005,0,0,0,19.1
904,1970,0,0,0,18.9
904,1975,0,0,0,19.4
904,1980,0,0,0,20.1
904,1985,0,0,0,21
904,1990,0,0,0,22
904,1995,0,0,0,23.2
904,2000,0,0,0,24.5
904,2005,0,0,0,26
905,1970,0,0,0,27.9
905,1975,0,0,0,28.7
905,1980,0,0,0,30
905,1985,0,0,0,31.4
905,1990,0,0,0,32.9
905,1995,0,0,0,34.2
905,2000,0,0,0,35.5
905,2005,0,0,0,36.5
908,1970,0,0,0,31.8
908,1975,0,0,0,32.1
908,1980,0,0,0,32.7
908,1985,0,0,0,33.7
908,1990,0,0,0,34.8
908,1995,0,0,0,36.1
908,2000,0,0,0,37.6
908,2005,0,0,0,38.9
909,1970,0,0,0,25.3
909,1975,0,0,0,25.7
909,1980,0,0,0,26.6
909,1985,0,0,0,27.7
909,1990,0,0,0,28.9
909,1995,0,0,0,30.1
909,2000,0,0,0,31.3
909,2005,0,0,0,32.3
935,1970,0,0,0,19.6
935,1975,0,0,0,20.3
935,1980,0,0,0,21.2
935,1985,0,0,0,22.1
935,1990,0,0,0,23
935,1995,0,0,0,24.4
935,2000,0,0,0,25.9
935,2005,0,0,0,27.5
