"isono","year","sexno","ageno","eduno","pmage"
4,2010,0,0,0,NA
4,2015,0,0,0,NA
4,2020,0,0,0,NA
4,2025,0,0,0,NA
4,2030,0,0,0,NA
4,2035,0,0,0,NA
4,2040,0,0,0,NA
4,2045,0,0,0,NA
4,2050,0,0,0,NA
4,2055,0,0,0,NA
4,2060,0,0,0,NA
4,2065,0,0,0,NA
4,2070,0,0,0,NA
4,2075,0,0,0,NA
4,2080,0,0,0,NA
4,2085,0,0,0,NA
4,2090,0,0,0,NA
4,2095,0,0,0,NA
8,2010,0,0,0,NA
8,2015,0,0,0,NA
8,2020,0,0,0,NA
8,2025,0,0,0,NA
8,2030,0,0,0,NA
8,2035,0,0,0,NA
8,2040,0,0,0,NA
8,2045,0,0,0,NA
8,2050,0,0,0,NA
8,2055,0,0,0,NA
8,2060,0,0,0,NA
8,2065,0,0,0,NA
8,2070,0,0,0,NA
8,2075,0,0,0,NA
8,2080,0,0,0,NA
8,2085,0,0,0,NA
8,2090,0,0,0,NA
8,2095,0,0,0,NA
12,2010,0,0,0,NA
12,2015,0,0,0,NA
12,2020,0,0,0,NA
12,2025,0,0,0,NA
12,2030,0,0,0,NA
12,2035,0,0,0,NA
12,2040,0,0,0,NA
12,2045,0,0,0,NA
12,2050,0,0,0,NA
12,2055,0,0,0,NA
12,2060,0,0,0,NA
12,2065,0,0,0,NA
12,2070,0,0,0,NA
12,2075,0,0,0,NA
12,2080,0,0,0,NA
12,2085,0,0,0,NA
12,2090,0,0,0,NA
12,2095,0,0,0,NA
24,2010,0,0,0,NA
24,2015,0,0,0,NA
24,2020,0,0,0,NA
24,2025,0,0,0,NA
24,2030,0,0,0,NA
24,2035,0,0,0,NA
24,2040,0,0,0,NA
24,2045,0,0,0,NA
24,2050,0,0,0,NA
24,2055,0,0,0,NA
24,2060,0,0,0,NA
24,2065,0,0,0,NA
24,2070,0,0,0,NA
24,2075,0,0,0,NA
24,2080,0,0,0,NA
24,2085,0,0,0,NA
24,2090,0,0,0,NA
24,2095,0,0,0,NA
31,2010,0,0,0,NA
31,2015,0,0,0,NA
31,2020,0,0,0,NA
31,2025,0,0,0,NA
31,2030,0,0,0,NA
31,2035,0,0,0,NA
31,2040,0,0,0,NA
31,2045,0,0,0,NA
31,2050,0,0,0,NA
31,2055,0,0,0,NA
31,2060,0,0,0,NA
31,2065,0,0,0,NA
31,2070,0,0,0,NA
31,2075,0,0,0,NA
31,2080,0,0,0,NA
31,2085,0,0,0,NA
31,2090,0,0,0,NA
31,2095,0,0,0,NA
32,2010,0,0,0,NA
32,2015,0,0,0,NA
32,2020,0,0,0,NA
32,2025,0,0,0,NA
32,2030,0,0,0,NA
32,2035,0,0,0,NA
32,2040,0,0,0,NA
32,2045,0,0,0,NA
32,2050,0,0,0,NA
32,2055,0,0,0,NA
32,2060,0,0,0,NA
32,2065,0,0,0,NA
32,2070,0,0,0,NA
32,2075,0,0,0,NA
32,2080,0,0,0,NA
32,2085,0,0,0,NA
32,2090,0,0,0,NA
32,2095,0,0,0,NA
36,2010,0,0,0,NA
36,2015,0,0,0,NA
36,2020,0,0,0,NA
36,2025,0,0,0,NA
36,2030,0,0,0,NA
36,2035,0,0,0,NA
36,2040,0,0,0,NA
36,2045,0,0,0,NA
36,2050,0,0,0,NA
36,2055,0,0,0,NA
36,2060,0,0,0,NA
36,2065,0,0,0,NA
36,2070,0,0,0,NA
36,2075,0,0,0,NA
36,2080,0,0,0,NA
36,2085,0,0,0,NA
36,2090,0,0,0,NA
36,2095,0,0,0,NA
40,2010,0,0,0,NA
40,2015,0,0,0,NA
40,2020,0,0,0,NA
40,2025,0,0,0,NA
40,2030,0,0,0,NA
40,2035,0,0,0,NA
40,2040,0,0,0,NA
40,2045,0,0,0,NA
40,2050,0,0,0,NA
40,2055,0,0,0,NA
40,2060,0,0,0,NA
40,2065,0,0,0,NA
40,2070,0,0,0,NA
40,2075,0,0,0,NA
40,2080,0,0,0,NA
40,2085,0,0,0,NA
40,2090,0,0,0,NA
40,2095,0,0,0,NA
44,2010,0,0,0,NA
44,2015,0,0,0,NA
44,2020,0,0,0,NA
44,2025,0,0,0,NA
44,2030,0,0,0,NA
44,2035,0,0,0,NA
44,2040,0,0,0,NA
44,2045,0,0,0,NA
44,2050,0,0,0,NA
44,2055,0,0,0,NA
44,2060,0,0,0,NA
44,2065,0,0,0,NA
44,2070,0,0,0,NA
44,2075,0,0,0,NA
44,2080,0,0,0,NA
44,2085,0,0,0,NA
44,2090,0,0,0,NA
44,2095,0,0,0,NA
48,2010,0,0,0,NA
48,2015,0,0,0,NA
48,2020,0,0,0,NA
48,2025,0,0,0,NA
48,2030,0,0,0,NA
48,2035,0,0,0,NA
48,2040,0,0,0,NA
48,2045,0,0,0,NA
48,2050,0,0,0,NA
48,2055,0,0,0,NA
48,2060,0,0,0,NA
48,2065,0,0,0,NA
48,2070,0,0,0,NA
48,2075,0,0,0,NA
48,2080,0,0,0,NA
48,2085,0,0,0,NA
48,2090,0,0,0,NA
48,2095,0,0,0,NA
50,2010,0,0,0,NA
50,2015,0,0,0,NA
50,2020,0,0,0,NA
50,2025,0,0,0,NA
50,2030,0,0,0,NA
50,2035,0,0,0,NA
50,2040,0,0,0,NA
50,2045,0,0,0,NA
50,2050,0,0,0,NA
50,2055,0,0,0,NA
50,2060,0,0,0,NA
50,2065,0,0,0,NA
50,2070,0,0,0,NA
50,2075,0,0,0,NA
50,2080,0,0,0,NA
50,2085,0,0,0,NA
50,2090,0,0,0,NA
50,2095,0,0,0,NA
51,2010,0,0,0,NA
51,2015,0,0,0,NA
51,2020,0,0,0,NA
51,2025,0,0,0,NA
51,2030,0,0,0,NA
51,2035,0,0,0,NA
51,2040,0,0,0,NA
51,2045,0,0,0,NA
51,2050,0,0,0,NA
51,2055,0,0,0,NA
51,2060,0,0,0,NA
51,2065,0,0,0,NA
51,2070,0,0,0,NA
51,2075,0,0,0,NA
51,2080,0,0,0,NA
51,2085,0,0,0,NA
51,2090,0,0,0,NA
51,2095,0,0,0,NA
52,2010,0,0,0,NA
52,2015,0,0,0,NA
52,2020,0,0,0,NA
52,2025,0,0,0,NA
52,2030,0,0,0,NA
52,2035,0,0,0,NA
52,2040,0,0,0,NA
52,2045,0,0,0,NA
52,2050,0,0,0,NA
52,2055,0,0,0,NA
52,2060,0,0,0,NA
52,2065,0,0,0,NA
52,2070,0,0,0,NA
52,2075,0,0,0,NA
52,2080,0,0,0,NA
52,2085,0,0,0,NA
52,2090,0,0,0,NA
52,2095,0,0,0,NA
56,2010,0,0,0,NA
56,2015,0,0,0,NA
56,2020,0,0,0,NA
56,2025,0,0,0,NA
56,2030,0,0,0,NA
56,2035,0,0,0,NA
56,2040,0,0,0,NA
56,2045,0,0,0,NA
56,2050,0,0,0,NA
56,2055,0,0,0,NA
56,2060,0,0,0,NA
56,2065,0,0,0,NA
56,2070,0,0,0,NA
56,2075,0,0,0,NA
56,2080,0,0,0,NA
56,2085,0,0,0,NA
56,2090,0,0,0,NA
56,2095,0,0,0,NA
64,2010,0,0,0,NA
64,2015,0,0,0,NA
64,2020,0,0,0,NA
64,2025,0,0,0,NA
64,2030,0,0,0,NA
64,2035,0,0,0,NA
64,2040,0,0,0,NA
64,2045,0,0,0,NA
64,2050,0,0,0,NA
64,2055,0,0,0,NA
64,2060,0,0,0,NA
64,2065,0,0,0,NA
64,2070,0,0,0,NA
64,2075,0,0,0,NA
64,2080,0,0,0,NA
64,2085,0,0,0,NA
64,2090,0,0,0,NA
64,2095,0,0,0,NA
68,2010,0,0,0,NA
68,2015,0,0,0,NA
68,2020,0,0,0,NA
68,2025,0,0,0,NA
68,2030,0,0,0,NA
68,2035,0,0,0,NA
68,2040,0,0,0,NA
68,2045,0,0,0,NA
68,2050,0,0,0,NA
68,2055,0,0,0,NA
68,2060,0,0,0,NA
68,2065,0,0,0,NA
68,2070,0,0,0,NA
68,2075,0,0,0,NA
68,2080,0,0,0,NA
68,2085,0,0,0,NA
68,2090,0,0,0,NA
68,2095,0,0,0,NA
70,2010,0,0,0,NA
70,2015,0,0,0,NA
70,2020,0,0,0,NA
70,2025,0,0,0,NA
70,2030,0,0,0,NA
70,2035,0,0,0,NA
70,2040,0,0,0,NA
70,2045,0,0,0,NA
70,2050,0,0,0,NA
70,2055,0,0,0,NA
70,2060,0,0,0,NA
70,2065,0,0,0,NA
70,2070,0,0,0,NA
70,2075,0,0,0,NA
70,2080,0,0,0,NA
70,2085,0,0,0,NA
70,2090,0,0,0,NA
70,2095,0,0,0,NA
72,2010,0,0,0,NA
72,2015,0,0,0,NA
72,2020,0,0,0,NA
72,2025,0,0,0,NA
72,2030,0,0,0,NA
72,2035,0,0,0,NA
72,2040,0,0,0,NA
72,2045,0,0,0,NA
72,2050,0,0,0,NA
72,2055,0,0,0,NA
72,2060,0,0,0,NA
72,2065,0,0,0,NA
72,2070,0,0,0,NA
72,2075,0,0,0,NA
72,2080,0,0,0,NA
72,2085,0,0,0,NA
72,2090,0,0,0,NA
72,2095,0,0,0,NA
76,2010,0,0,0,NA
76,2015,0,0,0,NA
76,2020,0,0,0,NA
76,2025,0,0,0,NA
76,2030,0,0,0,NA
76,2035,0,0,0,NA
76,2040,0,0,0,NA
76,2045,0,0,0,NA
76,2050,0,0,0,NA
76,2055,0,0,0,NA
76,2060,0,0,0,NA
76,2065,0,0,0,NA
76,2070,0,0,0,NA
76,2075,0,0,0,NA
76,2080,0,0,0,NA
76,2085,0,0,0,NA
76,2090,0,0,0,NA
76,2095,0,0,0,NA
84,2010,0,0,0,NA
84,2015,0,0,0,NA
84,2020,0,0,0,NA
84,2025,0,0,0,NA
84,2030,0,0,0,NA
84,2035,0,0,0,NA
84,2040,0,0,0,NA
84,2045,0,0,0,NA
84,2050,0,0,0,NA
84,2055,0,0,0,NA
84,2060,0,0,0,NA
84,2065,0,0,0,NA
84,2070,0,0,0,NA
84,2075,0,0,0,NA
84,2080,0,0,0,NA
84,2085,0,0,0,NA
84,2090,0,0,0,NA
84,2095,0,0,0,NA
90,2010,0,0,0,NA
90,2015,0,0,0,NA
90,2020,0,0,0,NA
90,2025,0,0,0,NA
90,2030,0,0,0,NA
90,2035,0,0,0,NA
90,2040,0,0,0,NA
90,2045,0,0,0,NA
90,2050,0,0,0,NA
90,2055,0,0,0,NA
90,2060,0,0,0,NA
90,2065,0,0,0,NA
90,2070,0,0,0,NA
90,2075,0,0,0,NA
90,2080,0,0,0,NA
90,2085,0,0,0,NA
90,2090,0,0,0,NA
90,2095,0,0,0,NA
96,2010,0,0,0,NA
96,2015,0,0,0,NA
96,2020,0,0,0,NA
96,2025,0,0,0,NA
96,2030,0,0,0,NA
96,2035,0,0,0,NA
96,2040,0,0,0,NA
96,2045,0,0,0,NA
96,2050,0,0,0,NA
96,2055,0,0,0,NA
96,2060,0,0,0,NA
96,2065,0,0,0,NA
96,2070,0,0,0,NA
96,2075,0,0,0,NA
96,2080,0,0,0,NA
96,2085,0,0,0,NA
96,2090,0,0,0,NA
96,2095,0,0,0,NA
100,2010,0,0,0,NA
100,2015,0,0,0,NA
100,2020,0,0,0,NA
100,2025,0,0,0,NA
100,2030,0,0,0,NA
100,2035,0,0,0,NA
100,2040,0,0,0,NA
100,2045,0,0,0,NA
100,2050,0,0,0,NA
100,2055,0,0,0,NA
100,2060,0,0,0,NA
100,2065,0,0,0,NA
100,2070,0,0,0,NA
100,2075,0,0,0,NA
100,2080,0,0,0,NA
100,2085,0,0,0,NA
100,2090,0,0,0,NA
100,2095,0,0,0,NA
104,2010,0,0,0,NA
104,2015,0,0,0,NA
104,2020,0,0,0,NA
104,2025,0,0,0,NA
104,2030,0,0,0,NA
104,2035,0,0,0,NA
104,2040,0,0,0,NA
104,2045,0,0,0,NA
104,2050,0,0,0,NA
104,2055,0,0,0,NA
104,2060,0,0,0,NA
104,2065,0,0,0,NA
104,2070,0,0,0,NA
104,2075,0,0,0,NA
104,2080,0,0,0,NA
104,2085,0,0,0,NA
104,2090,0,0,0,NA
104,2095,0,0,0,NA
108,2010,0,0,0,NA
108,2015,0,0,0,NA
108,2020,0,0,0,NA
108,2025,0,0,0,NA
108,2030,0,0,0,NA
108,2035,0,0,0,NA
108,2040,0,0,0,NA
108,2045,0,0,0,NA
108,2050,0,0,0,NA
108,2055,0,0,0,NA
108,2060,0,0,0,NA
108,2065,0,0,0,NA
108,2070,0,0,0,NA
108,2075,0,0,0,NA
108,2080,0,0,0,NA
108,2085,0,0,0,NA
108,2090,0,0,0,NA
108,2095,0,0,0,NA
112,2010,0,0,0,NA
112,2015,0,0,0,NA
112,2020,0,0,0,NA
112,2025,0,0,0,NA
112,2030,0,0,0,NA
112,2035,0,0,0,NA
112,2040,0,0,0,NA
112,2045,0,0,0,NA
112,2050,0,0,0,NA
112,2055,0,0,0,NA
112,2060,0,0,0,NA
112,2065,0,0,0,NA
112,2070,0,0,0,NA
112,2075,0,0,0,NA
112,2080,0,0,0,NA
112,2085,0,0,0,NA
112,2090,0,0,0,NA
112,2095,0,0,0,NA
116,2010,0,0,0,NA
116,2015,0,0,0,NA
116,2020,0,0,0,NA
116,2025,0,0,0,NA
116,2030,0,0,0,NA
116,2035,0,0,0,NA
116,2040,0,0,0,NA
116,2045,0,0,0,NA
116,2050,0,0,0,NA
116,2055,0,0,0,NA
116,2060,0,0,0,NA
116,2065,0,0,0,NA
116,2070,0,0,0,NA
116,2075,0,0,0,NA
116,2080,0,0,0,NA
116,2085,0,0,0,NA
116,2090,0,0,0,NA
116,2095,0,0,0,NA
120,2010,0,0,0,NA
120,2015,0,0,0,NA
120,2020,0,0,0,NA
120,2025,0,0,0,NA
120,2030,0,0,0,NA
120,2035,0,0,0,NA
120,2040,0,0,0,NA
120,2045,0,0,0,NA
120,2050,0,0,0,NA
120,2055,0,0,0,NA
120,2060,0,0,0,NA
120,2065,0,0,0,NA
120,2070,0,0,0,NA
120,2075,0,0,0,NA
120,2080,0,0,0,NA
120,2085,0,0,0,NA
120,2090,0,0,0,NA
120,2095,0,0,0,NA
124,2010,0,0,0,NA
124,2015,0,0,0,NA
124,2020,0,0,0,NA
124,2025,0,0,0,NA
124,2030,0,0,0,NA
124,2035,0,0,0,NA
124,2040,0,0,0,NA
124,2045,0,0,0,NA
124,2050,0,0,0,NA
124,2055,0,0,0,NA
124,2060,0,0,0,NA
124,2065,0,0,0,NA
124,2070,0,0,0,NA
124,2075,0,0,0,NA
124,2080,0,0,0,NA
124,2085,0,0,0,NA
124,2090,0,0,0,NA
124,2095,0,0,0,NA
132,2010,0,0,0,NA
132,2015,0,0,0,NA
132,2020,0,0,0,NA
132,2025,0,0,0,NA
132,2030,0,0,0,NA
132,2035,0,0,0,NA
132,2040,0,0,0,NA
132,2045,0,0,0,NA
132,2050,0,0,0,NA
132,2055,0,0,0,NA
132,2060,0,0,0,NA
132,2065,0,0,0,NA
132,2070,0,0,0,NA
132,2075,0,0,0,NA
132,2080,0,0,0,NA
132,2085,0,0,0,NA
132,2090,0,0,0,NA
132,2095,0,0,0,NA
140,2010,0,0,0,NA
140,2015,0,0,0,NA
140,2020,0,0,0,NA
140,2025,0,0,0,NA
140,2030,0,0,0,NA
140,2035,0,0,0,NA
140,2040,0,0,0,NA
140,2045,0,0,0,NA
140,2050,0,0,0,NA
140,2055,0,0,0,NA
140,2060,0,0,0,NA
140,2065,0,0,0,NA
140,2070,0,0,0,NA
140,2075,0,0,0,NA
140,2080,0,0,0,NA
140,2085,0,0,0,NA
140,2090,0,0,0,NA
140,2095,0,0,0,NA
144,2010,0,0,0,NA
144,2015,0,0,0,NA
144,2020,0,0,0,NA
144,2025,0,0,0,NA
144,2030,0,0,0,NA
144,2035,0,0,0,NA
144,2040,0,0,0,NA
144,2045,0,0,0,NA
144,2050,0,0,0,NA
144,2055,0,0,0,NA
144,2060,0,0,0,NA
144,2065,0,0,0,NA
144,2070,0,0,0,NA
144,2075,0,0,0,NA
144,2080,0,0,0,NA
144,2085,0,0,0,NA
144,2090,0,0,0,NA
144,2095,0,0,0,NA
148,2010,0,0,0,NA
148,2015,0,0,0,NA
148,2020,0,0,0,NA
148,2025,0,0,0,NA
148,2030,0,0,0,NA
148,2035,0,0,0,NA
148,2040,0,0,0,NA
148,2045,0,0,0,NA
148,2050,0,0,0,NA
148,2055,0,0,0,NA
148,2060,0,0,0,NA
148,2065,0,0,0,NA
148,2070,0,0,0,NA
148,2075,0,0,0,NA
148,2080,0,0,0,NA
148,2085,0,0,0,NA
148,2090,0,0,0,NA
148,2095,0,0,0,NA
152,2010,0,0,0,NA
152,2015,0,0,0,NA
152,2020,0,0,0,NA
152,2025,0,0,0,NA
152,2030,0,0,0,NA
152,2035,0,0,0,NA
152,2040,0,0,0,NA
152,2045,0,0,0,NA
152,2050,0,0,0,NA
152,2055,0,0,0,NA
152,2060,0,0,0,NA
152,2065,0,0,0,NA
152,2070,0,0,0,NA
152,2075,0,0,0,NA
152,2080,0,0,0,NA
152,2085,0,0,0,NA
152,2090,0,0,0,NA
152,2095,0,0,0,NA
156,2010,0,0,0,NA
156,2015,0,0,0,NA
156,2020,0,0,0,NA
156,2025,0,0,0,NA
156,2030,0,0,0,NA
156,2035,0,0,0,NA
156,2040,0,0,0,NA
156,2045,0,0,0,NA
156,2050,0,0,0,NA
156,2055,0,0,0,NA
156,2060,0,0,0,NA
156,2065,0,0,0,NA
156,2070,0,0,0,NA
156,2075,0,0,0,NA
156,2080,0,0,0,NA
156,2085,0,0,0,NA
156,2090,0,0,0,NA
156,2095,0,0,0,NA
170,2010,0,0,0,NA
170,2015,0,0,0,NA
170,2020,0,0,0,NA
170,2025,0,0,0,NA
170,2030,0,0,0,NA
170,2035,0,0,0,NA
170,2040,0,0,0,NA
170,2045,0,0,0,NA
170,2050,0,0,0,NA
170,2055,0,0,0,NA
170,2060,0,0,0,NA
170,2065,0,0,0,NA
170,2070,0,0,0,NA
170,2075,0,0,0,NA
170,2080,0,0,0,NA
170,2085,0,0,0,NA
170,2090,0,0,0,NA
170,2095,0,0,0,NA
174,2010,0,0,0,NA
174,2015,0,0,0,NA
174,2020,0,0,0,NA
174,2025,0,0,0,NA
174,2030,0,0,0,NA
174,2035,0,0,0,NA
174,2040,0,0,0,NA
174,2045,0,0,0,NA
174,2050,0,0,0,NA
174,2055,0,0,0,NA
174,2060,0,0,0,NA
174,2065,0,0,0,NA
174,2070,0,0,0,NA
174,2075,0,0,0,NA
174,2080,0,0,0,NA
174,2085,0,0,0,NA
174,2090,0,0,0,NA
174,2095,0,0,0,NA
175,2010,0,0,0,NA
175,2015,0,0,0,NA
175,2020,0,0,0,NA
175,2025,0,0,0,NA
175,2030,0,0,0,NA
175,2035,0,0,0,NA
175,2040,0,0,0,NA
175,2045,0,0,0,NA
175,2050,0,0,0,NA
175,2055,0,0,0,NA
175,2060,0,0,0,NA
175,2065,0,0,0,NA
175,2070,0,0,0,NA
175,2075,0,0,0,NA
175,2080,0,0,0,NA
175,2085,0,0,0,NA
175,2090,0,0,0,NA
175,2095,0,0,0,NA
178,2010,0,0,0,NA
178,2015,0,0,0,NA
178,2020,0,0,0,NA
178,2025,0,0,0,NA
178,2030,0,0,0,NA
178,2035,0,0,0,NA
178,2040,0,0,0,NA
178,2045,0,0,0,NA
178,2050,0,0,0,NA
178,2055,0,0,0,NA
178,2060,0,0,0,NA
178,2065,0,0,0,NA
178,2070,0,0,0,NA
178,2075,0,0,0,NA
178,2080,0,0,0,NA
178,2085,0,0,0,NA
178,2090,0,0,0,NA
178,2095,0,0,0,NA
180,2010,0,0,0,NA
180,2015,0,0,0,NA
180,2020,0,0,0,NA
180,2025,0,0,0,NA
180,2030,0,0,0,NA
180,2035,0,0,0,NA
180,2040,0,0,0,NA
180,2045,0,0,0,NA
180,2050,0,0,0,NA
180,2055,0,0,0,NA
180,2060,0,0,0,NA
180,2065,0,0,0,NA
180,2070,0,0,0,NA
180,2075,0,0,0,NA
180,2080,0,0,0,NA
180,2085,0,0,0,NA
180,2090,0,0,0,NA
180,2095,0,0,0,NA
188,2010,0,0,0,NA
188,2015,0,0,0,NA
188,2020,0,0,0,NA
188,2025,0,0,0,NA
188,2030,0,0,0,NA
188,2035,0,0,0,NA
188,2040,0,0,0,NA
188,2045,0,0,0,NA
188,2050,0,0,0,NA
188,2055,0,0,0,NA
188,2060,0,0,0,NA
188,2065,0,0,0,NA
188,2070,0,0,0,NA
188,2075,0,0,0,NA
188,2080,0,0,0,NA
188,2085,0,0,0,NA
188,2090,0,0,0,NA
188,2095,0,0,0,NA
191,2010,0,0,0,NA
191,2015,0,0,0,NA
191,2020,0,0,0,NA
191,2025,0,0,0,NA
191,2030,0,0,0,NA
191,2035,0,0,0,NA
191,2040,0,0,0,NA
191,2045,0,0,0,NA
191,2050,0,0,0,NA
191,2055,0,0,0,NA
191,2060,0,0,0,NA
191,2065,0,0,0,NA
191,2070,0,0,0,NA
191,2075,0,0,0,NA
191,2080,0,0,0,NA
191,2085,0,0,0,NA
191,2090,0,0,0,NA
191,2095,0,0,0,NA
192,2010,0,0,0,NA
192,2015,0,0,0,NA
192,2020,0,0,0,NA
192,2025,0,0,0,NA
192,2030,0,0,0,NA
192,2035,0,0,0,NA
192,2040,0,0,0,NA
192,2045,0,0,0,NA
192,2050,0,0,0,NA
192,2055,0,0,0,NA
192,2060,0,0,0,NA
192,2065,0,0,0,NA
192,2070,0,0,0,NA
192,2075,0,0,0,NA
192,2080,0,0,0,NA
192,2085,0,0,0,NA
192,2090,0,0,0,NA
192,2095,0,0,0,NA
196,2010,0,0,0,NA
196,2015,0,0,0,NA
196,2020,0,0,0,NA
196,2025,0,0,0,NA
196,2030,0,0,0,NA
196,2035,0,0,0,NA
196,2040,0,0,0,NA
196,2045,0,0,0,NA
196,2050,0,0,0,NA
196,2055,0,0,0,NA
196,2060,0,0,0,NA
196,2065,0,0,0,NA
196,2070,0,0,0,NA
196,2075,0,0,0,NA
196,2080,0,0,0,NA
196,2085,0,0,0,NA
196,2090,0,0,0,NA
196,2095,0,0,0,NA
203,2010,0,0,0,NA
203,2015,0,0,0,NA
203,2020,0,0,0,NA
203,2025,0,0,0,NA
203,2030,0,0,0,NA
203,2035,0,0,0,NA
203,2040,0,0,0,NA
203,2045,0,0,0,NA
203,2050,0,0,0,NA
203,2055,0,0,0,NA
203,2060,0,0,0,NA
203,2065,0,0,0,NA
203,2070,0,0,0,NA
203,2075,0,0,0,NA
203,2080,0,0,0,NA
203,2085,0,0,0,NA
203,2090,0,0,0,NA
203,2095,0,0,0,NA
204,2010,0,0,0,NA
204,2015,0,0,0,NA
204,2020,0,0,0,NA
204,2025,0,0,0,NA
204,2030,0,0,0,NA
204,2035,0,0,0,NA
204,2040,0,0,0,NA
204,2045,0,0,0,NA
204,2050,0,0,0,NA
204,2055,0,0,0,NA
204,2060,0,0,0,NA
204,2065,0,0,0,NA
204,2070,0,0,0,NA
204,2075,0,0,0,NA
204,2080,0,0,0,NA
204,2085,0,0,0,NA
204,2090,0,0,0,NA
204,2095,0,0,0,NA
208,2010,0,0,0,NA
208,2015,0,0,0,NA
208,2020,0,0,0,NA
208,2025,0,0,0,NA
208,2030,0,0,0,NA
208,2035,0,0,0,NA
208,2040,0,0,0,NA
208,2045,0,0,0,NA
208,2050,0,0,0,NA
208,2055,0,0,0,NA
208,2060,0,0,0,NA
208,2065,0,0,0,NA
208,2070,0,0,0,NA
208,2075,0,0,0,NA
208,2080,0,0,0,NA
208,2085,0,0,0,NA
208,2090,0,0,0,NA
208,2095,0,0,0,NA
214,2010,0,0,0,NA
214,2015,0,0,0,NA
214,2020,0,0,0,NA
214,2025,0,0,0,NA
214,2030,0,0,0,NA
214,2035,0,0,0,NA
214,2040,0,0,0,NA
214,2045,0,0,0,NA
214,2050,0,0,0,NA
214,2055,0,0,0,NA
214,2060,0,0,0,NA
214,2065,0,0,0,NA
214,2070,0,0,0,NA
214,2075,0,0,0,NA
214,2080,0,0,0,NA
214,2085,0,0,0,NA
214,2090,0,0,0,NA
214,2095,0,0,0,NA
218,2010,0,0,0,NA
218,2015,0,0,0,NA
218,2020,0,0,0,NA
218,2025,0,0,0,NA
218,2030,0,0,0,NA
218,2035,0,0,0,NA
218,2040,0,0,0,NA
218,2045,0,0,0,NA
218,2050,0,0,0,NA
218,2055,0,0,0,NA
218,2060,0,0,0,NA
218,2065,0,0,0,NA
218,2070,0,0,0,NA
218,2075,0,0,0,NA
218,2080,0,0,0,NA
218,2085,0,0,0,NA
218,2090,0,0,0,NA
218,2095,0,0,0,NA
222,2010,0,0,0,NA
222,2015,0,0,0,NA
222,2020,0,0,0,NA
222,2025,0,0,0,NA
222,2030,0,0,0,NA
222,2035,0,0,0,NA
222,2040,0,0,0,NA
222,2045,0,0,0,NA
222,2050,0,0,0,NA
222,2055,0,0,0,NA
222,2060,0,0,0,NA
222,2065,0,0,0,NA
222,2070,0,0,0,NA
222,2075,0,0,0,NA
222,2080,0,0,0,NA
222,2085,0,0,0,NA
222,2090,0,0,0,NA
222,2095,0,0,0,NA
226,2010,0,0,0,NA
226,2015,0,0,0,NA
226,2020,0,0,0,NA
226,2025,0,0,0,NA
226,2030,0,0,0,NA
226,2035,0,0,0,NA
226,2040,0,0,0,NA
226,2045,0,0,0,NA
226,2050,0,0,0,NA
226,2055,0,0,0,NA
226,2060,0,0,0,NA
226,2065,0,0,0,NA
226,2070,0,0,0,NA
226,2075,0,0,0,NA
226,2080,0,0,0,NA
226,2085,0,0,0,NA
226,2090,0,0,0,NA
226,2095,0,0,0,NA
231,2010,0,0,0,NA
231,2015,0,0,0,NA
231,2020,0,0,0,NA
231,2025,0,0,0,NA
231,2030,0,0,0,NA
231,2035,0,0,0,NA
231,2040,0,0,0,NA
231,2045,0,0,0,NA
231,2050,0,0,0,NA
231,2055,0,0,0,NA
231,2060,0,0,0,NA
231,2065,0,0,0,NA
231,2070,0,0,0,NA
231,2075,0,0,0,NA
231,2080,0,0,0,NA
231,2085,0,0,0,NA
231,2090,0,0,0,NA
231,2095,0,0,0,NA
232,2010,0,0,0,NA
232,2015,0,0,0,NA
232,2020,0,0,0,NA
232,2025,0,0,0,NA
232,2030,0,0,0,NA
232,2035,0,0,0,NA
232,2040,0,0,0,NA
232,2045,0,0,0,NA
232,2050,0,0,0,NA
232,2055,0,0,0,NA
232,2060,0,0,0,NA
232,2065,0,0,0,NA
232,2070,0,0,0,NA
232,2075,0,0,0,NA
232,2080,0,0,0,NA
232,2085,0,0,0,NA
232,2090,0,0,0,NA
232,2095,0,0,0,NA
233,2010,0,0,0,NA
233,2015,0,0,0,NA
233,2020,0,0,0,NA
233,2025,0,0,0,NA
233,2030,0,0,0,NA
233,2035,0,0,0,NA
233,2040,0,0,0,NA
233,2045,0,0,0,NA
233,2050,0,0,0,NA
233,2055,0,0,0,NA
233,2060,0,0,0,NA
233,2065,0,0,0,NA
233,2070,0,0,0,NA
233,2075,0,0,0,NA
233,2080,0,0,0,NA
233,2085,0,0,0,NA
233,2090,0,0,0,NA
233,2095,0,0,0,NA
242,2010,0,0,0,NA
242,2015,0,0,0,NA
242,2020,0,0,0,NA
242,2025,0,0,0,NA
242,2030,0,0,0,NA
242,2035,0,0,0,NA
242,2040,0,0,0,NA
242,2045,0,0,0,NA
242,2050,0,0,0,NA
242,2055,0,0,0,NA
242,2060,0,0,0,NA
242,2065,0,0,0,NA
242,2070,0,0,0,NA
242,2075,0,0,0,NA
242,2080,0,0,0,NA
242,2085,0,0,0,NA
242,2090,0,0,0,NA
242,2095,0,0,0,NA
246,2010,0,0,0,NA
246,2015,0,0,0,NA
246,2020,0,0,0,NA
246,2025,0,0,0,NA
246,2030,0,0,0,NA
246,2035,0,0,0,NA
246,2040,0,0,0,NA
246,2045,0,0,0,NA
246,2050,0,0,0,NA
246,2055,0,0,0,NA
246,2060,0,0,0,NA
246,2065,0,0,0,NA
246,2070,0,0,0,NA
246,2075,0,0,0,NA
246,2080,0,0,0,NA
246,2085,0,0,0,NA
246,2090,0,0,0,NA
246,2095,0,0,0,NA
250,2010,0,0,0,NA
250,2015,0,0,0,NA
250,2020,0,0,0,NA
250,2025,0,0,0,NA
250,2030,0,0,0,NA
250,2035,0,0,0,NA
250,2040,0,0,0,NA
250,2045,0,0,0,NA
250,2050,0,0,0,NA
250,2055,0,0,0,NA
250,2060,0,0,0,NA
250,2065,0,0,0,NA
250,2070,0,0,0,NA
250,2075,0,0,0,NA
250,2080,0,0,0,NA
250,2085,0,0,0,NA
250,2090,0,0,0,NA
250,2095,0,0,0,NA
254,2010,0,0,0,NA
254,2015,0,0,0,NA
254,2020,0,0,0,NA
254,2025,0,0,0,NA
254,2030,0,0,0,NA
254,2035,0,0,0,NA
254,2040,0,0,0,NA
254,2045,0,0,0,NA
254,2050,0,0,0,NA
254,2055,0,0,0,NA
254,2060,0,0,0,NA
254,2065,0,0,0,NA
254,2070,0,0,0,NA
254,2075,0,0,0,NA
254,2080,0,0,0,NA
254,2085,0,0,0,NA
254,2090,0,0,0,NA
254,2095,0,0,0,NA
258,2010,0,0,0,NA
258,2015,0,0,0,NA
258,2020,0,0,0,NA
258,2025,0,0,0,NA
258,2030,0,0,0,NA
258,2035,0,0,0,NA
258,2040,0,0,0,NA
258,2045,0,0,0,NA
258,2050,0,0,0,NA
258,2055,0,0,0,NA
258,2060,0,0,0,NA
258,2065,0,0,0,NA
258,2070,0,0,0,NA
258,2075,0,0,0,NA
258,2080,0,0,0,NA
258,2085,0,0,0,NA
258,2090,0,0,0,NA
258,2095,0,0,0,NA
262,2010,0,0,0,NA
262,2015,0,0,0,NA
262,2020,0,0,0,NA
262,2025,0,0,0,NA
262,2030,0,0,0,NA
262,2035,0,0,0,NA
262,2040,0,0,0,NA
262,2045,0,0,0,NA
262,2050,0,0,0,NA
262,2055,0,0,0,NA
262,2060,0,0,0,NA
262,2065,0,0,0,NA
262,2070,0,0,0,NA
262,2075,0,0,0,NA
262,2080,0,0,0,NA
262,2085,0,0,0,NA
262,2090,0,0,0,NA
262,2095,0,0,0,NA
266,2010,0,0,0,NA
266,2015,0,0,0,NA
266,2020,0,0,0,NA
266,2025,0,0,0,NA
266,2030,0,0,0,NA
266,2035,0,0,0,NA
266,2040,0,0,0,NA
266,2045,0,0,0,NA
266,2050,0,0,0,NA
266,2055,0,0,0,NA
266,2060,0,0,0,NA
266,2065,0,0,0,NA
266,2070,0,0,0,NA
266,2075,0,0,0,NA
266,2080,0,0,0,NA
266,2085,0,0,0,NA
266,2090,0,0,0,NA
266,2095,0,0,0,NA
268,2010,0,0,0,NA
268,2015,0,0,0,NA
268,2020,0,0,0,NA
268,2025,0,0,0,NA
268,2030,0,0,0,NA
268,2035,0,0,0,NA
268,2040,0,0,0,NA
268,2045,0,0,0,NA
268,2050,0,0,0,NA
268,2055,0,0,0,NA
268,2060,0,0,0,NA
268,2065,0,0,0,NA
268,2070,0,0,0,NA
268,2075,0,0,0,NA
268,2080,0,0,0,NA
268,2085,0,0,0,NA
268,2090,0,0,0,NA
268,2095,0,0,0,NA
270,2010,0,0,0,NA
270,2015,0,0,0,NA
270,2020,0,0,0,NA
270,2025,0,0,0,NA
270,2030,0,0,0,NA
270,2035,0,0,0,NA
270,2040,0,0,0,NA
270,2045,0,0,0,NA
270,2050,0,0,0,NA
270,2055,0,0,0,NA
270,2060,0,0,0,NA
270,2065,0,0,0,NA
270,2070,0,0,0,NA
270,2075,0,0,0,NA
270,2080,0,0,0,NA
270,2085,0,0,0,NA
270,2090,0,0,0,NA
270,2095,0,0,0,NA
275,2010,0,0,0,NA
275,2015,0,0,0,NA
275,2020,0,0,0,NA
275,2025,0,0,0,NA
275,2030,0,0,0,NA
275,2035,0,0,0,NA
275,2040,0,0,0,NA
275,2045,0,0,0,NA
275,2050,0,0,0,NA
275,2055,0,0,0,NA
275,2060,0,0,0,NA
275,2065,0,0,0,NA
275,2070,0,0,0,NA
275,2075,0,0,0,NA
275,2080,0,0,0,NA
275,2085,0,0,0,NA
275,2090,0,0,0,NA
275,2095,0,0,0,NA
276,2010,0,0,0,NA
276,2015,0,0,0,NA
276,2020,0,0,0,NA
276,2025,0,0,0,NA
276,2030,0,0,0,NA
276,2035,0,0,0,NA
276,2040,0,0,0,NA
276,2045,0,0,0,NA
276,2050,0,0,0,NA
276,2055,0,0,0,NA
276,2060,0,0,0,NA
276,2065,0,0,0,NA
276,2070,0,0,0,NA
276,2075,0,0,0,NA
276,2080,0,0,0,NA
276,2085,0,0,0,NA
276,2090,0,0,0,NA
276,2095,0,0,0,NA
288,2010,0,0,0,NA
288,2015,0,0,0,NA
288,2020,0,0,0,NA
288,2025,0,0,0,NA
288,2030,0,0,0,NA
288,2035,0,0,0,NA
288,2040,0,0,0,NA
288,2045,0,0,0,NA
288,2050,0,0,0,NA
288,2055,0,0,0,NA
288,2060,0,0,0,NA
288,2065,0,0,0,NA
288,2070,0,0,0,NA
288,2075,0,0,0,NA
288,2080,0,0,0,NA
288,2085,0,0,0,NA
288,2090,0,0,0,NA
288,2095,0,0,0,NA
300,2010,0,0,0,NA
300,2015,0,0,0,NA
300,2020,0,0,0,NA
300,2025,0,0,0,NA
300,2030,0,0,0,NA
300,2035,0,0,0,NA
300,2040,0,0,0,NA
300,2045,0,0,0,NA
300,2050,0,0,0,NA
300,2055,0,0,0,NA
300,2060,0,0,0,NA
300,2065,0,0,0,NA
300,2070,0,0,0,NA
300,2075,0,0,0,NA
300,2080,0,0,0,NA
300,2085,0,0,0,NA
300,2090,0,0,0,NA
300,2095,0,0,0,NA
308,2010,0,0,0,NA
308,2015,0,0,0,NA
308,2020,0,0,0,NA
308,2025,0,0,0,NA
308,2030,0,0,0,NA
308,2035,0,0,0,NA
308,2040,0,0,0,NA
308,2045,0,0,0,NA
308,2050,0,0,0,NA
308,2055,0,0,0,NA
308,2060,0,0,0,NA
308,2065,0,0,0,NA
308,2070,0,0,0,NA
308,2075,0,0,0,NA
308,2080,0,0,0,NA
308,2085,0,0,0,NA
308,2090,0,0,0,NA
308,2095,0,0,0,NA
312,2010,0,0,0,NA
312,2015,0,0,0,NA
312,2020,0,0,0,NA
312,2025,0,0,0,NA
312,2030,0,0,0,NA
312,2035,0,0,0,NA
312,2040,0,0,0,NA
312,2045,0,0,0,NA
312,2050,0,0,0,NA
312,2055,0,0,0,NA
312,2060,0,0,0,NA
312,2065,0,0,0,NA
312,2070,0,0,0,NA
312,2075,0,0,0,NA
312,2080,0,0,0,NA
312,2085,0,0,0,NA
312,2090,0,0,0,NA
312,2095,0,0,0,NA
316,2010,0,0,0,NA
316,2015,0,0,0,NA
316,2020,0,0,0,NA
316,2025,0,0,0,NA
316,2030,0,0,0,NA
316,2035,0,0,0,NA
316,2040,0,0,0,NA
316,2045,0,0,0,NA
316,2050,0,0,0,NA
316,2055,0,0,0,NA
316,2060,0,0,0,NA
316,2065,0,0,0,NA
316,2070,0,0,0,NA
316,2075,0,0,0,NA
316,2080,0,0,0,NA
316,2085,0,0,0,NA
316,2090,0,0,0,NA
316,2095,0,0,0,NA
320,2010,0,0,0,NA
320,2015,0,0,0,NA
320,2020,0,0,0,NA
320,2025,0,0,0,NA
320,2030,0,0,0,NA
320,2035,0,0,0,NA
320,2040,0,0,0,NA
320,2045,0,0,0,NA
320,2050,0,0,0,NA
320,2055,0,0,0,NA
320,2060,0,0,0,NA
320,2065,0,0,0,NA
320,2070,0,0,0,NA
320,2075,0,0,0,NA
320,2080,0,0,0,NA
320,2085,0,0,0,NA
320,2090,0,0,0,NA
320,2095,0,0,0,NA
324,2010,0,0,0,NA
324,2015,0,0,0,NA
324,2020,0,0,0,NA
324,2025,0,0,0,NA
324,2030,0,0,0,NA
324,2035,0,0,0,NA
324,2040,0,0,0,NA
324,2045,0,0,0,NA
324,2050,0,0,0,NA
324,2055,0,0,0,NA
324,2060,0,0,0,NA
324,2065,0,0,0,NA
324,2070,0,0,0,NA
324,2075,0,0,0,NA
324,2080,0,0,0,NA
324,2085,0,0,0,NA
324,2090,0,0,0,NA
324,2095,0,0,0,NA
328,2010,0,0,0,NA
328,2015,0,0,0,NA
328,2020,0,0,0,NA
328,2025,0,0,0,NA
328,2030,0,0,0,NA
328,2035,0,0,0,NA
328,2040,0,0,0,NA
328,2045,0,0,0,NA
328,2050,0,0,0,NA
328,2055,0,0,0,NA
328,2060,0,0,0,NA
328,2065,0,0,0,NA
328,2070,0,0,0,NA
328,2075,0,0,0,NA
328,2080,0,0,0,NA
328,2085,0,0,0,NA
328,2090,0,0,0,NA
328,2095,0,0,0,NA
332,2010,0,0,0,NA
332,2015,0,0,0,NA
332,2020,0,0,0,NA
332,2025,0,0,0,NA
332,2030,0,0,0,NA
332,2035,0,0,0,NA
332,2040,0,0,0,NA
332,2045,0,0,0,NA
332,2050,0,0,0,NA
332,2055,0,0,0,NA
332,2060,0,0,0,NA
332,2065,0,0,0,NA
332,2070,0,0,0,NA
332,2075,0,0,0,NA
332,2080,0,0,0,NA
332,2085,0,0,0,NA
332,2090,0,0,0,NA
332,2095,0,0,0,NA
340,2010,0,0,0,NA
340,2015,0,0,0,NA
340,2020,0,0,0,NA
340,2025,0,0,0,NA
340,2030,0,0,0,NA
340,2035,0,0,0,NA
340,2040,0,0,0,NA
340,2045,0,0,0,NA
340,2050,0,0,0,NA
340,2055,0,0,0,NA
340,2060,0,0,0,NA
340,2065,0,0,0,NA
340,2070,0,0,0,NA
340,2075,0,0,0,NA
340,2080,0,0,0,NA
340,2085,0,0,0,NA
340,2090,0,0,0,NA
340,2095,0,0,0,NA
344,2010,0,0,0,NA
344,2015,0,0,0,NA
344,2020,0,0,0,NA
344,2025,0,0,0,NA
344,2030,0,0,0,NA
344,2035,0,0,0,NA
344,2040,0,0,0,NA
344,2045,0,0,0,NA
344,2050,0,0,0,NA
344,2055,0,0,0,NA
344,2060,0,0,0,NA
344,2065,0,0,0,NA
344,2070,0,0,0,NA
344,2075,0,0,0,NA
344,2080,0,0,0,NA
344,2085,0,0,0,NA
344,2090,0,0,0,NA
344,2095,0,0,0,NA
348,2010,0,0,0,NA
348,2015,0,0,0,NA
348,2020,0,0,0,NA
348,2025,0,0,0,NA
348,2030,0,0,0,NA
348,2035,0,0,0,NA
348,2040,0,0,0,NA
348,2045,0,0,0,NA
348,2050,0,0,0,NA
348,2055,0,0,0,NA
348,2060,0,0,0,NA
348,2065,0,0,0,NA
348,2070,0,0,0,NA
348,2075,0,0,0,NA
348,2080,0,0,0,NA
348,2085,0,0,0,NA
348,2090,0,0,0,NA
348,2095,0,0,0,NA
352,2010,0,0,0,NA
352,2015,0,0,0,NA
352,2020,0,0,0,NA
352,2025,0,0,0,NA
352,2030,0,0,0,NA
352,2035,0,0,0,NA
352,2040,0,0,0,NA
352,2045,0,0,0,NA
352,2050,0,0,0,NA
352,2055,0,0,0,NA
352,2060,0,0,0,NA
352,2065,0,0,0,NA
352,2070,0,0,0,NA
352,2075,0,0,0,NA
352,2080,0,0,0,NA
352,2085,0,0,0,NA
352,2090,0,0,0,NA
352,2095,0,0,0,NA
356,2010,0,0,0,NA
356,2015,0,0,0,NA
356,2020,0,0,0,NA
356,2025,0,0,0,NA
356,2030,0,0,0,NA
356,2035,0,0,0,NA
356,2040,0,0,0,NA
356,2045,0,0,0,NA
356,2050,0,0,0,NA
356,2055,0,0,0,NA
356,2060,0,0,0,NA
356,2065,0,0,0,NA
356,2070,0,0,0,NA
356,2075,0,0,0,NA
356,2080,0,0,0,NA
356,2085,0,0,0,NA
356,2090,0,0,0,NA
356,2095,0,0,0,NA
360,2010,0,0,0,NA
360,2015,0,0,0,NA
360,2020,0,0,0,NA
360,2025,0,0,0,NA
360,2030,0,0,0,NA
360,2035,0,0,0,NA
360,2040,0,0,0,NA
360,2045,0,0,0,NA
360,2050,0,0,0,NA
360,2055,0,0,0,NA
360,2060,0,0,0,NA
360,2065,0,0,0,NA
360,2070,0,0,0,NA
360,2075,0,0,0,NA
360,2080,0,0,0,NA
360,2085,0,0,0,NA
360,2090,0,0,0,NA
360,2095,0,0,0,NA
364,2010,0,0,0,NA
364,2015,0,0,0,NA
364,2020,0,0,0,NA
364,2025,0,0,0,NA
364,2030,0,0,0,NA
364,2035,0,0,0,NA
364,2040,0,0,0,NA
364,2045,0,0,0,NA
364,2050,0,0,0,NA
364,2055,0,0,0,NA
364,2060,0,0,0,NA
364,2065,0,0,0,NA
364,2070,0,0,0,NA
364,2075,0,0,0,NA
364,2080,0,0,0,NA
364,2085,0,0,0,NA
364,2090,0,0,0,NA
364,2095,0,0,0,NA
368,2010,0,0,0,NA
368,2015,0,0,0,NA
368,2020,0,0,0,NA
368,2025,0,0,0,NA
368,2030,0,0,0,NA
368,2035,0,0,0,NA
368,2040,0,0,0,NA
368,2045,0,0,0,NA
368,2050,0,0,0,NA
368,2055,0,0,0,NA
368,2060,0,0,0,NA
368,2065,0,0,0,NA
368,2070,0,0,0,NA
368,2075,0,0,0,NA
368,2080,0,0,0,NA
368,2085,0,0,0,NA
368,2090,0,0,0,NA
368,2095,0,0,0,NA
372,2010,0,0,0,NA
372,2015,0,0,0,NA
372,2020,0,0,0,NA
372,2025,0,0,0,NA
372,2030,0,0,0,NA
372,2035,0,0,0,NA
372,2040,0,0,0,NA
372,2045,0,0,0,NA
372,2050,0,0,0,NA
372,2055,0,0,0,NA
372,2060,0,0,0,NA
372,2065,0,0,0,NA
372,2070,0,0,0,NA
372,2075,0,0,0,NA
372,2080,0,0,0,NA
372,2085,0,0,0,NA
372,2090,0,0,0,NA
372,2095,0,0,0,NA
376,2010,0,0,0,NA
376,2015,0,0,0,NA
376,2020,0,0,0,NA
376,2025,0,0,0,NA
376,2030,0,0,0,NA
376,2035,0,0,0,NA
376,2040,0,0,0,NA
376,2045,0,0,0,NA
376,2050,0,0,0,NA
376,2055,0,0,0,NA
376,2060,0,0,0,NA
376,2065,0,0,0,NA
376,2070,0,0,0,NA
376,2075,0,0,0,NA
376,2080,0,0,0,NA
376,2085,0,0,0,NA
376,2090,0,0,0,NA
376,2095,0,0,0,NA
380,2010,0,0,0,NA
380,2015,0,0,0,NA
380,2020,0,0,0,NA
380,2025,0,0,0,NA
380,2030,0,0,0,NA
380,2035,0,0,0,NA
380,2040,0,0,0,NA
380,2045,0,0,0,NA
380,2050,0,0,0,NA
380,2055,0,0,0,NA
380,2060,0,0,0,NA
380,2065,0,0,0,NA
380,2070,0,0,0,NA
380,2075,0,0,0,NA
380,2080,0,0,0,NA
380,2085,0,0,0,NA
380,2090,0,0,0,NA
380,2095,0,0,0,NA
384,2010,0,0,0,NA
384,2015,0,0,0,NA
384,2020,0,0,0,NA
384,2025,0,0,0,NA
384,2030,0,0,0,NA
384,2035,0,0,0,NA
384,2040,0,0,0,NA
384,2045,0,0,0,NA
384,2050,0,0,0,NA
384,2055,0,0,0,NA
384,2060,0,0,0,NA
384,2065,0,0,0,NA
384,2070,0,0,0,NA
384,2075,0,0,0,NA
384,2080,0,0,0,NA
384,2085,0,0,0,NA
384,2090,0,0,0,NA
384,2095,0,0,0,NA
388,2010,0,0,0,NA
388,2015,0,0,0,NA
388,2020,0,0,0,NA
388,2025,0,0,0,NA
388,2030,0,0,0,NA
388,2035,0,0,0,NA
388,2040,0,0,0,NA
388,2045,0,0,0,NA
388,2050,0,0,0,NA
388,2055,0,0,0,NA
388,2060,0,0,0,NA
388,2065,0,0,0,NA
388,2070,0,0,0,NA
388,2075,0,0,0,NA
388,2080,0,0,0,NA
388,2085,0,0,0,NA
388,2090,0,0,0,NA
388,2095,0,0,0,NA
392,2010,0,0,0,NA
392,2015,0,0,0,NA
392,2020,0,0,0,NA
392,2025,0,0,0,NA
392,2030,0,0,0,NA
392,2035,0,0,0,NA
392,2040,0,0,0,NA
392,2045,0,0,0,NA
392,2050,0,0,0,NA
392,2055,0,0,0,NA
392,2060,0,0,0,NA
392,2065,0,0,0,NA
392,2070,0,0,0,NA
392,2075,0,0,0,NA
392,2080,0,0,0,NA
392,2085,0,0,0,NA
392,2090,0,0,0,NA
392,2095,0,0,0,NA
398,2010,0,0,0,NA
398,2015,0,0,0,NA
398,2020,0,0,0,NA
398,2025,0,0,0,NA
398,2030,0,0,0,NA
398,2035,0,0,0,NA
398,2040,0,0,0,NA
398,2045,0,0,0,NA
398,2050,0,0,0,NA
398,2055,0,0,0,NA
398,2060,0,0,0,NA
398,2065,0,0,0,NA
398,2070,0,0,0,NA
398,2075,0,0,0,NA
398,2080,0,0,0,NA
398,2085,0,0,0,NA
398,2090,0,0,0,NA
398,2095,0,0,0,NA
400,2010,0,0,0,NA
400,2015,0,0,0,NA
400,2020,0,0,0,NA
400,2025,0,0,0,NA
400,2030,0,0,0,NA
400,2035,0,0,0,NA
400,2040,0,0,0,NA
400,2045,0,0,0,NA
400,2050,0,0,0,NA
400,2055,0,0,0,NA
400,2060,0,0,0,NA
400,2065,0,0,0,NA
400,2070,0,0,0,NA
400,2075,0,0,0,NA
400,2080,0,0,0,NA
400,2085,0,0,0,NA
400,2090,0,0,0,NA
400,2095,0,0,0,NA
404,2010,0,0,0,NA
404,2015,0,0,0,NA
404,2020,0,0,0,NA
404,2025,0,0,0,NA
404,2030,0,0,0,NA
404,2035,0,0,0,NA
404,2040,0,0,0,NA
404,2045,0,0,0,NA
404,2050,0,0,0,NA
404,2055,0,0,0,NA
404,2060,0,0,0,NA
404,2065,0,0,0,NA
404,2070,0,0,0,NA
404,2075,0,0,0,NA
404,2080,0,0,0,NA
404,2085,0,0,0,NA
404,2090,0,0,0,NA
404,2095,0,0,0,NA
408,2010,0,0,0,NA
408,2015,0,0,0,NA
408,2020,0,0,0,NA
408,2025,0,0,0,NA
408,2030,0,0,0,NA
408,2035,0,0,0,NA
408,2040,0,0,0,NA
408,2045,0,0,0,NA
408,2050,0,0,0,NA
408,2055,0,0,0,NA
408,2060,0,0,0,NA
408,2065,0,0,0,NA
408,2070,0,0,0,NA
408,2075,0,0,0,NA
408,2080,0,0,0,NA
408,2085,0,0,0,NA
408,2090,0,0,0,NA
408,2095,0,0,0,NA
410,2010,0,0,0,NA
410,2015,0,0,0,NA
410,2020,0,0,0,NA
410,2025,0,0,0,NA
410,2030,0,0,0,NA
410,2035,0,0,0,NA
410,2040,0,0,0,NA
410,2045,0,0,0,NA
410,2050,0,0,0,NA
410,2055,0,0,0,NA
410,2060,0,0,0,NA
410,2065,0,0,0,NA
410,2070,0,0,0,NA
410,2075,0,0,0,NA
410,2080,0,0,0,NA
410,2085,0,0,0,NA
410,2090,0,0,0,NA
410,2095,0,0,0,NA
414,2010,0,0,0,NA
414,2015,0,0,0,NA
414,2020,0,0,0,NA
414,2025,0,0,0,NA
414,2030,0,0,0,NA
414,2035,0,0,0,NA
414,2040,0,0,0,NA
414,2045,0,0,0,NA
414,2050,0,0,0,NA
414,2055,0,0,0,NA
414,2060,0,0,0,NA
414,2065,0,0,0,NA
414,2070,0,0,0,NA
414,2075,0,0,0,NA
414,2080,0,0,0,NA
414,2085,0,0,0,NA
414,2090,0,0,0,NA
414,2095,0,0,0,NA
417,2010,0,0,0,NA
417,2015,0,0,0,NA
417,2020,0,0,0,NA
417,2025,0,0,0,NA
417,2030,0,0,0,NA
417,2035,0,0,0,NA
417,2040,0,0,0,NA
417,2045,0,0,0,NA
417,2050,0,0,0,NA
417,2055,0,0,0,NA
417,2060,0,0,0,NA
417,2065,0,0,0,NA
417,2070,0,0,0,NA
417,2075,0,0,0,NA
417,2080,0,0,0,NA
417,2085,0,0,0,NA
417,2090,0,0,0,NA
417,2095,0,0,0,NA
418,2010,0,0,0,NA
418,2015,0,0,0,NA
418,2020,0,0,0,NA
418,2025,0,0,0,NA
418,2030,0,0,0,NA
418,2035,0,0,0,NA
418,2040,0,0,0,NA
418,2045,0,0,0,NA
418,2050,0,0,0,NA
418,2055,0,0,0,NA
418,2060,0,0,0,NA
418,2065,0,0,0,NA
418,2070,0,0,0,NA
418,2075,0,0,0,NA
418,2080,0,0,0,NA
418,2085,0,0,0,NA
418,2090,0,0,0,NA
418,2095,0,0,0,NA
422,2010,0,0,0,NA
422,2015,0,0,0,NA
422,2020,0,0,0,NA
422,2025,0,0,0,NA
422,2030,0,0,0,NA
422,2035,0,0,0,NA
422,2040,0,0,0,NA
422,2045,0,0,0,NA
422,2050,0,0,0,NA
422,2055,0,0,0,NA
422,2060,0,0,0,NA
422,2065,0,0,0,NA
422,2070,0,0,0,NA
422,2075,0,0,0,NA
422,2080,0,0,0,NA
422,2085,0,0,0,NA
422,2090,0,0,0,NA
422,2095,0,0,0,NA
426,2010,0,0,0,NA
426,2015,0,0,0,NA
426,2020,0,0,0,NA
426,2025,0,0,0,NA
426,2030,0,0,0,NA
426,2035,0,0,0,NA
426,2040,0,0,0,NA
426,2045,0,0,0,NA
426,2050,0,0,0,NA
426,2055,0,0,0,NA
426,2060,0,0,0,NA
426,2065,0,0,0,NA
426,2070,0,0,0,NA
426,2075,0,0,0,NA
426,2080,0,0,0,NA
426,2085,0,0,0,NA
426,2090,0,0,0,NA
426,2095,0,0,0,NA
428,2010,0,0,0,NA
428,2015,0,0,0,NA
428,2020,0,0,0,NA
428,2025,0,0,0,NA
428,2030,0,0,0,NA
428,2035,0,0,0,NA
428,2040,0,0,0,NA
428,2045,0,0,0,NA
428,2050,0,0,0,NA
428,2055,0,0,0,NA
428,2060,0,0,0,NA
428,2065,0,0,0,NA
428,2070,0,0,0,NA
428,2075,0,0,0,NA
428,2080,0,0,0,NA
428,2085,0,0,0,NA
428,2090,0,0,0,NA
428,2095,0,0,0,NA
430,2010,0,0,0,NA
430,2015,0,0,0,NA
430,2020,0,0,0,NA
430,2025,0,0,0,NA
430,2030,0,0,0,NA
430,2035,0,0,0,NA
430,2040,0,0,0,NA
430,2045,0,0,0,NA
430,2050,0,0,0,NA
430,2055,0,0,0,NA
430,2060,0,0,0,NA
430,2065,0,0,0,NA
430,2070,0,0,0,NA
430,2075,0,0,0,NA
430,2080,0,0,0,NA
430,2085,0,0,0,NA
430,2090,0,0,0,NA
430,2095,0,0,0,NA
434,2010,0,0,0,NA
434,2015,0,0,0,NA
434,2020,0,0,0,NA
434,2025,0,0,0,NA
434,2030,0,0,0,NA
434,2035,0,0,0,NA
434,2040,0,0,0,NA
434,2045,0,0,0,NA
434,2050,0,0,0,NA
434,2055,0,0,0,NA
434,2060,0,0,0,NA
434,2065,0,0,0,NA
434,2070,0,0,0,NA
434,2075,0,0,0,NA
434,2080,0,0,0,NA
434,2085,0,0,0,NA
434,2090,0,0,0,NA
434,2095,0,0,0,NA
440,2010,0,0,0,NA
440,2015,0,0,0,NA
440,2020,0,0,0,NA
440,2025,0,0,0,NA
440,2030,0,0,0,NA
440,2035,0,0,0,NA
440,2040,0,0,0,NA
440,2045,0,0,0,NA
440,2050,0,0,0,NA
440,2055,0,0,0,NA
440,2060,0,0,0,NA
440,2065,0,0,0,NA
440,2070,0,0,0,NA
440,2075,0,0,0,NA
440,2080,0,0,0,NA
440,2085,0,0,0,NA
440,2090,0,0,0,NA
440,2095,0,0,0,NA
442,2010,0,0,0,NA
442,2015,0,0,0,NA
442,2020,0,0,0,NA
442,2025,0,0,0,NA
442,2030,0,0,0,NA
442,2035,0,0,0,NA
442,2040,0,0,0,NA
442,2045,0,0,0,NA
442,2050,0,0,0,NA
442,2055,0,0,0,NA
442,2060,0,0,0,NA
442,2065,0,0,0,NA
442,2070,0,0,0,NA
442,2075,0,0,0,NA
442,2080,0,0,0,NA
442,2085,0,0,0,NA
442,2090,0,0,0,NA
442,2095,0,0,0,NA
446,2010,0,0,0,NA
446,2015,0,0,0,NA
446,2020,0,0,0,NA
446,2025,0,0,0,NA
446,2030,0,0,0,NA
446,2035,0,0,0,NA
446,2040,0,0,0,NA
446,2045,0,0,0,NA
446,2050,0,0,0,NA
446,2055,0,0,0,NA
446,2060,0,0,0,NA
446,2065,0,0,0,NA
446,2070,0,0,0,NA
446,2075,0,0,0,NA
446,2080,0,0,0,NA
446,2085,0,0,0,NA
446,2090,0,0,0,NA
446,2095,0,0,0,NA
450,2010,0,0,0,NA
450,2015,0,0,0,NA
450,2020,0,0,0,NA
450,2025,0,0,0,NA
450,2030,0,0,0,NA
450,2035,0,0,0,NA
450,2040,0,0,0,NA
450,2045,0,0,0,NA
450,2050,0,0,0,NA
450,2055,0,0,0,NA
450,2060,0,0,0,NA
450,2065,0,0,0,NA
450,2070,0,0,0,NA
450,2075,0,0,0,NA
450,2080,0,0,0,NA
450,2085,0,0,0,NA
450,2090,0,0,0,NA
450,2095,0,0,0,NA
454,2010,0,0,0,NA
454,2015,0,0,0,NA
454,2020,0,0,0,NA
454,2025,0,0,0,NA
454,2030,0,0,0,NA
454,2035,0,0,0,NA
454,2040,0,0,0,NA
454,2045,0,0,0,NA
454,2050,0,0,0,NA
454,2055,0,0,0,NA
454,2060,0,0,0,NA
454,2065,0,0,0,NA
454,2070,0,0,0,NA
454,2075,0,0,0,NA
454,2080,0,0,0,NA
454,2085,0,0,0,NA
454,2090,0,0,0,NA
454,2095,0,0,0,NA
458,2010,0,0,0,NA
458,2015,0,0,0,NA
458,2020,0,0,0,NA
458,2025,0,0,0,NA
458,2030,0,0,0,NA
458,2035,0,0,0,NA
458,2040,0,0,0,NA
458,2045,0,0,0,NA
458,2050,0,0,0,NA
458,2055,0,0,0,NA
458,2060,0,0,0,NA
458,2065,0,0,0,NA
458,2070,0,0,0,NA
458,2075,0,0,0,NA
458,2080,0,0,0,NA
458,2085,0,0,0,NA
458,2090,0,0,0,NA
458,2095,0,0,0,NA
462,2010,0,0,0,NA
462,2015,0,0,0,NA
462,2020,0,0,0,NA
462,2025,0,0,0,NA
462,2030,0,0,0,NA
462,2035,0,0,0,NA
462,2040,0,0,0,NA
462,2045,0,0,0,NA
462,2050,0,0,0,NA
462,2055,0,0,0,NA
462,2060,0,0,0,NA
462,2065,0,0,0,NA
462,2070,0,0,0,NA
462,2075,0,0,0,NA
462,2080,0,0,0,NA
462,2085,0,0,0,NA
462,2090,0,0,0,NA
462,2095,0,0,0,NA
466,2010,0,0,0,NA
466,2015,0,0,0,NA
466,2020,0,0,0,NA
466,2025,0,0,0,NA
466,2030,0,0,0,NA
466,2035,0,0,0,NA
466,2040,0,0,0,NA
466,2045,0,0,0,NA
466,2050,0,0,0,NA
466,2055,0,0,0,NA
466,2060,0,0,0,NA
466,2065,0,0,0,NA
466,2070,0,0,0,NA
466,2075,0,0,0,NA
466,2080,0,0,0,NA
466,2085,0,0,0,NA
466,2090,0,0,0,NA
466,2095,0,0,0,NA
470,2010,0,0,0,NA
470,2015,0,0,0,NA
470,2020,0,0,0,NA
470,2025,0,0,0,NA
470,2030,0,0,0,NA
470,2035,0,0,0,NA
470,2040,0,0,0,NA
470,2045,0,0,0,NA
470,2050,0,0,0,NA
470,2055,0,0,0,NA
470,2060,0,0,0,NA
470,2065,0,0,0,NA
470,2070,0,0,0,NA
470,2075,0,0,0,NA
470,2080,0,0,0,NA
470,2085,0,0,0,NA
470,2090,0,0,0,NA
470,2095,0,0,0,NA
474,2010,0,0,0,NA
474,2015,0,0,0,NA
474,2020,0,0,0,NA
474,2025,0,0,0,NA
474,2030,0,0,0,NA
474,2035,0,0,0,NA
474,2040,0,0,0,NA
474,2045,0,0,0,NA
474,2050,0,0,0,NA
474,2055,0,0,0,NA
474,2060,0,0,0,NA
474,2065,0,0,0,NA
474,2070,0,0,0,NA
474,2075,0,0,0,NA
474,2080,0,0,0,NA
474,2085,0,0,0,NA
474,2090,0,0,0,NA
474,2095,0,0,0,NA
478,2010,0,0,0,NA
478,2015,0,0,0,NA
478,2020,0,0,0,NA
478,2025,0,0,0,NA
478,2030,0,0,0,NA
478,2035,0,0,0,NA
478,2040,0,0,0,NA
478,2045,0,0,0,NA
478,2050,0,0,0,NA
478,2055,0,0,0,NA
478,2060,0,0,0,NA
478,2065,0,0,0,NA
478,2070,0,0,0,NA
478,2075,0,0,0,NA
478,2080,0,0,0,NA
478,2085,0,0,0,NA
478,2090,0,0,0,NA
478,2095,0,0,0,NA
480,2010,0,0,0,NA
480,2015,0,0,0,NA
480,2020,0,0,0,NA
480,2025,0,0,0,NA
480,2030,0,0,0,NA
480,2035,0,0,0,NA
480,2040,0,0,0,NA
480,2045,0,0,0,NA
480,2050,0,0,0,NA
480,2055,0,0,0,NA
480,2060,0,0,0,NA
480,2065,0,0,0,NA
480,2070,0,0,0,NA
480,2075,0,0,0,NA
480,2080,0,0,0,NA
480,2085,0,0,0,NA
480,2090,0,0,0,NA
480,2095,0,0,0,NA
484,2010,0,0,0,NA
484,2015,0,0,0,NA
484,2020,0,0,0,NA
484,2025,0,0,0,NA
484,2030,0,0,0,NA
484,2035,0,0,0,NA
484,2040,0,0,0,NA
484,2045,0,0,0,NA
484,2050,0,0,0,NA
484,2055,0,0,0,NA
484,2060,0,0,0,NA
484,2065,0,0,0,NA
484,2070,0,0,0,NA
484,2075,0,0,0,NA
484,2080,0,0,0,NA
484,2085,0,0,0,NA
484,2090,0,0,0,NA
484,2095,0,0,0,NA
496,2010,0,0,0,NA
496,2015,0,0,0,NA
496,2020,0,0,0,NA
496,2025,0,0,0,NA
496,2030,0,0,0,NA
496,2035,0,0,0,NA
496,2040,0,0,0,NA
496,2045,0,0,0,NA
496,2050,0,0,0,NA
496,2055,0,0,0,NA
496,2060,0,0,0,NA
496,2065,0,0,0,NA
496,2070,0,0,0,NA
496,2075,0,0,0,NA
496,2080,0,0,0,NA
496,2085,0,0,0,NA
496,2090,0,0,0,NA
496,2095,0,0,0,NA
498,2010,0,0,0,NA
498,2015,0,0,0,NA
498,2020,0,0,0,NA
498,2025,0,0,0,NA
498,2030,0,0,0,NA
498,2035,0,0,0,NA
498,2040,0,0,0,NA
498,2045,0,0,0,NA
498,2050,0,0,0,NA
498,2055,0,0,0,NA
498,2060,0,0,0,NA
498,2065,0,0,0,NA
498,2070,0,0,0,NA
498,2075,0,0,0,NA
498,2080,0,0,0,NA
498,2085,0,0,0,NA
498,2090,0,0,0,NA
498,2095,0,0,0,NA
499,2010,0,0,0,NA
499,2015,0,0,0,NA
499,2020,0,0,0,NA
499,2025,0,0,0,NA
499,2030,0,0,0,NA
499,2035,0,0,0,NA
499,2040,0,0,0,NA
499,2045,0,0,0,NA
499,2050,0,0,0,NA
499,2055,0,0,0,NA
499,2060,0,0,0,NA
499,2065,0,0,0,NA
499,2070,0,0,0,NA
499,2075,0,0,0,NA
499,2080,0,0,0,NA
499,2085,0,0,0,NA
499,2090,0,0,0,NA
499,2095,0,0,0,NA
504,2010,0,0,0,NA
504,2015,0,0,0,NA
504,2020,0,0,0,NA
504,2025,0,0,0,NA
504,2030,0,0,0,NA
504,2035,0,0,0,NA
504,2040,0,0,0,NA
504,2045,0,0,0,NA
504,2050,0,0,0,NA
504,2055,0,0,0,NA
504,2060,0,0,0,NA
504,2065,0,0,0,NA
504,2070,0,0,0,NA
504,2075,0,0,0,NA
504,2080,0,0,0,NA
504,2085,0,0,0,NA
504,2090,0,0,0,NA
504,2095,0,0,0,NA
508,2010,0,0,0,NA
508,2015,0,0,0,NA
508,2020,0,0,0,NA
508,2025,0,0,0,NA
508,2030,0,0,0,NA
508,2035,0,0,0,NA
508,2040,0,0,0,NA
508,2045,0,0,0,NA
508,2050,0,0,0,NA
508,2055,0,0,0,NA
508,2060,0,0,0,NA
508,2065,0,0,0,NA
508,2070,0,0,0,NA
508,2075,0,0,0,NA
508,2080,0,0,0,NA
508,2085,0,0,0,NA
508,2090,0,0,0,NA
508,2095,0,0,0,NA
512,2010,0,0,0,NA
512,2015,0,0,0,NA
512,2020,0,0,0,NA
512,2025,0,0,0,NA
512,2030,0,0,0,NA
512,2035,0,0,0,NA
512,2040,0,0,0,NA
512,2045,0,0,0,NA
512,2050,0,0,0,NA
512,2055,0,0,0,NA
512,2060,0,0,0,NA
512,2065,0,0,0,NA
512,2070,0,0,0,NA
512,2075,0,0,0,NA
512,2080,0,0,0,NA
512,2085,0,0,0,NA
512,2090,0,0,0,NA
512,2095,0,0,0,NA
516,2010,0,0,0,NA
516,2015,0,0,0,NA
516,2020,0,0,0,NA
516,2025,0,0,0,NA
516,2030,0,0,0,NA
516,2035,0,0,0,NA
516,2040,0,0,0,NA
516,2045,0,0,0,NA
516,2050,0,0,0,NA
516,2055,0,0,0,NA
516,2060,0,0,0,NA
516,2065,0,0,0,NA
516,2070,0,0,0,NA
516,2075,0,0,0,NA
516,2080,0,0,0,NA
516,2085,0,0,0,NA
516,2090,0,0,0,NA
516,2095,0,0,0,NA
524,2010,0,0,0,NA
524,2015,0,0,0,NA
524,2020,0,0,0,NA
524,2025,0,0,0,NA
524,2030,0,0,0,NA
524,2035,0,0,0,NA
524,2040,0,0,0,NA
524,2045,0,0,0,NA
524,2050,0,0,0,NA
524,2055,0,0,0,NA
524,2060,0,0,0,NA
524,2065,0,0,0,NA
524,2070,0,0,0,NA
524,2075,0,0,0,NA
524,2080,0,0,0,NA
524,2085,0,0,0,NA
524,2090,0,0,0,NA
524,2095,0,0,0,NA
528,2010,0,0,0,NA
528,2015,0,0,0,NA
528,2020,0,0,0,NA
528,2025,0,0,0,NA
528,2030,0,0,0,NA
528,2035,0,0,0,NA
528,2040,0,0,0,NA
528,2045,0,0,0,NA
528,2050,0,0,0,NA
528,2055,0,0,0,NA
528,2060,0,0,0,NA
528,2065,0,0,0,NA
528,2070,0,0,0,NA
528,2075,0,0,0,NA
528,2080,0,0,0,NA
528,2085,0,0,0,NA
528,2090,0,0,0,NA
528,2095,0,0,0,NA
530,2010,0,0,0,NA
530,2015,0,0,0,NA
530,2020,0,0,0,NA
530,2025,0,0,0,NA
530,2030,0,0,0,NA
530,2035,0,0,0,NA
530,2040,0,0,0,NA
530,2045,0,0,0,NA
530,2050,0,0,0,NA
530,2055,0,0,0,NA
530,2060,0,0,0,NA
530,2065,0,0,0,NA
530,2070,0,0,0,NA
530,2075,0,0,0,NA
530,2080,0,0,0,NA
530,2085,0,0,0,NA
530,2090,0,0,0,NA
530,2095,0,0,0,NA
533,2010,0,0,0,NA
533,2015,0,0,0,NA
533,2020,0,0,0,NA
533,2025,0,0,0,NA
533,2030,0,0,0,NA
533,2035,0,0,0,NA
533,2040,0,0,0,NA
533,2045,0,0,0,NA
533,2050,0,0,0,NA
533,2055,0,0,0,NA
533,2060,0,0,0,NA
533,2065,0,0,0,NA
533,2070,0,0,0,NA
533,2075,0,0,0,NA
533,2080,0,0,0,NA
533,2085,0,0,0,NA
533,2090,0,0,0,NA
533,2095,0,0,0,NA
540,2010,0,0,0,NA
540,2015,0,0,0,NA
540,2020,0,0,0,NA
540,2025,0,0,0,NA
540,2030,0,0,0,NA
540,2035,0,0,0,NA
540,2040,0,0,0,NA
540,2045,0,0,0,NA
540,2050,0,0,0,NA
540,2055,0,0,0,NA
540,2060,0,0,0,NA
540,2065,0,0,0,NA
540,2070,0,0,0,NA
540,2075,0,0,0,NA
540,2080,0,0,0,NA
540,2085,0,0,0,NA
540,2090,0,0,0,NA
540,2095,0,0,0,NA
548,2010,0,0,0,NA
548,2015,0,0,0,NA
548,2020,0,0,0,NA
548,2025,0,0,0,NA
548,2030,0,0,0,NA
548,2035,0,0,0,NA
548,2040,0,0,0,NA
548,2045,0,0,0,NA
548,2050,0,0,0,NA
548,2055,0,0,0,NA
548,2060,0,0,0,NA
548,2065,0,0,0,NA
548,2070,0,0,0,NA
548,2075,0,0,0,NA
548,2080,0,0,0,NA
548,2085,0,0,0,NA
548,2090,0,0,0,NA
548,2095,0,0,0,NA
554,2010,0,0,0,NA
554,2015,0,0,0,NA
554,2020,0,0,0,NA
554,2025,0,0,0,NA
554,2030,0,0,0,NA
554,2035,0,0,0,NA
554,2040,0,0,0,NA
554,2045,0,0,0,NA
554,2050,0,0,0,NA
554,2055,0,0,0,NA
554,2060,0,0,0,NA
554,2065,0,0,0,NA
554,2070,0,0,0,NA
554,2075,0,0,0,NA
554,2080,0,0,0,NA
554,2085,0,0,0,NA
554,2090,0,0,0,NA
554,2095,0,0,0,NA
558,2010,0,0,0,NA
558,2015,0,0,0,NA
558,2020,0,0,0,NA
558,2025,0,0,0,NA
558,2030,0,0,0,NA
558,2035,0,0,0,NA
558,2040,0,0,0,NA
558,2045,0,0,0,NA
558,2050,0,0,0,NA
558,2055,0,0,0,NA
558,2060,0,0,0,NA
558,2065,0,0,0,NA
558,2070,0,0,0,NA
558,2075,0,0,0,NA
558,2080,0,0,0,NA
558,2085,0,0,0,NA
558,2090,0,0,0,NA
558,2095,0,0,0,NA
562,2010,0,0,0,NA
562,2015,0,0,0,NA
562,2020,0,0,0,NA
562,2025,0,0,0,NA
562,2030,0,0,0,NA
562,2035,0,0,0,NA
562,2040,0,0,0,NA
562,2045,0,0,0,NA
562,2050,0,0,0,NA
562,2055,0,0,0,NA
562,2060,0,0,0,NA
562,2065,0,0,0,NA
562,2070,0,0,0,NA
562,2075,0,0,0,NA
562,2080,0,0,0,NA
562,2085,0,0,0,NA
562,2090,0,0,0,NA
562,2095,0,0,0,NA
566,2010,0,0,0,NA
566,2015,0,0,0,NA
566,2020,0,0,0,NA
566,2025,0,0,0,NA
566,2030,0,0,0,NA
566,2035,0,0,0,NA
566,2040,0,0,0,NA
566,2045,0,0,0,NA
566,2050,0,0,0,NA
566,2055,0,0,0,NA
566,2060,0,0,0,NA
566,2065,0,0,0,NA
566,2070,0,0,0,NA
566,2075,0,0,0,NA
566,2080,0,0,0,NA
566,2085,0,0,0,NA
566,2090,0,0,0,NA
566,2095,0,0,0,NA
578,2010,0,0,0,NA
578,2015,0,0,0,NA
578,2020,0,0,0,NA
578,2025,0,0,0,NA
578,2030,0,0,0,NA
578,2035,0,0,0,NA
578,2040,0,0,0,NA
578,2045,0,0,0,NA
578,2050,0,0,0,NA
578,2055,0,0,0,NA
578,2060,0,0,0,NA
578,2065,0,0,0,NA
578,2070,0,0,0,NA
578,2075,0,0,0,NA
578,2080,0,0,0,NA
578,2085,0,0,0,NA
578,2090,0,0,0,NA
578,2095,0,0,0,NA
583,2010,0,0,0,NA
583,2015,0,0,0,NA
583,2020,0,0,0,NA
583,2025,0,0,0,NA
583,2030,0,0,0,NA
583,2035,0,0,0,NA
583,2040,0,0,0,NA
583,2045,0,0,0,NA
583,2050,0,0,0,NA
583,2055,0,0,0,NA
583,2060,0,0,0,NA
583,2065,0,0,0,NA
583,2070,0,0,0,NA
583,2075,0,0,0,NA
583,2080,0,0,0,NA
583,2085,0,0,0,NA
583,2090,0,0,0,NA
583,2095,0,0,0,NA
586,2010,0,0,0,NA
586,2015,0,0,0,NA
586,2020,0,0,0,NA
586,2025,0,0,0,NA
586,2030,0,0,0,NA
586,2035,0,0,0,NA
586,2040,0,0,0,NA
586,2045,0,0,0,NA
586,2050,0,0,0,NA
586,2055,0,0,0,NA
586,2060,0,0,0,NA
586,2065,0,0,0,NA
586,2070,0,0,0,NA
586,2075,0,0,0,NA
586,2080,0,0,0,NA
586,2085,0,0,0,NA
586,2090,0,0,0,NA
586,2095,0,0,0,NA
591,2010,0,0,0,NA
591,2015,0,0,0,NA
591,2020,0,0,0,NA
591,2025,0,0,0,NA
591,2030,0,0,0,NA
591,2035,0,0,0,NA
591,2040,0,0,0,NA
591,2045,0,0,0,NA
591,2050,0,0,0,NA
591,2055,0,0,0,NA
591,2060,0,0,0,NA
591,2065,0,0,0,NA
591,2070,0,0,0,NA
591,2075,0,0,0,NA
591,2080,0,0,0,NA
591,2085,0,0,0,NA
591,2090,0,0,0,NA
591,2095,0,0,0,NA
598,2010,0,0,0,NA
598,2015,0,0,0,NA
598,2020,0,0,0,NA
598,2025,0,0,0,NA
598,2030,0,0,0,NA
598,2035,0,0,0,NA
598,2040,0,0,0,NA
598,2045,0,0,0,NA
598,2050,0,0,0,NA
598,2055,0,0,0,NA
598,2060,0,0,0,NA
598,2065,0,0,0,NA
598,2070,0,0,0,NA
598,2075,0,0,0,NA
598,2080,0,0,0,NA
598,2085,0,0,0,NA
598,2090,0,0,0,NA
598,2095,0,0,0,NA
600,2010,0,0,0,NA
600,2015,0,0,0,NA
600,2020,0,0,0,NA
600,2025,0,0,0,NA
600,2030,0,0,0,NA
600,2035,0,0,0,NA
600,2040,0,0,0,NA
600,2045,0,0,0,NA
600,2050,0,0,0,NA
600,2055,0,0,0,NA
600,2060,0,0,0,NA
600,2065,0,0,0,NA
600,2070,0,0,0,NA
600,2075,0,0,0,NA
600,2080,0,0,0,NA
600,2085,0,0,0,NA
600,2090,0,0,0,NA
600,2095,0,0,0,NA
604,2010,0,0,0,NA
604,2015,0,0,0,NA
604,2020,0,0,0,NA
604,2025,0,0,0,NA
604,2030,0,0,0,NA
604,2035,0,0,0,NA
604,2040,0,0,0,NA
604,2045,0,0,0,NA
604,2050,0,0,0,NA
604,2055,0,0,0,NA
604,2060,0,0,0,NA
604,2065,0,0,0,NA
604,2070,0,0,0,NA
604,2075,0,0,0,NA
604,2080,0,0,0,NA
604,2085,0,0,0,NA
604,2090,0,0,0,NA
604,2095,0,0,0,NA
608,2010,0,0,0,NA
608,2015,0,0,0,NA
608,2020,0,0,0,NA
608,2025,0,0,0,NA
608,2030,0,0,0,NA
608,2035,0,0,0,NA
608,2040,0,0,0,NA
608,2045,0,0,0,NA
608,2050,0,0,0,NA
608,2055,0,0,0,NA
608,2060,0,0,0,NA
608,2065,0,0,0,NA
608,2070,0,0,0,NA
608,2075,0,0,0,NA
608,2080,0,0,0,NA
608,2085,0,0,0,NA
608,2090,0,0,0,NA
608,2095,0,0,0,NA
616,2010,0,0,0,NA
616,2015,0,0,0,NA
616,2020,0,0,0,NA
616,2025,0,0,0,NA
616,2030,0,0,0,NA
616,2035,0,0,0,NA
616,2040,0,0,0,NA
616,2045,0,0,0,NA
616,2050,0,0,0,NA
616,2055,0,0,0,NA
616,2060,0,0,0,NA
616,2065,0,0,0,NA
616,2070,0,0,0,NA
616,2075,0,0,0,NA
616,2080,0,0,0,NA
616,2085,0,0,0,NA
616,2090,0,0,0,NA
616,2095,0,0,0,NA
620,2010,0,0,0,NA
620,2015,0,0,0,NA
620,2020,0,0,0,NA
620,2025,0,0,0,NA
620,2030,0,0,0,NA
620,2035,0,0,0,NA
620,2040,0,0,0,NA
620,2045,0,0,0,NA
620,2050,0,0,0,NA
620,2055,0,0,0,NA
620,2060,0,0,0,NA
620,2065,0,0,0,NA
620,2070,0,0,0,NA
620,2075,0,0,0,NA
620,2080,0,0,0,NA
620,2085,0,0,0,NA
620,2090,0,0,0,NA
620,2095,0,0,0,NA
624,2010,0,0,0,NA
624,2015,0,0,0,NA
624,2020,0,0,0,NA
624,2025,0,0,0,NA
624,2030,0,0,0,NA
624,2035,0,0,0,NA
624,2040,0,0,0,NA
624,2045,0,0,0,NA
624,2050,0,0,0,NA
624,2055,0,0,0,NA
624,2060,0,0,0,NA
624,2065,0,0,0,NA
624,2070,0,0,0,NA
624,2075,0,0,0,NA
624,2080,0,0,0,NA
624,2085,0,0,0,NA
624,2090,0,0,0,NA
624,2095,0,0,0,NA
626,2010,0,0,0,NA
626,2015,0,0,0,NA
626,2020,0,0,0,NA
626,2025,0,0,0,NA
626,2030,0,0,0,NA
626,2035,0,0,0,NA
626,2040,0,0,0,NA
626,2045,0,0,0,NA
626,2050,0,0,0,NA
626,2055,0,0,0,NA
626,2060,0,0,0,NA
626,2065,0,0,0,NA
626,2070,0,0,0,NA
626,2075,0,0,0,NA
626,2080,0,0,0,NA
626,2085,0,0,0,NA
626,2090,0,0,0,NA
626,2095,0,0,0,NA
630,2010,0,0,0,NA
630,2015,0,0,0,NA
630,2020,0,0,0,NA
630,2025,0,0,0,NA
630,2030,0,0,0,NA
630,2035,0,0,0,NA
630,2040,0,0,0,NA
630,2045,0,0,0,NA
630,2050,0,0,0,NA
630,2055,0,0,0,NA
630,2060,0,0,0,NA
630,2065,0,0,0,NA
630,2070,0,0,0,NA
630,2075,0,0,0,NA
630,2080,0,0,0,NA
630,2085,0,0,0,NA
630,2090,0,0,0,NA
630,2095,0,0,0,NA
634,2010,0,0,0,NA
634,2015,0,0,0,NA
634,2020,0,0,0,NA
634,2025,0,0,0,NA
634,2030,0,0,0,NA
634,2035,0,0,0,NA
634,2040,0,0,0,NA
634,2045,0,0,0,NA
634,2050,0,0,0,NA
634,2055,0,0,0,NA
634,2060,0,0,0,NA
634,2065,0,0,0,NA
634,2070,0,0,0,NA
634,2075,0,0,0,NA
634,2080,0,0,0,NA
634,2085,0,0,0,NA
634,2090,0,0,0,NA
634,2095,0,0,0,NA
638,2010,0,0,0,NA
638,2015,0,0,0,NA
638,2020,0,0,0,NA
638,2025,0,0,0,NA
638,2030,0,0,0,NA
638,2035,0,0,0,NA
638,2040,0,0,0,NA
638,2045,0,0,0,NA
638,2050,0,0,0,NA
638,2055,0,0,0,NA
638,2060,0,0,0,NA
638,2065,0,0,0,NA
638,2070,0,0,0,NA
638,2075,0,0,0,NA
638,2080,0,0,0,NA
638,2085,0,0,0,NA
638,2090,0,0,0,NA
638,2095,0,0,0,NA
642,2010,0,0,0,NA
642,2015,0,0,0,NA
642,2020,0,0,0,NA
642,2025,0,0,0,NA
642,2030,0,0,0,NA
642,2035,0,0,0,NA
642,2040,0,0,0,NA
642,2045,0,0,0,NA
642,2050,0,0,0,NA
642,2055,0,0,0,NA
642,2060,0,0,0,NA
642,2065,0,0,0,NA
642,2070,0,0,0,NA
642,2075,0,0,0,NA
642,2080,0,0,0,NA
642,2085,0,0,0,NA
642,2090,0,0,0,NA
642,2095,0,0,0,NA
643,2010,0,0,0,NA
643,2015,0,0,0,NA
643,2020,0,0,0,NA
643,2025,0,0,0,NA
643,2030,0,0,0,NA
643,2035,0,0,0,NA
643,2040,0,0,0,NA
643,2045,0,0,0,NA
643,2050,0,0,0,NA
643,2055,0,0,0,NA
643,2060,0,0,0,NA
643,2065,0,0,0,NA
643,2070,0,0,0,NA
643,2075,0,0,0,NA
643,2080,0,0,0,NA
643,2085,0,0,0,NA
643,2090,0,0,0,NA
643,2095,0,0,0,NA
646,2010,0,0,0,NA
646,2015,0,0,0,NA
646,2020,0,0,0,NA
646,2025,0,0,0,NA
646,2030,0,0,0,NA
646,2035,0,0,0,NA
646,2040,0,0,0,NA
646,2045,0,0,0,NA
646,2050,0,0,0,NA
646,2055,0,0,0,NA
646,2060,0,0,0,NA
646,2065,0,0,0,NA
646,2070,0,0,0,NA
646,2075,0,0,0,NA
646,2080,0,0,0,NA
646,2085,0,0,0,NA
646,2090,0,0,0,NA
646,2095,0,0,0,NA
662,2010,0,0,0,NA
662,2015,0,0,0,NA
662,2020,0,0,0,NA
662,2025,0,0,0,NA
662,2030,0,0,0,NA
662,2035,0,0,0,NA
662,2040,0,0,0,NA
662,2045,0,0,0,NA
662,2050,0,0,0,NA
662,2055,0,0,0,NA
662,2060,0,0,0,NA
662,2065,0,0,0,NA
662,2070,0,0,0,NA
662,2075,0,0,0,NA
662,2080,0,0,0,NA
662,2085,0,0,0,NA
662,2090,0,0,0,NA
662,2095,0,0,0,NA
670,2010,0,0,0,NA
670,2015,0,0,0,NA
670,2020,0,0,0,NA
670,2025,0,0,0,NA
670,2030,0,0,0,NA
670,2035,0,0,0,NA
670,2040,0,0,0,NA
670,2045,0,0,0,NA
670,2050,0,0,0,NA
670,2055,0,0,0,NA
670,2060,0,0,0,NA
670,2065,0,0,0,NA
670,2070,0,0,0,NA
670,2075,0,0,0,NA
670,2080,0,0,0,NA
670,2085,0,0,0,NA
670,2090,0,0,0,NA
670,2095,0,0,0,NA
678,2010,0,0,0,NA
678,2015,0,0,0,NA
678,2020,0,0,0,NA
678,2025,0,0,0,NA
678,2030,0,0,0,NA
678,2035,0,0,0,NA
678,2040,0,0,0,NA
678,2045,0,0,0,NA
678,2050,0,0,0,NA
678,2055,0,0,0,NA
678,2060,0,0,0,NA
678,2065,0,0,0,NA
678,2070,0,0,0,NA
678,2075,0,0,0,NA
678,2080,0,0,0,NA
678,2085,0,0,0,NA
678,2090,0,0,0,NA
678,2095,0,0,0,NA
682,2010,0,0,0,NA
682,2015,0,0,0,NA
682,2020,0,0,0,NA
682,2025,0,0,0,NA
682,2030,0,0,0,NA
682,2035,0,0,0,NA
682,2040,0,0,0,NA
682,2045,0,0,0,NA
682,2050,0,0,0,NA
682,2055,0,0,0,NA
682,2060,0,0,0,NA
682,2065,0,0,0,NA
682,2070,0,0,0,NA
682,2075,0,0,0,NA
682,2080,0,0,0,NA
682,2085,0,0,0,NA
682,2090,0,0,0,NA
682,2095,0,0,0,NA
686,2010,0,0,0,NA
686,2015,0,0,0,NA
686,2020,0,0,0,NA
686,2025,0,0,0,NA
686,2030,0,0,0,NA
686,2035,0,0,0,NA
686,2040,0,0,0,NA
686,2045,0,0,0,NA
686,2050,0,0,0,NA
686,2055,0,0,0,NA
686,2060,0,0,0,NA
686,2065,0,0,0,NA
686,2070,0,0,0,NA
686,2075,0,0,0,NA
686,2080,0,0,0,NA
686,2085,0,0,0,NA
686,2090,0,0,0,NA
686,2095,0,0,0,NA
688,2010,0,0,0,NA
688,2015,0,0,0,NA
688,2020,0,0,0,NA
688,2025,0,0,0,NA
688,2030,0,0,0,NA
688,2035,0,0,0,NA
688,2040,0,0,0,NA
688,2045,0,0,0,NA
688,2050,0,0,0,NA
688,2055,0,0,0,NA
688,2060,0,0,0,NA
688,2065,0,0,0,NA
688,2070,0,0,0,NA
688,2075,0,0,0,NA
688,2080,0,0,0,NA
688,2085,0,0,0,NA
688,2090,0,0,0,NA
688,2095,0,0,0,NA
694,2010,0,0,0,NA
694,2015,0,0,0,NA
694,2020,0,0,0,NA
694,2025,0,0,0,NA
694,2030,0,0,0,NA
694,2035,0,0,0,NA
694,2040,0,0,0,NA
694,2045,0,0,0,NA
694,2050,0,0,0,NA
694,2055,0,0,0,NA
694,2060,0,0,0,NA
694,2065,0,0,0,NA
694,2070,0,0,0,NA
694,2075,0,0,0,NA
694,2080,0,0,0,NA
694,2085,0,0,0,NA
694,2090,0,0,0,NA
694,2095,0,0,0,NA
702,2010,0,0,0,NA
702,2015,0,0,0,NA
702,2020,0,0,0,NA
702,2025,0,0,0,NA
702,2030,0,0,0,NA
702,2035,0,0,0,NA
702,2040,0,0,0,NA
702,2045,0,0,0,NA
702,2050,0,0,0,NA
702,2055,0,0,0,NA
702,2060,0,0,0,NA
702,2065,0,0,0,NA
702,2070,0,0,0,NA
702,2075,0,0,0,NA
702,2080,0,0,0,NA
702,2085,0,0,0,NA
702,2090,0,0,0,NA
702,2095,0,0,0,NA
703,2010,0,0,0,NA
703,2015,0,0,0,NA
703,2020,0,0,0,NA
703,2025,0,0,0,NA
703,2030,0,0,0,NA
703,2035,0,0,0,NA
703,2040,0,0,0,NA
703,2045,0,0,0,NA
703,2050,0,0,0,NA
703,2055,0,0,0,NA
703,2060,0,0,0,NA
703,2065,0,0,0,NA
703,2070,0,0,0,NA
703,2075,0,0,0,NA
703,2080,0,0,0,NA
703,2085,0,0,0,NA
703,2090,0,0,0,NA
703,2095,0,0,0,NA
704,2010,0,0,0,NA
704,2015,0,0,0,NA
704,2020,0,0,0,NA
704,2025,0,0,0,NA
704,2030,0,0,0,NA
704,2035,0,0,0,NA
704,2040,0,0,0,NA
704,2045,0,0,0,NA
704,2050,0,0,0,NA
704,2055,0,0,0,NA
704,2060,0,0,0,NA
704,2065,0,0,0,NA
704,2070,0,0,0,NA
704,2075,0,0,0,NA
704,2080,0,0,0,NA
704,2085,0,0,0,NA
704,2090,0,0,0,NA
704,2095,0,0,0,NA
705,2010,0,0,0,NA
705,2015,0,0,0,NA
705,2020,0,0,0,NA
705,2025,0,0,0,NA
705,2030,0,0,0,NA
705,2035,0,0,0,NA
705,2040,0,0,0,NA
705,2045,0,0,0,NA
705,2050,0,0,0,NA
705,2055,0,0,0,NA
705,2060,0,0,0,NA
705,2065,0,0,0,NA
705,2070,0,0,0,NA
705,2075,0,0,0,NA
705,2080,0,0,0,NA
705,2085,0,0,0,NA
705,2090,0,0,0,NA
705,2095,0,0,0,NA
706,2010,0,0,0,NA
706,2015,0,0,0,NA
706,2020,0,0,0,NA
706,2025,0,0,0,NA
706,2030,0,0,0,NA
706,2035,0,0,0,NA
706,2040,0,0,0,NA
706,2045,0,0,0,NA
706,2050,0,0,0,NA
706,2055,0,0,0,NA
706,2060,0,0,0,NA
706,2065,0,0,0,NA
706,2070,0,0,0,NA
706,2075,0,0,0,NA
706,2080,0,0,0,NA
706,2085,0,0,0,NA
706,2090,0,0,0,NA
706,2095,0,0,0,NA
710,2010,0,0,0,NA
710,2015,0,0,0,NA
710,2020,0,0,0,NA
710,2025,0,0,0,NA
710,2030,0,0,0,NA
710,2035,0,0,0,NA
710,2040,0,0,0,NA
710,2045,0,0,0,NA
710,2050,0,0,0,NA
710,2055,0,0,0,NA
710,2060,0,0,0,NA
710,2065,0,0,0,NA
710,2070,0,0,0,NA
710,2075,0,0,0,NA
710,2080,0,0,0,NA
710,2085,0,0,0,NA
710,2090,0,0,0,NA
710,2095,0,0,0,NA
716,2010,0,0,0,NA
716,2015,0,0,0,NA
716,2020,0,0,0,NA
716,2025,0,0,0,NA
716,2030,0,0,0,NA
716,2035,0,0,0,NA
716,2040,0,0,0,NA
716,2045,0,0,0,NA
716,2050,0,0,0,NA
716,2055,0,0,0,NA
716,2060,0,0,0,NA
716,2065,0,0,0,NA
716,2070,0,0,0,NA
716,2075,0,0,0,NA
716,2080,0,0,0,NA
716,2085,0,0,0,NA
716,2090,0,0,0,NA
716,2095,0,0,0,NA
724,2010,0,0,0,NA
724,2015,0,0,0,NA
724,2020,0,0,0,NA
724,2025,0,0,0,NA
724,2030,0,0,0,NA
724,2035,0,0,0,NA
724,2040,0,0,0,NA
724,2045,0,0,0,NA
724,2050,0,0,0,NA
724,2055,0,0,0,NA
724,2060,0,0,0,NA
724,2065,0,0,0,NA
724,2070,0,0,0,NA
724,2075,0,0,0,NA
724,2080,0,0,0,NA
724,2085,0,0,0,NA
724,2090,0,0,0,NA
724,2095,0,0,0,NA
736,2010,0,0,0,NA
736,2015,0,0,0,NA
736,2020,0,0,0,NA
736,2025,0,0,0,NA
736,2030,0,0,0,NA
736,2035,0,0,0,NA
736,2040,0,0,0,NA
736,2045,0,0,0,NA
736,2050,0,0,0,NA
736,2055,0,0,0,NA
736,2060,0,0,0,NA
736,2065,0,0,0,NA
736,2070,0,0,0,NA
736,2075,0,0,0,NA
736,2080,0,0,0,NA
736,2085,0,0,0,NA
736,2090,0,0,0,NA
736,2095,0,0,0,NA
740,2010,0,0,0,NA
740,2015,0,0,0,NA
740,2020,0,0,0,NA
740,2025,0,0,0,NA
740,2030,0,0,0,NA
740,2035,0,0,0,NA
740,2040,0,0,0,NA
740,2045,0,0,0,NA
740,2050,0,0,0,NA
740,2055,0,0,0,NA
740,2060,0,0,0,NA
740,2065,0,0,0,NA
740,2070,0,0,0,NA
740,2075,0,0,0,NA
740,2080,0,0,0,NA
740,2085,0,0,0,NA
740,2090,0,0,0,NA
740,2095,0,0,0,NA
748,2010,0,0,0,NA
748,2015,0,0,0,NA
748,2020,0,0,0,NA
748,2025,0,0,0,NA
748,2030,0,0,0,NA
748,2035,0,0,0,NA
748,2040,0,0,0,NA
748,2045,0,0,0,NA
748,2050,0,0,0,NA
748,2055,0,0,0,NA
748,2060,0,0,0,NA
748,2065,0,0,0,NA
748,2070,0,0,0,NA
748,2075,0,0,0,NA
748,2080,0,0,0,NA
748,2085,0,0,0,NA
748,2090,0,0,0,NA
748,2095,0,0,0,NA
752,2010,0,0,0,NA
752,2015,0,0,0,NA
752,2020,0,0,0,NA
752,2025,0,0,0,NA
752,2030,0,0,0,NA
752,2035,0,0,0,NA
752,2040,0,0,0,NA
752,2045,0,0,0,NA
752,2050,0,0,0,NA
752,2055,0,0,0,NA
752,2060,0,0,0,NA
752,2065,0,0,0,NA
752,2070,0,0,0,NA
752,2075,0,0,0,NA
752,2080,0,0,0,NA
752,2085,0,0,0,NA
752,2090,0,0,0,NA
752,2095,0,0,0,NA
756,2010,0,0,0,NA
756,2015,0,0,0,NA
756,2020,0,0,0,NA
756,2025,0,0,0,NA
756,2030,0,0,0,NA
756,2035,0,0,0,NA
756,2040,0,0,0,NA
756,2045,0,0,0,NA
756,2050,0,0,0,NA
756,2055,0,0,0,NA
756,2060,0,0,0,NA
756,2065,0,0,0,NA
756,2070,0,0,0,NA
756,2075,0,0,0,NA
756,2080,0,0,0,NA
756,2085,0,0,0,NA
756,2090,0,0,0,NA
756,2095,0,0,0,NA
760,2010,0,0,0,NA
760,2015,0,0,0,NA
760,2020,0,0,0,NA
760,2025,0,0,0,NA
760,2030,0,0,0,NA
760,2035,0,0,0,NA
760,2040,0,0,0,NA
760,2045,0,0,0,NA
760,2050,0,0,0,NA
760,2055,0,0,0,NA
760,2060,0,0,0,NA
760,2065,0,0,0,NA
760,2070,0,0,0,NA
760,2075,0,0,0,NA
760,2080,0,0,0,NA
760,2085,0,0,0,NA
760,2090,0,0,0,NA
760,2095,0,0,0,NA
762,2010,0,0,0,NA
762,2015,0,0,0,NA
762,2020,0,0,0,NA
762,2025,0,0,0,NA
762,2030,0,0,0,NA
762,2035,0,0,0,NA
762,2040,0,0,0,NA
762,2045,0,0,0,NA
762,2050,0,0,0,NA
762,2055,0,0,0,NA
762,2060,0,0,0,NA
762,2065,0,0,0,NA
762,2070,0,0,0,NA
762,2075,0,0,0,NA
762,2080,0,0,0,NA
762,2085,0,0,0,NA
762,2090,0,0,0,NA
762,2095,0,0,0,NA
764,2010,0,0,0,NA
764,2015,0,0,0,NA
764,2020,0,0,0,NA
764,2025,0,0,0,NA
764,2030,0,0,0,NA
764,2035,0,0,0,NA
764,2040,0,0,0,NA
764,2045,0,0,0,NA
764,2050,0,0,0,NA
764,2055,0,0,0,NA
764,2060,0,0,0,NA
764,2065,0,0,0,NA
764,2070,0,0,0,NA
764,2075,0,0,0,NA
764,2080,0,0,0,NA
764,2085,0,0,0,NA
764,2090,0,0,0,NA
764,2095,0,0,0,NA
768,2010,0,0,0,NA
768,2015,0,0,0,NA
768,2020,0,0,0,NA
768,2025,0,0,0,NA
768,2030,0,0,0,NA
768,2035,0,0,0,NA
768,2040,0,0,0,NA
768,2045,0,0,0,NA
768,2050,0,0,0,NA
768,2055,0,0,0,NA
768,2060,0,0,0,NA
768,2065,0,0,0,NA
768,2070,0,0,0,NA
768,2075,0,0,0,NA
768,2080,0,0,0,NA
768,2085,0,0,0,NA
768,2090,0,0,0,NA
768,2095,0,0,0,NA
776,2010,0,0,0,NA
776,2015,0,0,0,NA
776,2020,0,0,0,NA
776,2025,0,0,0,NA
776,2030,0,0,0,NA
776,2035,0,0,0,NA
776,2040,0,0,0,NA
776,2045,0,0,0,NA
776,2050,0,0,0,NA
776,2055,0,0,0,NA
776,2060,0,0,0,NA
776,2065,0,0,0,NA
776,2070,0,0,0,NA
776,2075,0,0,0,NA
776,2080,0,0,0,NA
776,2085,0,0,0,NA
776,2090,0,0,0,NA
776,2095,0,0,0,NA
780,2010,0,0,0,NA
780,2015,0,0,0,NA
780,2020,0,0,0,NA
780,2025,0,0,0,NA
780,2030,0,0,0,NA
780,2035,0,0,0,NA
780,2040,0,0,0,NA
780,2045,0,0,0,NA
780,2050,0,0,0,NA
780,2055,0,0,0,NA
780,2060,0,0,0,NA
780,2065,0,0,0,NA
780,2070,0,0,0,NA
780,2075,0,0,0,NA
780,2080,0,0,0,NA
780,2085,0,0,0,NA
780,2090,0,0,0,NA
780,2095,0,0,0,NA
784,2010,0,0,0,NA
784,2015,0,0,0,NA
784,2020,0,0,0,NA
784,2025,0,0,0,NA
784,2030,0,0,0,NA
784,2035,0,0,0,NA
784,2040,0,0,0,NA
784,2045,0,0,0,NA
784,2050,0,0,0,NA
784,2055,0,0,0,NA
784,2060,0,0,0,NA
784,2065,0,0,0,NA
784,2070,0,0,0,NA
784,2075,0,0,0,NA
784,2080,0,0,0,NA
784,2085,0,0,0,NA
784,2090,0,0,0,NA
784,2095,0,0,0,NA
788,2010,0,0,0,NA
788,2015,0,0,0,NA
788,2020,0,0,0,NA
788,2025,0,0,0,NA
788,2030,0,0,0,NA
788,2035,0,0,0,NA
788,2040,0,0,0,NA
788,2045,0,0,0,NA
788,2050,0,0,0,NA
788,2055,0,0,0,NA
788,2060,0,0,0,NA
788,2065,0,0,0,NA
788,2070,0,0,0,NA
788,2075,0,0,0,NA
788,2080,0,0,0,NA
788,2085,0,0,0,NA
788,2090,0,0,0,NA
788,2095,0,0,0,NA
792,2010,0,0,0,NA
792,2015,0,0,0,NA
792,2020,0,0,0,NA
792,2025,0,0,0,NA
792,2030,0,0,0,NA
792,2035,0,0,0,NA
792,2040,0,0,0,NA
792,2045,0,0,0,NA
792,2050,0,0,0,NA
792,2055,0,0,0,NA
792,2060,0,0,0,NA
792,2065,0,0,0,NA
792,2070,0,0,0,NA
792,2075,0,0,0,NA
792,2080,0,0,0,NA
792,2085,0,0,0,NA
792,2090,0,0,0,NA
792,2095,0,0,0,NA
795,2010,0,0,0,NA
795,2015,0,0,0,NA
795,2020,0,0,0,NA
795,2025,0,0,0,NA
795,2030,0,0,0,NA
795,2035,0,0,0,NA
795,2040,0,0,0,NA
795,2045,0,0,0,NA
795,2050,0,0,0,NA
795,2055,0,0,0,NA
795,2060,0,0,0,NA
795,2065,0,0,0,NA
795,2070,0,0,0,NA
795,2075,0,0,0,NA
795,2080,0,0,0,NA
795,2085,0,0,0,NA
795,2090,0,0,0,NA
795,2095,0,0,0,NA
800,2010,0,0,0,NA
800,2015,0,0,0,NA
800,2020,0,0,0,NA
800,2025,0,0,0,NA
800,2030,0,0,0,NA
800,2035,0,0,0,NA
800,2040,0,0,0,NA
800,2045,0,0,0,NA
800,2050,0,0,0,NA
800,2055,0,0,0,NA
800,2060,0,0,0,NA
800,2065,0,0,0,NA
800,2070,0,0,0,NA
800,2075,0,0,0,NA
800,2080,0,0,0,NA
800,2085,0,0,0,NA
800,2090,0,0,0,NA
800,2095,0,0,0,NA
804,2010,0,0,0,NA
804,2015,0,0,0,NA
804,2020,0,0,0,NA
804,2025,0,0,0,NA
804,2030,0,0,0,NA
804,2035,0,0,0,NA
804,2040,0,0,0,NA
804,2045,0,0,0,NA
804,2050,0,0,0,NA
804,2055,0,0,0,NA
804,2060,0,0,0,NA
804,2065,0,0,0,NA
804,2070,0,0,0,NA
804,2075,0,0,0,NA
804,2080,0,0,0,NA
804,2085,0,0,0,NA
804,2090,0,0,0,NA
804,2095,0,0,0,NA
807,2010,0,0,0,NA
807,2015,0,0,0,NA
807,2020,0,0,0,NA
807,2025,0,0,0,NA
807,2030,0,0,0,NA
807,2035,0,0,0,NA
807,2040,0,0,0,NA
807,2045,0,0,0,NA
807,2050,0,0,0,NA
807,2055,0,0,0,NA
807,2060,0,0,0,NA
807,2065,0,0,0,NA
807,2070,0,0,0,NA
807,2075,0,0,0,NA
807,2080,0,0,0,NA
807,2085,0,0,0,NA
807,2090,0,0,0,NA
807,2095,0,0,0,NA
818,2010,0,0,0,NA
818,2015,0,0,0,NA
818,2020,0,0,0,NA
818,2025,0,0,0,NA
818,2030,0,0,0,NA
818,2035,0,0,0,NA
818,2040,0,0,0,NA
818,2045,0,0,0,NA
818,2050,0,0,0,NA
818,2055,0,0,0,NA
818,2060,0,0,0,NA
818,2065,0,0,0,NA
818,2070,0,0,0,NA
818,2075,0,0,0,NA
818,2080,0,0,0,NA
818,2085,0,0,0,NA
818,2090,0,0,0,NA
818,2095,0,0,0,NA
826,2010,0,0,0,NA
826,2015,0,0,0,NA
826,2020,0,0,0,NA
826,2025,0,0,0,NA
826,2030,0,0,0,NA
826,2035,0,0,0,NA
826,2040,0,0,0,NA
826,2045,0,0,0,NA
826,2050,0,0,0,NA
826,2055,0,0,0,NA
826,2060,0,0,0,NA
826,2065,0,0,0,NA
826,2070,0,0,0,NA
826,2075,0,0,0,NA
826,2080,0,0,0,NA
826,2085,0,0,0,NA
826,2090,0,0,0,NA
826,2095,0,0,0,NA
830,2010,0,0,0,NA
830,2015,0,0,0,NA
830,2020,0,0,0,NA
830,2025,0,0,0,NA
830,2030,0,0,0,NA
830,2035,0,0,0,NA
830,2040,0,0,0,NA
830,2045,0,0,0,NA
830,2050,0,0,0,NA
830,2055,0,0,0,NA
830,2060,0,0,0,NA
830,2065,0,0,0,NA
830,2070,0,0,0,NA
830,2075,0,0,0,NA
830,2080,0,0,0,NA
830,2085,0,0,0,NA
830,2090,0,0,0,NA
830,2095,0,0,0,NA
834,2010,0,0,0,NA
834,2015,0,0,0,NA
834,2020,0,0,0,NA
834,2025,0,0,0,NA
834,2030,0,0,0,NA
834,2035,0,0,0,NA
834,2040,0,0,0,NA
834,2045,0,0,0,NA
834,2050,0,0,0,NA
834,2055,0,0,0,NA
834,2060,0,0,0,NA
834,2065,0,0,0,NA
834,2070,0,0,0,NA
834,2075,0,0,0,NA
834,2080,0,0,0,NA
834,2085,0,0,0,NA
834,2090,0,0,0,NA
834,2095,0,0,0,NA
840,2010,0,0,0,NA
840,2015,0,0,0,NA
840,2020,0,0,0,NA
840,2025,0,0,0,NA
840,2030,0,0,0,NA
840,2035,0,0,0,NA
840,2040,0,0,0,NA
840,2045,0,0,0,NA
840,2050,0,0,0,NA
840,2055,0,0,0,NA
840,2060,0,0,0,NA
840,2065,0,0,0,NA
840,2070,0,0,0,NA
840,2075,0,0,0,NA
840,2080,0,0,0,NA
840,2085,0,0,0,NA
840,2090,0,0,0,NA
840,2095,0,0,0,NA
850,2010,0,0,0,NA
850,2015,0,0,0,NA
850,2020,0,0,0,NA
850,2025,0,0,0,NA
850,2030,0,0,0,NA
850,2035,0,0,0,NA
850,2040,0,0,0,NA
850,2045,0,0,0,NA
850,2050,0,0,0,NA
850,2055,0,0,0,NA
850,2060,0,0,0,NA
850,2065,0,0,0,NA
850,2070,0,0,0,NA
850,2075,0,0,0,NA
850,2080,0,0,0,NA
850,2085,0,0,0,NA
850,2090,0,0,0,NA
850,2095,0,0,0,NA
854,2010,0,0,0,NA
854,2015,0,0,0,NA
854,2020,0,0,0,NA
854,2025,0,0,0,NA
854,2030,0,0,0,NA
854,2035,0,0,0,NA
854,2040,0,0,0,NA
854,2045,0,0,0,NA
854,2050,0,0,0,NA
854,2055,0,0,0,NA
854,2060,0,0,0,NA
854,2065,0,0,0,NA
854,2070,0,0,0,NA
854,2075,0,0,0,NA
854,2080,0,0,0,NA
854,2085,0,0,0,NA
854,2090,0,0,0,NA
854,2095,0,0,0,NA
858,2010,0,0,0,NA
858,2015,0,0,0,NA
858,2020,0,0,0,NA
858,2025,0,0,0,NA
858,2030,0,0,0,NA
858,2035,0,0,0,NA
858,2040,0,0,0,NA
858,2045,0,0,0,NA
858,2050,0,0,0,NA
858,2055,0,0,0,NA
858,2060,0,0,0,NA
858,2065,0,0,0,NA
858,2070,0,0,0,NA
858,2075,0,0,0,NA
858,2080,0,0,0,NA
858,2085,0,0,0,NA
858,2090,0,0,0,NA
858,2095,0,0,0,NA
860,2010,0,0,0,NA
860,2015,0,0,0,NA
860,2020,0,0,0,NA
860,2025,0,0,0,NA
860,2030,0,0,0,NA
860,2035,0,0,0,NA
860,2040,0,0,0,NA
860,2045,0,0,0,NA
860,2050,0,0,0,NA
860,2055,0,0,0,NA
860,2060,0,0,0,NA
860,2065,0,0,0,NA
860,2070,0,0,0,NA
860,2075,0,0,0,NA
860,2080,0,0,0,NA
860,2085,0,0,0,NA
860,2090,0,0,0,NA
860,2095,0,0,0,NA
862,2010,0,0,0,NA
862,2015,0,0,0,NA
862,2020,0,0,0,NA
862,2025,0,0,0,NA
862,2030,0,0,0,NA
862,2035,0,0,0,NA
862,2040,0,0,0,NA
862,2045,0,0,0,NA
862,2050,0,0,0,NA
862,2055,0,0,0,NA
862,2060,0,0,0,NA
862,2065,0,0,0,NA
862,2070,0,0,0,NA
862,2075,0,0,0,NA
862,2080,0,0,0,NA
862,2085,0,0,0,NA
862,2090,0,0,0,NA
862,2095,0,0,0,NA
882,2010,0,0,0,NA
882,2015,0,0,0,NA
882,2020,0,0,0,NA
882,2025,0,0,0,NA
882,2030,0,0,0,NA
882,2035,0,0,0,NA
882,2040,0,0,0,NA
882,2045,0,0,0,NA
882,2050,0,0,0,NA
882,2055,0,0,0,NA
882,2060,0,0,0,NA
882,2065,0,0,0,NA
882,2070,0,0,0,NA
882,2075,0,0,0,NA
882,2080,0,0,0,NA
882,2085,0,0,0,NA
882,2090,0,0,0,NA
882,2095,0,0,0,NA
887,2010,0,0,0,NA
887,2015,0,0,0,NA
887,2020,0,0,0,NA
887,2025,0,0,0,NA
887,2030,0,0,0,NA
887,2035,0,0,0,NA
887,2040,0,0,0,NA
887,2045,0,0,0,NA
887,2050,0,0,0,NA
887,2055,0,0,0,NA
887,2060,0,0,0,NA
887,2065,0,0,0,NA
887,2070,0,0,0,NA
887,2075,0,0,0,NA
887,2080,0,0,0,NA
887,2085,0,0,0,NA
887,2090,0,0,0,NA
887,2095,0,0,0,NA
894,2010,0,0,0,NA
894,2015,0,0,0,NA
894,2020,0,0,0,NA
894,2025,0,0,0,NA
894,2030,0,0,0,NA
894,2035,0,0,0,NA
894,2040,0,0,0,NA
894,2045,0,0,0,NA
894,2050,0,0,0,NA
894,2055,0,0,0,NA
894,2060,0,0,0,NA
894,2065,0,0,0,NA
894,2070,0,0,0,NA
894,2075,0,0,0,NA
894,2080,0,0,0,NA
894,2085,0,0,0,NA
894,2090,0,0,0,NA
894,2095,0,0,0,NA
900,2010,0,0,0,NA
900,2015,0,0,0,NA
900,2020,0,0,0,NA
900,2025,0,0,0,NA
900,2030,0,0,0,NA
900,2035,0,0,0,NA
900,2040,0,0,0,NA
900,2045,0,0,0,NA
900,2050,0,0,0,NA
900,2055,0,0,0,NA
900,2060,0,0,0,NA
900,2065,0,0,0,NA
900,2070,0,0,0,NA
900,2075,0,0,0,NA
900,2080,0,0,0,NA
900,2085,0,0,0,NA
900,2090,0,0,0,NA
900,2095,0,0,0,NA
903,2010,0,0,0,NA
903,2015,0,0,0,NA
903,2020,0,0,0,NA
903,2025,0,0,0,NA
903,2030,0,0,0,NA
903,2035,0,0,0,NA
903,2040,0,0,0,NA
903,2045,0,0,0,NA
903,2050,0,0,0,NA
903,2055,0,0,0,NA
903,2060,0,0,0,NA
903,2065,0,0,0,NA
903,2070,0,0,0,NA
903,2075,0,0,0,NA
903,2080,0,0,0,NA
903,2085,0,0,0,NA
903,2090,0,0,0,NA
903,2095,0,0,0,NA
935,2010,0,0,0,NA
935,2015,0,0,0,NA
935,2020,0,0,0,NA
935,2025,0,0,0,NA
935,2030,0,0,0,NA
935,2035,0,0,0,NA
935,2040,0,0,0,NA
935,2045,0,0,0,NA
935,2050,0,0,0,NA
935,2055,0,0,0,NA
935,2060,0,0,0,NA
935,2065,0,0,0,NA
935,2070,0,0,0,NA
935,2075,0,0,0,NA
935,2080,0,0,0,NA
935,2085,0,0,0,NA
935,2090,0,0,0,NA
935,2095,0,0,0,NA
908,2010,0,0,0,NA
908,2015,0,0,0,NA
908,2020,0,0,0,NA
908,2025,0,0,0,NA
908,2030,0,0,0,NA
908,2035,0,0,0,NA
908,2040,0,0,0,NA
908,2045,0,0,0,NA
908,2050,0,0,0,NA
908,2055,0,0,0,NA
908,2060,0,0,0,NA
908,2065,0,0,0,NA
908,2070,0,0,0,NA
908,2075,0,0,0,NA
908,2080,0,0,0,NA
908,2085,0,0,0,NA
908,2090,0,0,0,NA
908,2095,0,0,0,NA
904,2010,0,0,0,NA
904,2015,0,0,0,NA
904,2020,0,0,0,NA
904,2025,0,0,0,NA
904,2030,0,0,0,NA
904,2035,0,0,0,NA
904,2040,0,0,0,NA
904,2045,0,0,0,NA
904,2050,0,0,0,NA
904,2055,0,0,0,NA
904,2060,0,0,0,NA
904,2065,0,0,0,NA
904,2070,0,0,0,NA
904,2075,0,0,0,NA
904,2080,0,0,0,NA
904,2085,0,0,0,NA
904,2090,0,0,0,NA
904,2095,0,0,0,NA
905,2010,0,0,0,NA
905,2015,0,0,0,NA
905,2020,0,0,0,NA
905,2025,0,0,0,NA
905,2030,0,0,0,NA
905,2035,0,0,0,NA
905,2040,0,0,0,NA
905,2045,0,0,0,NA
905,2050,0,0,0,NA
905,2055,0,0,0,NA
905,2060,0,0,0,NA
905,2065,0,0,0,NA
905,2070,0,0,0,NA
905,2075,0,0,0,NA
905,2080,0,0,0,NA
905,2085,0,0,0,NA
905,2090,0,0,0,NA
905,2095,0,0,0,NA
909,2010,0,0,0,NA
909,2015,0,0,0,NA
909,2020,0,0,0,NA
909,2025,0,0,0,NA
909,2030,0,0,0,NA
909,2035,0,0,0,NA
909,2040,0,0,0,NA
909,2045,0,0,0,NA
909,2050,0,0,0,NA
909,2055,0,0,0,NA
909,2060,0,0,0,NA
909,2065,0,0,0,NA
909,2070,0,0,0,NA
909,2075,0,0,0,NA
909,2080,0,0,0,NA
909,2085,0,0,0,NA
909,2090,0,0,0,NA
909,2095,0,0,0,NA
